OBJECTID,LAND,BEZ,LOR,LOR_ab_2021,UJAHR,UMONAT,USTUNDE,UWOCHENTAG,UKATEGORIE,UART,UTYP1,ULICHTVERH,IstRad,IstPKW,IstFuss,IstKrad,IstGkfz,IstSonstige,USTRZUSTAND,LINREFX,LINREFY,XGCSWGS84,YGCSWGS84
5214,11,7,7040403,7400824,2020,6,11,3,3,5,3,0,1,0,0,0,0,1,0,797861,462,5821608,932
5215,11,12,12231101,12400723,2020,4,11,2,3,5,3,0,1,1,0,0,0,0,0,792115,6621,5837980,951
5216,11,7,7020202,7200308,2020,9,9,2,2,0,2,0,1,0,0,0,0,1,0,795233,6302,5823511,61
5217,11,3,3010102,3100103,2020,12,14,4,3,2,6,0,0,0,0,0,1,1,1,804544,2398,5839617,204
5218,11,2,2020201,2200207,2020,8,14,3,3,0,3,0,1,0,0,1,0,0,0,797140,3808,5825591,659
5219,11,4,4051551,4501148,2020,6,16,5,3,2,6,0,0,1,0,1,0,0,0,792860,2401,5823151,839
5221,11,4,4020314,4200311,2020,4,7,2,3,2,6,0,0,1,0,0,1,0,0,790456,4591,5825311,8
5222,11,2,2050602,2500727,2020,11,15,2,3,5,2,0,1,1,0,0,0,0,0,802125,1005,5828061,45
5223,11,1,1011202,1100206,2020,9,23,2,2,9,1,2,0,1,0,0,0,0,0,797618,4672,5827596,311
5224,11,7,7040403,7400824,2020,8,18,7,3,1,5,0,0,1,0,0,0,1,0,797845,8602,5822072,498
5225,11,4,4030622,4300621,2020,4,15,2,3,3,6,0,1,0,0,0,0,0,0,791898,5128,5826622,168
5226,11,2,2020203,2200209,2020,10,6,5,3,0,6,2,0,0,0,1,0,1,1,797808,569,5824831,829
5227,11,3,3040513,3400620,2020,8,19,3,3,5,2,0,0,1,0,0,0,1,0,798031,9282,5833762,167
5228,11,6,6010209,6100209,2020,7,0,3,3,8,1,2,0,1,0,0,0,0,0,794278,587,5821475,235
5229,11,12,12214125,12200414,2020,6,17,5,3,2,6,0,0,1,0,0,0,0,1,791679,3406,5830979,923
5230,11,7,7040403,7400824,2020,11,0,4,3,5,2,2,0,1,0,0,0,0,0,797848,78,5822303,232
5231,11,1,1011204,1100207,2020,4,15,2,3,2,6,0,0,1,0,0,0,0,0,798767,4221,5827151,987
5232,11,1,1011303,1100310,2020,9,8,5,3,2,6,0,0,1,0,1,0,0,0,799104,8333,5827634,873
5233,11,7,7070706,7601547,2020,11,7,2,3,6,3,0,0,1,1,0,0,0,0,800643,4645,5812139,258
5234,11,2,2050602,2500727,2020,6,1,7,3,0,1,2,1,0,0,0,0,0,1,802180,849,5827729,145
5235,11,8,8010510,8100521,2020,4,15,7,2,0,1,0,0,0,0,1,0,0,0,802416,68,5821956,132
5236,11,7,7030303,7300619,2020,9,14,4,2,5,3,0,0,1,0,0,0,1,0,795630,8869,5823222,743
5237,11,3,3061332,3601348,2020,7,20,5,3,5,2,1,1,1,0,0,0,0,0,799888,6943,5830243,131
5238,11,2,2050801,2500830,2020,4,11,7,3,0,7,0,1,0,1,0,0,0,0,802128,7444,5827620,652
5239,11,10,10010204,10100206,2020,10,12,4,3,5,3,0,0,1,0,0,0,1,1,808904,158,5833413,882
5240,11,4,4041134,4400726,2020,12,0,6,3,9,1,2,0,1,0,0,0,0,0,791096,3732,5824656,279
5241,11,2,2010101,2100101,2020,8,8,5,3,5,2,0,1,1,0,0,0,0,0,797029,1577,5825878,536
5242,11,3,3020209,3200206,2020,7,17,3,3,5,2,0,1,1,0,0,0,0,0,798222,842,5834733,439
5243,11,10,10010309,10100312,2020,5,9,7,3,5,3,0,1,1,0,0,0,0,0,807669,2171,5829997,589
5244,11,2,2020202,2200208,2020,10,14,3,3,0,1,0,1,0,0,0,0,0,1,797796,3316,5825468,817
5245,11,3,3051017,3501037,2020,4,12,6,3,2,6,0,0,1,0,0,0,0,0,802854,35,5833028,576
5246,11,4,4041133,4400725,2020,9,18,1,3,2,6,0,0,1,0,0,0,0,0,790519,154,5825242,498
5247,11,3,3061131,3601142,2020,11,13,2,2,5,3,0,0,1,0,1,0,0,0,799141,7723,5830376,508
5248,11,3,3040614,3400723,2020,5,18,1,2,0,1,0,0,0,0,1,0,0,1,798543,1421,5833170,761
5249,11,9,9010101,9100101,2020,8,15,5,3,0,1,0,1,0,0,0,0,0,0,802742,6708,5825316,786
5250,11,12,12231101,12400723,2020,6,15,6,3,5,7,0,0,0,0,1,0,1,0,791911,3178,5838900,27
5251,11,2,2020203,2200209,2020,4,11,5,3,3,6,0,1,0,0,0,1,0,0,797762,8627,5824066,651
5252,11,2,2050803,2500835,2020,10,16,6,3,2,7,0,0,1,0,0,0,1,0,802466,4,5825981,85
5253,11,2,2050802,2500834,2020,12,17,3,3,1,5,2,1,1,0,0,0,0,0,802006,6651,5827032,411
5254,11,4,4041133,4400725,2020,8,14,1,3,0,6,0,0,1,0,1,0,0,0,790536,2988,5825180,94
5255,11,9,9010101,9100101,2020,6,10,3,3,5,2,0,0,1,0,1,0,0,0,802683,1852,5825207,128
5256,11,3,3061332,3701657,2020,3,5,3,2,6,2,2,0,1,1,0,0,0,1,799997,3959,5830192,605
5257,11,4,4030417,4300414,2020,10,7,4,3,3,6,0,0,1,0,1,0,0,1,791680,488,5826563,967
5259,11,1,1022202,1200624,2020,3,12,3,3,2,6,0,0,1,0,0,0,1,0,795884,5283,5829550,771
5260,11,11,11030721,11300724,2020,9,15,2,3,5,3,0,1,1,0,0,0,0,0,804510,5505,5827505,12
5261,11,3,3061126,3601141,2020,11,11,7,3,3,6,0,1,1,0,0,0,0,0,799209,4132,5831663,24
5262,11,12,12103219,12100204,2020,9,16,6,2,5,3,0,1,1,0,0,0,0,0,795751,6918,5832690,776
5263,11,4,4010101,4100101,2020,3,12,3,3,2,6,0,0,1,0,0,0,0,0,790675,6816,5828835,548
5264,11,6,6040703,6400737,2020,5,12,7,2,0,7,0,0,1,0,0,0,0,0,787007,2973,5820599,843
5265,11,3,3061332,3701657,2020,8,1,7,3,2,2,2,0,1,0,0,0,1,0,800004,984,5830217,76
5266,11,9,9010401,9100407,2020,7,22,3,2,2,6,2,0,1,0,0,0,0,0,805380,4819,5819038,13
5267,11,5,5020524,5200528,2020,6,11,2,3,2,6,0,0,1,0,0,0,1,0,783507,4181,5826703,455
5268,11,9,9020601,9200613,2020,3,19,2,3,5,3,2,1,1,0,0,0,0,0,806600,7737,5821135,5
5269,11,1,1044201,1401044,2020,9,19,7,3,2,6,1,0,1,0,0,0,0,1,796161,5049,5831072,384
5270,11,1,1044201,1401044,2020,12,15,2,3,0,2,1,0,1,0,1,0,0,1,796044,7175,5831345,272
5271,11,7,7070701,7601442,2020,6,15,4,3,3,6,0,0,1,0,1,0,0,0,799658,6114,5815335,163
5273,11,3,3020209,3200206,2020,3,9,2,3,2,6,0,0,1,0,0,0,0,0,798208,5725,5834728,532
5274,11,4,4041134,4400726,2020,11,14,6,3,2,6,0,0,1,0,0,0,0,0,790767,48,5824834,789
5275,11,11,11041027,11401034,2020,9,17,7,3,9,1,0,0,1,0,0,0,0,0,807075,478,5827400,608
5276,11,6,6030503,6300527,2020,7,23,5,2,5,3,2,0,1,0,0,0,0,0,790291,3535,5818366,527
5277,11,6,6040701,6400735,2020,3,16,7,3,0,4,0,0,0,1,1,0,0,0,784026,782,5815892,53
5278,11,7,7040401,7400721,2020,10,14,2,2,5,3,0,0,1,0,1,0,0,0,797778,9057,5823470,168
5279,11,3,3061131,3601142,2020,8,13,2,3,2,6,0,1,1,0,0,0,0,0,799177,6707,5830361,824
5280,11,1,1044102,1400940,2020,7,1,1,2,2,3,2,0,1,0,0,0,0,0,795880,291,5832052,49
5281,11,2,2040503,2400522,2020,6,19,3,3,3,6,0,1,1,0,0,0,0,0,801579,7252,5827805,816
5282,11,7,7050502,7501133,2020,11,17,1,3,5,2,2,0,1,0,0,0,0,1,798467,8761,5818152,713
5283,11,9,9010102,9100101,2020,3,13,7,3,2,6,0,1,1,0,0,0,0,0,803920,4879,5824654,232
5284,11,3,3061434,3601451,2020,9,14,3,3,9,1,0,0,0,0,0,0,1,0,800806,2764,5829792,692
5285,11,6,6040701,6400735,2020,11,16,7,3,2,6,2,0,1,0,0,0,0,0,782392,588,5815749,774
5286,11,2,2050602,2500728,2020,6,14,5,2,2,6,0,0,1,0,0,0,0,0,802933,6262,5827650,548
5287,11,10,10040933,10400940,2020,3,18,7,3,5,2,1,0,1,0,0,0,0,0,812048,4426,5827139,696
5288,11,7,7060601,7601236,2020,8,16,2,3,6,4,0,0,1,1,0,0,0,1,797215,3278,5817174,839
5289,11,3,3061131,3601142,2020,7,11,4,3,6,4,0,1,1,1,0,0,0,0,799163,4941,5830565,571
5290,11,2,2050602,2500727,2020,6,11,4,3,0,3,0,1,0,0,0,0,1,0,802149,1902,5827728,655
5291,11,3,3061131,3601142,2020,6,12,4,3,2,6,0,0,1,0,0,0,0,0,799174,598,5830362,789
5293,11,1,1011304,1100311,2020,3,14,6,3,3,6,0,0,1,0,1,0,0,0,799858,6185,5828166,59
5294,11,10,10030727,10300734,2020,11,10,2,3,2,6,0,0,1,0,0,0,0,0,809849,5993,5827249,31
5295,11,6,6030503,6300526,2020,9,13,1,3,9,1,0,0,0,0,1,0,0,0,788294,3649,5817720,102
5296,11,2,3071638,3701659,2020,7,8,6,3,5,3,0,1,1,0,0,0,0,0,799862,8331,5828782,152
5297,11,4,4041134,4400726,2020,3,17,6,3,3,6,0,0,1,0,1,0,0,0,790871,7813,5824707,914
5298,11,4,4041134,4400726,2020,10,20,4,3,2,6,2,0,1,0,0,0,1,1,790910,4399,5824693,686
5299,11,2,2050602,2500727,2020,8,13,3,3,5,2,0,1,1,0,0,0,0,1,802179,6053,5827722,84
5300,11,10,10040933,10400940,2020,7,13,2,3,2,6,0,0,1,0,0,0,0,0,812598,975,5827182,681
5301,11,8,8020619,8200622,2020,6,18,4,3,2,6,0,0,1,0,0,0,0,0,802309,4444,5821931,695
5302,11,7,7050502,7501133,2020,11,14,2,3,5,7,0,0,1,0,0,0,1,0,797654,6569,5818647,831
5303,11,12,12231101,12400723,2020,3,15,6,3,5,3,0,0,1,0,1,0,0,0,792121,7674,5838481,4
5304,11,6,6030503,6300526,2020,9,12,4,3,3,6,0,0,1,0,1,0,0,0,788649,4123,5817850,76
5305,11,11,11030721,11300722,2020,11,0,7,3,2,6,2,1,0,0,0,0,0,0,804001,8185,5827542,207
5306,11,12,12103218,12100205,2020,6,14,6,3,6,4,0,1,0,1,0,0,0,0,794494,222,5834289,288
5307,11,4,4030622,4300621,2020,3,15,5,3,5,3,0,0,1,0,0,0,0,0,792270,8433,5826684,669
5308,11,7,7050502,7501133,2020,9,7,3,2,5,3,0,0,1,0,0,0,0,0,798153,95,5819054,333
5309,11,4,4030417,4300414,2020,7,12,5,3,6,4,0,1,0,1,0,0,0,0,791776,8435,5826601,761
5310,11,10,10010204,10100206,2020,3,19,5,2,5,2,2,0,1,0,0,0,0,0,809041,239,5833329,4
5311,11,1,1033203,1300836,2020,10,16,4,3,2,6,0,0,1,0,0,0,0,1,796215,8117,5830221,943
5312,11,2,2020202,2200208,2020,12,21,4,3,9,1,2,0,1,0,0,0,0,1,797836,4395,5824987,37
5313,11,10,10010308,10100311,2020,8,11,5,2,0,1,0,0,1,0,1,0,0,0,808063,4611,5827457,57
5314,11,12,12103219,12100204,2020,7,14,2,3,5,2,0,1,1,0,0,0,0,0,795562,8194,5833196,53
5315,11,2,2040703,2400625,2020,5,12,6,3,4,7,0,1,0,1,0,0,0,0,801814,3361,5826360,936
5316,11,7,7070701,7601442,2020,10,15,2,2,2,6,1,0,1,0,0,1,0,0,799399,7242,5815918,378
5318,11,3,3061332,3701657,2020,3,19,4,3,5,2,2,1,1,0,0,0,0,0,799993,8231,5830221,194
5319,11,9,9020601,9200613,2020,9,13,6,3,5,3,0,1,0,0,0,1,0,0,805460,8753,5822255,877
5320,11,3,3061429,3601449,2020,11,21,4,3,6,4,2,0,0,1,1,0,0,0,800953,2457,5830453,341
5321,11,7,7060601,7601236,2020,5,12,7,3,1,5,0,0,1,0,0,0,1,0,797126,1878,5816972,422
5322,11,1,1011102,1100102,2020,8,8,4,3,2,6,0,0,1,0,0,0,0,0,796899,627,5827451,313
5323,11,3,3071638,3701659,2020,6,8,6,3,5,3,0,1,1,0,0,0,0,0,800041,477,5828989,918
5324,11,6,6040703,6400737,2020,3,12,4,3,5,2,0,0,1,0,0,0,0,0,786511,831,5816926,317
5325,11,7,7040403,7400824,2020,10,14,5,3,2,6,0,0,1,0,0,0,0,0,797858,1501,5822115,414
5326,11,4,4041137,4400727,2020,12,14,3,3,2,6,0,0,1,0,0,0,0,0,791496,2073,5824409,816
5327,11,1,1011303,1100310,2020,8,20,7,3,5,3,0,1,1,0,0,0,0,0,799763,4005,5828629,872
5328,11,2,2050602,2500727,2020,6,11,2,3,5,2,0,1,1,0,0,0,0,0,802387,8967,5827706,299
5329,11,4,4030417,4300414,2020,3,18,3,2,0,1,1,1,0,0,0,0,0,0,791587,9172,5826548,558
5330,11,4,4020310,4200308,2020,10,19,3,3,2,6,2,0,1,0,0,0,0,0,790497,3028,5828505,81
5332,11,3,3061429,3601449,2020,3,16,3,3,2,6,0,0,1,0,0,1,0,0,800975,9466,5830489,534
5333,11,4,4010101,4100101,2020,9,18,1,3,2,6,0,0,1,0,0,0,0,0,791261,9065,5829862,537
5334,11,11,11010101,11100101,2020,11,8,6,3,5,2,0,1,0,0,0,1,0,0,803685,497,5835335,153
5335,11,1,1011104,1100104,2020,9,9,5,3,2,6,0,0,1,0,1,0,0,0,796157,6305,5825727,989
5336,11,10,10010204,10100206,2020,3,7,3,3,2,6,0,0,1,0,0,0,0,0,809048,162,5833349,62
5337,11,3,3071639,3701660,2020,5,10,7,3,6,4,0,0,1,1,0,0,0,0,800052,708,5829007,857
5338,11,8,8020619,8200622,2020,8,18,5,3,3,6,0,0,1,0,0,1,0,0,801929,6871,5821832,805
5339,11,1,1011303,1100310,2020,7,7,1,2,9,1,0,0,0,0,1,0,0,0,799359,9016,5827978,3
5340,11,4,4030621,4300620,2020,6,18,1,2,5,3,0,0,0,0,1,0,1,0,793992,8987,5826975,133
5341,11,6,6030503,6300527,2020,3,15,2,2,2,6,0,0,1,0,0,0,0,0,790584,4191,5818560,34
5342,11,3,3071639,3701660,2020,9,8,6,3,1,5,0,1,1,0,0,0,0,1,800436,1635,5829668,417
5343,11,9,9010101,9100101,2020,12,14,1,3,2,6,0,0,1,0,0,0,0,0,802852,4094,5825454,129
5344,11,1,1011104,1100104,2020,6,12,4,3,0,6,0,0,0,0,1,0,1,0,796123,7781,5825652,998
5346,11,4,4030417,4300414,2020,3,13,2,3,0,2,0,1,1,0,0,0,0,0,791231,7103,5826510,527
5347,11,1,1011303,1100310,2020,9,13,7,3,5,2,0,1,1,0,0,0,0,0,799762,4411,5828628,19
5348,11,7,7050502,7501133,2020,7,11,4,3,2,6,0,0,1,0,0,0,1,0,798192,196,5818900,192
5349,11,12,12103218,12100205,2020,3,17,1,3,5,3,0,0,1,0,0,0,0,0,794559,3062,5833815,4
5350,11,2,2040701,2400521,2020,10,20,7,3,5,3,2,1,1,0,0,0,0,0,800962,234,5827853,92
5351,11,10,10040933,10400941,2020,8,8,2,3,5,7,0,0,1,0,0,0,0,0,813220,2686,5827192,26
5352,11,12,12103219,12100204,2020,7,14,6,2,5,2,0,1,1,0,0,0,0,1,795766,232,5832695,668
5353,11,7,7040403,7400825,2020,6,10,3,3,5,2,0,1,0,0,0,0,1,0,797880,3873,5820449,327
5354,11,4,4030417,4300414,2020,10,19,6,3,6,2,2,0,1,1,0,0,0,1,791028,4986,5826477,264
5355,11,11,11041027,11401034,2020,3,17,7,2,2,6,0,0,1,0,0,0,0,0,807427,3188,5827459,832
5356,11,2,2050602,2500728,2020,9,16,3,3,2,6,0,0,1,0,0,0,0,0,802784,2877,5827666,38
5357,11,1,1044102,1400940,2020,11,9,5,3,5,2,0,1,1,0,0,0,0,1,795862,1071,5832067,4
5358,11,7,7040403,7400824,2020,6,7,4,2,5,2,0,0,1,0,0,0,1,0,797848,686,5822305,299
5359,11,4,4051656,4501151,2020,8,11,2,3,3,6,0,0,1,0,0,1,0,0,793763,182,5822988,615
5360,11,10,10040830,10400837,2020,6,17,3,3,0,2,0,1,1,0,0,0,0,0,811482,3167,5827127,436
5361,11,11,11030721,11300722,2020,3,10,6,3,2,6,0,0,1,0,0,0,0,0,803637,1323,5827577,823
5362,11,4,4061757,4200207,2020,10,18,2,2,2,6,1,0,1,0,0,0,0,1,787751,2652,5821756,58
5363,11,2,2010101,2100101,2020,12,17,7,3,5,3,2,1,1,0,0,0,0,1,797856,9888,5825503,342
5364,11,2,2050602,2500727,2020,8,0,3,3,5,3,2,0,0,0,1,0,1,0,802141,9378,5827763,599
5365,11,6,6040703,6400737,2020,7,15,6,3,2,7,0,1,1,0,0,0,0,0,786083,4569,5816689,736
5366,11,12,12103115,12100103,2020,5,13,3,2,5,2,0,0,1,0,0,0,0,0,795336,5269,5833744,859
5367,11,3,3061435,3601452,2020,10,19,1,3,2,6,2,0,1,0,0,0,0,0,801342,6352,5829335,751
5369,11,4,4030724,4300415,2020,3,16,4,3,2,6,0,0,1,0,0,0,0,0,790680,136,5826115,5
5370,11,3,3061126,3601141,2020,9,13,5,3,6,4,0,1,0,1,0,0,0,0,799215,2698,5831332,817
5371,11,12,12214422,12200310,2020,11,7,3,3,2,6,2,0,1,0,0,0,0,1,791725,8289,5833267,448
5372,11,4,4010101,4100101,2020,5,16,7,3,2,6,0,0,1,0,0,0,0,0,790678,9267,5828867,108
5373,11,5,5020629,5200634,2020,8,17,3,3,2,6,0,0,1,0,1,0,0,0,785242,341,5826252,871
5374,11,2,2010101,2100101,2020,6,8,4,3,0,1,0,1,0,0,0,0,0,0,797689,8588,5825559,76
5375,11,2,2050602,2500727,2020,5,9,5,3,0,2,0,0,1,0,1,0,0,0,802180,2986,5827726,355
5376,11,2,2040703,2400625,2020,3,20,4,3,3,6,2,1,0,0,0,0,0,0,801871,7092,5826518,22
5377,11,3,3071638,3701659,2020,9,6,4,3,5,2,1,1,1,0,0,0,0,0,800018,6726,5828992,582
5378,11,7,7060601,7601236,2020,12,18,6,3,2,5,2,0,1,0,0,0,1,0,796742,8711,5816080,7
5379,11,8,8010510,8100521,2020,8,15,4,3,2,6,0,0,0,0,0,0,1,0,802665,8989,5821711,32
5380,11,6,6030605,6300629,2020,6,18,7,3,1,1,0,1,1,0,0,0,0,0,791644,2145,5819189,791
5381,11,4,4020310,4200308,2020,3,16,4,3,2,6,0,0,1,0,0,0,0,0,790470,8588,5828475,319
5382,11,12,12103219,12100204,2020,10,13,3,3,2,6,0,0,1,0,0,0,0,0,795665,5678,5832925,98
5383,11,7,7030303,7300619,2020,12,12,3,3,5,3,0,1,1,0,0,0,0,1,795625,117,5823228,937
5384,11,7,7050502,7501133,2020,8,16,4,3,5,3,0,1,1,0,0,0,0,0,798254,5318,5818709,699
5385,11,6,6040701,6400735,2020,7,19,1,3,8,1,0,1,0,0,0,0,0,1,783513,9903,5816018,877
5386,11,3,3071633,3701657,2020,5,5,5,3,5,2,1,1,1,0,0,0,0,0,800294,4596,5830050,958
5387,11,4,4030623,4300622,2020,10,8,2,3,2,6,0,0,1,0,0,0,1,1,793395,5021,5826857,496
5389,11,7,7070703,7601544,2020,3,8,4,3,6,2,0,0,1,1,0,0,0,0,799954,5303,5813355,39
5390,11,4,4030622,4300621,2020,9,13,5,3,3,6,0,1,0,0,0,0,0,0,792136,1005,5826640,813
5391,11,1,1011105,1100102,2020,11,17,3,3,2,2,2,0,1,0,0,0,0,1,796683,7223,5826213,568
5392,11,5,5020629,5200634,2020,5,16,7,3,0,7,0,1,0,0,0,0,0,0,785119,3211,5826286,152
5393,11,6,6030605,6300629,2020,8,14,3,3,5,3,0,1,1,0,0,0,0,0,792817,1102,5820000,843
5394,11,3,3020209,3200206,2020,6,18,5,3,5,5,0,0,1,0,1,0,0,1,798052,947,5834056,436
5395,11,2,2050803,2500835,2020,5,18,5,3,0,3,0,1,0,0,0,0,1,0,802891,5189,5825793,621
5396,11,3,3061332,3701657,2020,3,15,3,3,5,2,0,0,1,0,0,0,1,0,799985,4857,5830223,66
5397,11,7,7040403,7400824,2020,10,5,5,2,5,2,2,0,1,0,1,0,0,0,797832,147,5822304,915
5398,11,6,6040703,6400737,2020,12,5,7,3,3,6,2,0,1,0,0,0,0,0,785987,4972,5819138,193
5399,11,4,4020314,4200311,2020,8,17,5,3,2,6,0,0,1,0,0,0,0,0,790516,8416,5825626,18
5400,11,12,12103218,12100205,2020,6,13,1,3,0,1,0,0,0,0,1,0,0,1,794558,8443,5833836,157
5401,11,7,7070701,7601442,2020,3,18,3,2,5,7,1,0,1,0,1,0,0,0,799188,5199,5816482,563
5402,11,12,12103117,12100101,2020,10,16,2,3,0,3,0,0,1,0,1,0,0,0,795798,2838,5832425,552
5404,11,6,6040703,6400737,2020,3,16,3,2,0,1,0,1,0,0,0,0,0,0,786755,8688,5817035,522
5405,11,7,7020202,7200308,2020,11,14,5,3,6,4,0,1,0,1,0,0,0,0,795225,438,5823516,568
5406,11,1,1011303,1100310,2020,9,10,4,3,3,6,0,1,1,0,0,0,0,0,799363,1747,5828007,154
5407,11,4,4041133,4400725,2020,3,9,3,3,5,3,0,0,1,0,0,1,0,0,790655,6435,5825027,395
5408,11,4,4020311,4200310,2020,10,16,7,3,2,6,0,0,1,0,0,0,0,0,789032,204,5826140,458
5409,11,2,2040503,2400522,2020,8,14,5,3,2,6,0,0,1,0,0,0,0,0,801634,2608,5827784,223
5410,11,6,6030503,6300527,2020,7,16,6,3,2,6,0,0,1,0,0,0,1,1,790177,3122,5818303,864
5411,11,7,7070701,7601442,2020,6,8,6,3,2,6,0,0,1,0,0,0,0,0,799225,4524,5816338,779
5412,11,4,4030416,4300413,2020,3,5,3,3,2,6,1,0,1,0,0,0,0,0,790817,5152,5826888,55
5413,11,7,7020203,7200411,2020,9,17,5,2,2,6,0,0,1,0,0,0,0,0,795925,4475,5824398,251
5414,11,7,7040406,7400928,2020,12,16,6,3,2,6,2,0,1,0,0,0,0,0,799851,1849,5821460,522
5415,11,1,1033203,1300836,2020,6,17,3,3,2,6,0,0,1,0,0,0,0,0,796196,345,5830204,339
5417,11,4,4030622,4300621,2020,3,14,3,3,5,2,0,1,1,0,0,0,0,0,792758,6973,5826766,759
5418,11,4,4030417,4300414,2020,9,9,6,3,0,6,0,0,1,0,1,0,0,1,791443,1333,5826545,357
5419,11,3,3061131,3601142,2020,7,23,2,2,1,5,2,1,1,0,0,0,0,1,799164,7186,5830455,2
5420,11,2,2040503,2400522,2020,3,12,2,3,2,6,0,0,1,0,0,0,0,0,802020,3683,5827761,395
5421,11,2,2040703,2400625,2020,10,19,6,3,6,7,2,1,0,1,0,0,0,1,801874,6782,5826527,725
5422,11,3,3040818,3400826,2020,12,11,5,2,5,3,0,0,1,0,0,0,1,0,799049,284,5832404,896
5423,11,1,1033203,1300836,2020,8,12,1,2,5,2,0,0,1,0,0,0,0,0,796187,1139,5830196,959
5424,11,12,12103219,12100204,2020,7,17,5,2,0,6,0,0,0,0,1,0,1,1,795755,9863,5832667,488
5425,11,7,7050501,7501030,2020,5,16,2,3,5,2,0,0,1,0,0,0,0,1,797948,1958,5820051,818
5426,11,7,7040403,7400824,2020,6,16,2,3,3,2,0,0,1,0,1,0,0,0,797829,5236,5822365,307
5427,11,9,9010301,9100305,2020,10,9,5,3,0,1,0,1,1,0,0,0,0,1,805162,7091,5822576,49
5428,11,7,7050506,7501135,2020,3,11,2,2,2,6,0,0,1,0,1,0,0,0,798768,3728,5817492,3
5429,11,4,4051656,4501151,2020,9,9,2,3,2,6,0,0,1,0,0,0,0,0,793412,1195,5822974,432
5430,11,1,1033203,1300836,2020,11,19,4,3,2,6,2,0,1,0,0,0,0,0,796219,9323,5829952,71
5431,11,7,7050502,7501133,2020,6,12,4,3,0,2,0,1,1,0,0,0,0,0,798430,7914,5818242,896
5432,11,9,9020601,9200613,2020,8,15,7,3,1,5,0,1,0,0,0,0,1,0,806343,7355,5821386,349
5433,11,12,12231101,12400723,2020,6,7,3,3,5,2,0,0,1,0,1,0,0,0,791798,7421,5839360,805
5434,11,1,1011102,1100102,2020,3,18,2,3,2,6,2,0,1,0,0,0,0,0,794794,6074,5827097,579
5435,11,12,12103219,12100204,2020,10,18,2,2,0,1,2,0,0,0,1,0,0,1,795762,9844,5832709,67
5436,11,7,7050502,7501133,2020,12,7,6,3,1,5,1,0,1,0,0,0,0,1,798246,3968,5818692,859
5437,11,6,6040703,6400737,2020,8,8,3,3,5,3,0,0,1,0,0,0,0,0,786183,8856,5816793,14
5438,11,12,12301205,12500928,2020,7,17,5,3,5,2,0,1,1,0,0,0,0,0,792370,672,5837738,954
5439,11,3,3061126,3601141,2020,10,19,6,3,5,2,2,1,1,0,0,0,0,1,799219,3103,5831429,53
5441,11,6,6030605,6300629,2020,3,13,2,3,3,6,0,1,0,0,0,0,0,0,792714,8746,5819930,24
5442,11,5,5020628,5200633,2020,9,9,4,3,2,6,0,0,1,0,0,0,0,0,784328,2519,5826498,107
5443,11,4,4020313,4200311,2020,11,6,2,2,6,4,1,0,1,1,0,0,0,1,790685,5264,5826403,201
5444,11,2,2040703,2400625,2020,5,14,7,3,6,7,0,1,0,1,0,0,0,0,801830,4663,5826400,33
5445,11,2,2050602,2500729,2020,8,8,2,2,6,7,0,1,0,1,0,0,0,0,803457,9122,5827597,199
5446,11,6,6040701,6400735,2020,6,18,4,3,5,2,0,1,1,0,0,0,0,0,782718,3493,5815827,749
5447,11,2,2050602,2500727,2020,5,23,4,3,5,2,2,1,1,0,0,0,0,0,802178,9333,5827719,434
5448,11,3,3061332,3601348,2020,3,17,1,3,0,4,1,0,0,1,0,0,1,0,799625,271,5830292,559
5449,11,12,4010101,4100101,2020,9,5,3,3,2,6,2,0,1,0,0,0,0,0,791565,2712,5830711,502
5450,11,9,9010101,9100101,2020,12,20,5,3,2,6,2,0,1,0,1,0,0,1,802683,7818,5825234,869
5451,11,3,3071638,3701659,2020,8,18,3,3,5,2,0,1,1,0,0,0,0,0,800046,9688,5828998,688
5452,11,7,7040402,7400822,2020,6,12,6,3,2,6,0,0,1,0,0,0,0,0,796532,158,5822536,615
5453,11,4,4041134,4400726,2020,10,13,7,3,2,6,0,0,1,0,0,0,0,0,790723,4039,5824939,208
5455,11,9,9010402,9100409,2020,3,16,1,3,2,6,0,0,1,0,1,0,0,0,806699,7592,5818276,797
5456,11,9,9010302,9100306,2020,11,5,4,2,0,6,2,0,1,0,1,0,0,0,802865,2233,5821342,539
5457,11,3,3061131,3601142,2020,9,15,2,3,3,6,0,1,1,0,0,0,0,0,799173,8358,5830797,374
5458,11,12,12103115,12100103,2020,8,12,1,3,5,2,0,0,1,0,1,0,0,1,795336,5269,5833744,859
5459,11,9,9010101,9100101,2020,3,15,1,3,3,6,0,0,1,0,0,0,0,0,802580,269,5825073,445
5460,11,4,4020313,4200311,2020,10,19,5,3,2,6,2,0,1,0,0,0,0,1,790500,97,5826372,339
5461,11,7,7040403,7400825,2020,8,11,4,3,1,5,0,1,1,0,0,0,0,0,797811,4113,5821000,893
5462,11,3,3061429,3601449,2020,7,15,3,3,5,2,0,1,1,0,0,0,0,0,801540,6894,5831165,736
5463,11,12,12302212,12601032,2020,5,15,2,3,2,6,0,0,1,0,1,0,0,1,792775,206,5837356,278
5464,11,3,3071639,3701660,2020,6,14,5,3,2,6,0,1,1,0,0,0,0,0,800231,1892,5829293,15
5465,11,9,9010201,9100202,2020,11,12,4,3,3,6,0,1,0,0,0,0,0,0,802926,702,5824730,496
5466,11,12,12103218,12100205,2020,3,18,1,3,5,2,2,0,1,0,0,0,0,0,794559,2206,5833818,954
5467,11,10,10010207,10100210,2020,9,6,5,2,2,6,2,0,1,0,0,0,1,0,807853,1692,5830964,695