OBJECTID,LAND,BEZ,LOR,LOR_ab_2021,UJAHR,UMONAT,USTUNDE,UWOCHENTAG,UKATEGORIE,UART,UTYP1,ULICHTVERH,IstRad,IstPKW,IstFuss,IstKrad,IstGkfz,IstSonstige,USTRZUSTAND,LINREFX,LINREFY,XGCSWGS84,YGCSWGS84
5468,11,2,2040701,2400521,2020,11,9,2,3,6,4,0,1,1,1,0,0,0,0,800832,1188,5827883,871
5469,11,1,1011105,1100102,2020,6,12,1,3,5,3,0,0,1,0,0,0,0,0,796438,4076,5826319,87
5471,11,7,7040401,7400720,2020,3,16,7,3,2,6,0,0,1,0,0,0,0,0,797783,3196,5823714,98
5472,11,7,7040403,7400824,2020,9,21,4,3,6,2,2,0,1,1,0,0,0,0,797829,2129,5822371,157
5473,11,4,4020311,4200310,2020,7,7,6,3,3,6,0,1,0,0,0,0,1,0,789166,4265,5826160,368
5474,11,2,2020202,2200208,2020,3,17,6,3,2,6,0,0,1,0,0,0,0,0,797907,133,5825155,775
5475,11,8,8020620,8200624,2020,10,17,5,3,2,6,1,0,1,0,0,0,0,1,801014,9199,5821648,618
5476,11,7,7040406,7400928,2020,12,20,2,3,9,1,2,0,1,0,0,0,0,2,799978,2159,5821444,726
5477,11,4,4030417,4300414,2020,10,14,1,3,3,6,0,0,1,0,0,0,0,1,791328,3472,5826506,544
5479,11,7,7070701,7601442,2020,3,13,6,3,2,6,0,0,1,0,1,0,0,0,799195,6058,5816409,738
5480,11,3,3071633,3701657,2020,11,17,4,3,3,6,2,0,1,0,1,0,0,0,800009,6328,5830266,721
5481,11,1,1011104,1100104,2020,9,18,3,3,5,2,0,0,1,0,0,0,0,0,796423,3627,5826270,59
5482,11,1,1033203,1300836,2020,8,8,2,3,1,5,0,1,1,0,0,0,0,0,796270,8345,5830435,107
5483,11,10,10010204,10100206,2020,3,14,6,3,6,4,0,0,1,1,0,0,0,1,808799,6372,5833130,785
5484,11,6,6030503,6300527,2020,10,13,6,3,2,2,0,0,1,1,0,0,0,0,791054,4653,5818813,518
5485,11,4,4041134,4400726,2020,8,17,4,3,2,6,0,0,1,0,0,0,1,0,790745,243,5824901,428
5486,11,1,1011201,1100205,2020,7,18,4,3,0,1,0,0,0,0,1,0,0,1,797086,3099,5826738,563
5487,11,4,4030623,4300622,2020,5,14,2,2,0,7,0,1,0,0,0,0,0,1,793135,518,5826836,391
5488,11,6,6040701,6400735,2020,6,14,6,3,5,3,0,0,1,0,0,0,0,0,782482,1336,5815771,194
5489,11,4,4020209,4200206,2020,3,12,5,3,2,6,0,0,1,0,0,0,0,0,788986,6656,5826133,685
5490,11,12,12231102,12400721,2020,9,15,5,3,2,6,0,0,1,0,0,0,0,0,791305,7933,5840659,981
5491,11,4,4030417,4300414,2020,12,18,3,2,5,2,2,0,1,0,0,0,0,0,791024,9246,5826458,23
5492,11,10,10010308,10100311,2020,6,14,2,3,2,6,0,0,1,0,1,0,0,0,808327,882,5828003,616
5494,11,7,7040403,7400825,2020,3,12,5,3,0,6,0,0,1,0,1,0,0,1,797826,786,5820683,716
5495,11,7,7020203,7200411,2020,9,21,5,3,1,5,1,1,1,0,0,0,0,0,795808,487,5824189,1
5496,11,4,4061757,4200207,2020,7,12,7,3,2,6,0,0,1,0,0,0,1,0,787945,9115,5822004,643
5497,11,1,1044102,1400940,2020,3,10,5,3,5,3,0,0,1,0,0,0,0,1,795878,8312,5832058,483
5498,11,7,7070703,7601544,2020,10,16,5,3,1,7,0,0,1,0,0,0,0,1,799806,607,5813854,206
5499,11,9,9010202,9100203,2020,12,13,4,3,5,3,0,0,1,0,0,0,1,0,804103,2535,5824372,42
5500,11,2,2050602,2500727,2020,5,19,7,3,0,1,0,1,0,0,0,0,0,0,802176,46,5827751,82
5501,11,7,7040403,7400825,2020,8,21,7,3,2,6,2,0,1,0,0,0,0,0,797844,7499,5820661,628
5502,11,7,7030303,7300619,2020,7,9,5,3,5,3,0,0,1,0,0,0,0,0,795631,6944,5823221,925
5503,11,4,4020208,4200206,2020,6,17,2,3,2,6,0,0,1,0,0,0,0,0,787256,6821,5825854,379
5504,11,4,4030417,4300414,2020,10,8,4,3,2,6,0,0,1,0,0,0,1,0,791700,6676,5826567,415
5505,11,7,7040401,7400721,2020,3,10,5,3,2,6,0,0,1,0,0,0,1,1,797789,1214,5823244,72
5506,11,10,10030726,10300733,2020,9,16,2,3,5,2,0,1,1,0,0,0,0,0,809513,506,5827403,925
5507,11,7,7010104,7100206,2020,11,9,3,3,2,6,0,0,1,0,0,0,0,0,796007,4182,5824837,654
5508,11,3,3020209,3200206,2020,5,19,6,3,2,6,0,0,1,0,0,0,0,0,797969,9236,5834306,93
5509,11,3,3061435,3601452,2020,8,18,7,3,1,5,0,1,1,0,0,0,0,0,801368,2701,5829260,241
5510,11,3,3061332,3601347,2020,6,9,1,3,2,6,0,0,1,0,0,0,0,0,799461,5338,5830323,525
5511,11,3,3061332,3701657,2020,3,15,4,3,2,6,0,1,1,0,0,0,0,0,799998,5546,5830219,719
5512,11,4,4030724,4300415,2020,10,16,7,3,3,6,0,0,1,0,0,1,0,0,790625,5804,5825848,612
5513,11,6,6030503,6300527,2020,12,16,5,3,5,2,2,0,1,0,0,0,1,0,790292,9051,5818367,486
5514,11,10,10010206,10100208,2020,8,14,3,3,2,6,0,0,1,0,0,0,0,0,808334,894,5832093,672
5515,11,10,10040830,10400837,2020,7,13,5,3,2,6,0,0,1,0,0,0,1,0,811381,1694,5827109,68
5516,11,3,3020209,3200205,2020,3,18,3,3,5,3,2,1,1,0,0,0,0,1,798167,8393,5835384,181
5517,11,4,4041133,4400725,2020,10,18,6,3,2,6,1,0,1,0,0,0,0,1,790560,974,5825169,64
5519,11,10,10040933,10400941,2020,3,17,3,3,5,2,1,0,1,0,0,0,0,1,813548,7558,5827159,583
5520,11,7,7040401,7400720,2020,9,17,4,3,2,6,0,0,1,0,1,0,0,0,797783,557,5823719,94
5521,11,5,5020524,5200528,2020,11,8,2,3,5,2,0,1,1,0,0,0,0,1,783510,927,5826706,657
5522,11,4,4041137,4400727,2020,9,12,7,3,2,6,0,0,1,0,0,0,0,0,791247,6753,5824610,264
5523,11,7,7040401,7400720,2020,5,12,6,3,2,6,0,0,1,0,0,0,0,0,797825,78,5822442,527
5524,11,2,3061435,3601452,2020,8,16,1,3,3,5,0,1,0,0,0,0,1,0,801637,9779,5828942,694
5525,11,7,7020203,7200411,2020,6,20,3,3,0,6,1,0,0,0,0,0,1,0,795933,7505,5824415,61
5526,11,3,3061429,3601449,2020,3,16,3,2,6,4,0,0,1,1,0,0,0,1,801369,8512,5831051,578
5527,11,7,7070701,7601442,2020,9,0,2,3,3,6,2,0,1,0,0,0,0,0,799782,117,5814110,482
5528,11,4,4030623,4300622,2020,12,15,4,3,3,6,0,0,1,0,0,0,0,1,793159,758,5826861,22
5529,11,6,6030503,6300527,2020,8,9,3,3,5,2,0,0,1,0,0,0,0,0,790293,3053,5818367,733
5530,11,12,12302212,12601032,2020,6,11,5,3,5,3,0,0,1,0,0,0,0,0,792805,6455,5837303,524
5532,11,3,3061332,3601347,2020,3,16,3,3,5,3,0,1,1,0,0,0,0,1,799553,6545,5830284,17
5533,11,4,4030417,4300414,2020,11,8,2,3,3,6,0,1,0,0,0,0,0,0,791526,2611,5826559,259
5534,11,1,1011105,1100102,2020,9,12,2,3,5,2,0,1,1,0,0,0,0,0,796419,84,5826326,476
5535,11,7,7040403,7400825,2020,8,12,7,3,0,6,0,0,1,0,1,0,0,0,797837,8884,5820703,184
5536,11,4,4020209,4200206,2020,3,16,3,2,6,4,0,0,0,1,1,0,0,1,788953,3224,5826128,228
5537,11,3,3040513,3400620,2020,10,16,4,3,3,6,0,1,1,0,0,0,0,1,798016,8751,5833737,496
5538,11,7,7070706,7601547,2020,8,10,3,3,2,6,0,0,1,0,0,0,0,0,800656,3005,5812092,5
5539,11,9,9010301,9100305,2020,7,13,2,3,5,3,0,1,1,0,0,0,0,0,805149,4068,5822567,237
5540,11,5,5020524,5200528,2020,5,14,2,3,5,2,0,1,1,0,0,0,0,0,783517,187,5826715,15
5541,11,1,1011105,1100102,2020,6,18,5,3,5,2,0,1,1,0,0,0,0,1,796451,853,5826452,307
5542,11,3,3071639,3701660,2020,11,14,3,3,1,5,0,1,0,0,0,0,1,0,800425,5667,5829651,444
5543,11,7,7040403,7400824,2020,3,13,3,3,2,6,0,0,1,0,0,0,1,1,797858,9136,5822101,444
5544,11,9,9010201,9100202,2020,9,16,4,3,0,6,0,0,1,0,0,0,1,0,803015,469,5824644,743
5545,11,7,7020203,7200410,2020,11,17,2,3,1,5,2,1,1,0,0,0,0,0,795571,2493,5823897,703
5546,11,4,4030417,4300414,2020,6,10,7,3,1,5,0,0,1,0,0,0,0,0,791813,8689,5826607,999
5547,11,2,2040503,2400522,2020,3,12,3,3,0,6,0,0,1,0,1,0,0,1,802046,139,5827741,9
5548,11,1,1033203,1300836,2020,9,9,4,3,5,2,0,1,1,0,0,0,0,0,796315,8491,5830076,52
5549,11,1,1044102,1400940,2020,7,16,5,3,0,2,0,0,1,0,1,0,0,0,795862,836,5832062,978
5550,11,10,10010207,10100210,2020,3,12,3,3,2,6,0,0,1,0,0,0,0,1,807952,3466,5831223,763
5551,11,1,1011105,1100102,2020,10,8,4,3,5,2,0,1,1,0,0,0,0,0,796902,524,5826694,82
5552,11,12,12103218,12100205,2020,12,13,5,3,0,2,0,0,1,0,1,0,0,1,794559,2539,5833804,455
5553,11,10,10040830,10400837,2020,8,16,5,2,5,3,0,1,1,0,0,0,0,0,810877,82,5827088,88
5554,11,6,6030503,6300526,2020,7,20,2,2,6,2,0,1,0,1,0,0,0,1,789587,6602,5817958,761
5555,11,7,7050502,7501133,2020,5,16,6,3,2,2,0,0,1,0,1,0,0,0,797516,481,5818155,24
5556,11,1,1011304,1100311,2020,10,8,3,3,3,6,0,1,1,0,1,0,0,0,799823,7859,5828181,646
5557,11,4,4020313,4200311,2020,3,16,2,2,3,6,0,0,1,0,1,0,0,0,790707,8971,5826371,2
5558,11,7,7040401,7400721,2020,9,17,7,3,2,6,0,0,1,0,0,0,0,0,797815,3885,5822676,145
5559,11,3,3071633,3701657,2020,11,11,6,3,5,3,0,1,1,0,0,0,0,0,800278,4118,5830087,399
5560,11,9,9020601,9200613,2020,5,13,5,2,3,6,0,0,0,0,1,0,1,0,806754,377,5820985,214
5561,11,7,7050502,7501133,2020,8,14,5,3,5,3,0,0,1,0,1,0,0,0,797545,3729,5818283,287
5562,11,3,3061429,3601449,2020,6,13,6,3,2,6,0,0,0,0,0,1,0,0,801343,6804,5831029,214
5563,11,3,3040818,3400831,2020,3,16,2,3,5,3,0,1,1,0,0,0,0,1,800067,642,5833958,523
5564,11,2,2050602,2500727,2020,10,12,6,3,5,2,0,1,1,0,0,0,0,0,802117,4446,5828026,557
5565,11,7,7020202,7200308,2020,12,15,3,3,2,6,1,0,1,0,0,0,0,0,794669,1279,5823126,751
5566,11,7,7010104,7100205,2020,8,17,1,3,2,6,0,0,1,0,0,0,0,0,796070,4383,5825469,379
5567,11,7,7030303,7300619,2020,6,23,2,2,9,1,2,0,1,0,0,0,0,0,795017,9933,5823088,559
5568,11,7,7020202,7200308,2020,3,10,2,3,5,2,0,1,0,0,0,0,1,1,795242,545,5823528,474
5569,11,9,9010101,9100101,2020,10,10,4,3,2,6,0,0,1,0,0,0,1,1,802729,1127,5825297,927
5571,11,1,1011104,1100104,2020,3,7,2,3,6,4,0,0,0,1,0,0,1,1,796395,2302,5826242,27
5572,11,1,1044102,1400940,2020,9,13,2,3,5,3,0,1,1,0,0,0,0,0,795861,683,5832069,404
5573,11,2,2050602,2500727,2020,11,12,6,3,5,2,0,1,0,0,0,0,1,0,802149,607,5827726,81
5574,11,1,1011202,1100206,2020,9,10,6,3,2,6,0,1,0,0,0,0,1,0,797242,7973,5827533,442
5575,11,1,1011102,1100102,2020,8,18,6,3,3,6,0,1,0,0,0,0,1,0,796074,7495,5827327,104
5576,11,1,1044201,1401044,2020,7,22,3,3,2,3,2,0,1,0,0,0,0,1,796086,3468,5831247,219
5577,11,2,2040701,2400521,2020,5,17,7,3,2,6,0,0,1,0,0,0,0,0,800349,3276,5827946,943
5578,11,9,9010302,9100306,2020,10,7,3,3,2,6,0,0,1,0,0,0,1,0,803136,19,5820817,443
5579,11,4,4020311,4200310,2020,3,3,1,2,0,1,2,0,0,0,1,0,0,1,789769,5318,5826257,45
5580,11,4,4041137,4400727,2020,9,15,1,3,2,6,0,0,1,0,0,0,0,0,791783,272,5824152,625
5581,11,3,3020209,3200205,2020,11,10,2,3,5,2,0,1,1,0,0,0,0,0,798114,2865,5835771,823
5582,11,3,3061332,3701657,2020,5,18,5,3,5,2,0,1,1,0,0,0,0,0,799974,1977,5830201,231
5583,11,7,7050501,7501030,2020,8,18,5,3,5,3,0,0,1,0,1,0,0,0,798086,1076,5819271,889
5584,11,2,2050602,2500729,2020,6,12,7,3,3,1,0,0,1,0,1,0,0,0,803541,9216,5827603,491
5585,11,1,1011303,1100310,2020,3,14,7,3,3,2,0,0,1,0,0,0,1,0,799803,9741,5828631,37
5586,11,4,4020310,4200308,2020,10,19,6,3,2,6,2,0,1,0,0,0,0,0,790464,5729,5828404,441
5587,11,4,4030416,4300413,2020,12,11,5,3,2,6,0,0,1,0,0,0,0,0,790840,2962,5826796,616
5588,11,3,3061126,3601139,2020,8,9,2,2,5,2,0,1,1,0,0,0,0,0,799238,2341,5831933,914
5589,11,3,3071633,3701657,2020,7,0,4,1,9,1,2,0,0,0,1,0,0,0,800009,324,5830186,996
5590,11,3,3071639,3701660,2020,3,1,7,3,2,2,2,1,1,0,0,0,0,1,800310,1381,5829419,15
5591,11,4,4041133,4400725,2020,10,16,5,3,2,6,0,0,1,0,0,0,0,0,790606,6129,5825064,144
5593,11,12,12302211,12601031,2020,3,18,6,3,2,6,2,0,1,0,0,0,0,1,792887,7309,5837158,136
5594,11,10,10040933,10400941,2020,9,15,3,3,2,6,0,0,1,0,1,0,0,0,813799,7014,5827127,923
5595,11,12,12231101,12400723,2020,11,14,1,3,2,7,0,0,1,0,0,0,1,0,791839,18,5839194,928
5596,11,1,1044201,1401044,2020,9,17,6,3,2,6,0,0,1,0,1,0,0,0,796212,4666,5830866,103
5597,11,1,1011303,1100310,2020,5,18,5,3,2,6,0,0,1,0,1,0,0,0,799764,147,5828631,181
5598,11,1,1011104,1100104,2020,8,11,7,3,0,2,0,0,1,0,1,0,0,1,796213,8893,5825852,223
5599,11,4,4020313,4200311,2020,7,18,3,3,6,7,0,0,0,1,0,0,1,0,790549,4766,5826380,634
5600,11,4,4020209,4200207,2020,6,10,3,3,3,6,0,0,1,0,0,1,0,0,789357,6086,5824194,509
5601,11,9,9020601,9200613,2020,3,17,6,3,5,3,1,1,1,0,0,0,0,1,805589,1525,5822144,357
5602,11,4,4041134,4400726,2020,9,21,7,3,9,1,2,0,1,0,0,0,0,1,791198,3971,5824644,553
5603,11,4,4061757,4200207,2020,12,8,2,3,0,6,0,0,1,0,0,0,0,0,787873,4177,5821897,816
5604,11,2,2040703,2400625,2020,6,8,4,2,6,4,0,1,0,1,0,0,0,0,801874,5708,5826527,374
5606,11,6,6030503,6300527,2020,3,15,6,3,8,1,0,1,1,0,0,0,0,1,790280,8148,5818381,892
5607,11,9,9010202,9100203,2020,11,8,2,3,5,3,0,1,0,0,0,1,0,0,804105,5735,5824365,915
5608,11,1,1011102,1100102,2020,9,23,7,2,0,1,2,0,0,0,0,0,1,0,795620,523,5827239,519
5609,11,6,6040703,6400737,2020,7,17,6,2,0,1,0,1,0,0,0,0,0,0,784996,3911,5815991,142
5610,11,4,4041134,4400726,2020,3,15,6,3,2,6,0,0,1,0,0,0,0,1,790770,5685,5824853,761
5611,11,7,7040403,7400824,2020,10,7,4,3,0,2,1,0,0,0,0,1,1,1,797848,686,5822305,299
5612,11,5,5040936,5400943,2020,8,16,3,3,5,3,0,0,1,0,0,0,0,0,780170,4869,5822272,31
5613,11,3,3061429,3601449,2020,7,2,1,3,0,1,2,0,0,0,0,0,1,0,801367,1037,5831018,875
5614,11,2,2050602,2500727,2020,5,12,2,3,0,6,0,0,1,0,1,0,0,1,802356,5394,5827726,981
5615,11,11,11040926,11400931,2020,6,16,4,2,3,6,0,0,1,0,1,0,0,0,806313,1021,5827339,894
5616,11,2,2040703,2400625,2020,11,10,2,3,0,1,0,1,0,0,0,0,0,0,801865,329,5826496,847
5617,11,3,3040818,3400826,2020,3,8,6,3,5,2,0,1,1,0,0,0,0,1,799174,303,5832231,369
5618,11,12,12214422,12200310,2020,9,19,4,2,2,6,1,0,0,0,1,0,1,0,791971,5637,5832691,46
5619,11,2,2050601,2500726,2020,11,14,7,3,3,6,0,1,1,0,0,0,0,0,801660,3062,5828859,883
5620,11,4,4010101,4100101,2020,6,12,6,3,2,6,0,0,1,0,0,0,0,0,791007,484,5829084,203
5621,11,2,2050602,2500727,2020,3,14,6,3,5,2,0,1,0,0,0,0,1,1,802144,15,5827755,655
5622,11,9,9020601,9200613,2020,9,7,3,3,2,6,0,0,1,0,0,0,1,0,806295,2779,5821456,865
5623,11,4,4030623,4300622,2020,7,18,4,3,4,6,0,1,0,0,0,0,0,0,793202,9814,5826772,107
5624,11,2,2020202,2200208,2020,3,18,5,3,3,6,2,1,0,0,0,0,0,0,797886,4605,5825401,63
5625,11,4,4030417,4300414,2020,10,15,4,3,2,6,0,0,1,0,0,0,0,1,790805,5827,5826507,96
5626,11,1,1011303,1100310,2020,12,10,4,3,3,6,0,1,1,0,0,0,0,1,799313,2436,5827964,863
5627,11,1,1022202,1200624,2020,8,18,4,3,3,6,0,0,1,0,1,0,0,0,795929,6153,5829485,393
5628,11,6,6030503,6300526,2020,7,11,2,2,6,4,0,1,0,1,0,0,0,0,789552,9137,5817967,285
5629,11,12,12214125,12200414,2020,5,16,5,3,2,6,0,0,1,0,0,0,0,0,792050,1008,5831744,286
5630,11,2,2040503,2400522,2020,10,0,2,3,0,6,2,0,1,0,0,0,0,0,802025,4431,5827760,893
5632,11,3,3071638,3701659,2020,3,15,5,3,5,3,0,1,0,0,0,0,1,0,800023,9561,5828964,881
5633,11,3,3061429,3601449,2020,9,16,6,3,2,6,0,0,1,0,0,1,0,0,801345,489,5831030,383
5634,11,7,7040401,7400720,2020,11,18,4,3,5,2,2,1,1,0,0,0,0,0,797777,943,5823831,95
5635,11,4,4020208,4200206,2020,5,8,5,3,2,6,0,0,1,0,0,0,0,0,786093,7461,5826025,634
5636,11,12,12103115,12100103,2020,8,6,4,3,5,2,0,1,1,0,0,0,0,1,795339,7947,5833743,681
5637,11,3,3050925,3500936,2020,6,10,5,3,0,7,0,0,1,0,1,0,0,1,801924,5561,5831427,246
5638,11,9,9010101,9100101,2020,5,14,3,2,5,2,0,1,0,0,0,0,1,0,802664,8392,5825208,804
5639,11,2,2020202,2200208,2020,3,12,5,3,2,6,0,0,1,0,0,0,0,0,797901,105,5825142,671
5640,11,3,3020209,3200206,2020,10,8,5,3,5,3,0,1,1,0,0,0,0,0,798011,2647,5834153,517
5641,11,3,3050925,3500936,2020,12,13,2,3,3,6,0,1,0,0,0,1,0,1,801552,9247,5831176,24
5642,11,6,6040703,6400737,2020,8,17,6,3,2,6,0,0,1,0,0,0,0,0,785256,1018,5818066,998
5643,11,12,12103219,12100204,2020,6,14,2,3,6,4,0,1,0,1,0,0,0,0,795746,4534,5832719,182
5644,11,1,1044102,1400940,2020,3,11,5,2,5,3,0,0,1,0,1,0,0,0,795862,515,5832067,35
5645,11,4,4030417,4300414,2020,10,15,2,3,0,7,0,1,1,0,0,0,0,0,790854,655,5826430,304
5647,11,3,3040818,3400831,2020,3,9,5,3,5,3,0,1,1,0,0,0,0,0,800091,22,5834034,25
5648,11,2,2050602,2500727,2020,11,18,6,3,5,3,2,1,1,0,0,0,0,0,802118,835,5828030,345
5649,11,12,12214125,12200412,2020,9,20,5,3,3,6,1,0,1,0,0,1,0,0,791507,8786,5833717,459
5650,11,3,3061126,3601141,2020,3,9,5,3,5,3,0,1,0,0,0,0,0,0,799196,197,5831434,82
5651,11,3,3061429,3601449,2020,5,0,5,3,5,2,2,1,1,0,0,0,0,0,801324,399,5831012,737
5652,11,1,1011303,1100310,2020,8,18,5,3,5,2,0,1,1,0,0,0,0,0,799792,181,5828612,266
5653,11,5,5020629,5200634,2020,7,21,7,3,0,1,2,1,0,0,0,0,0,0,785966,6124,5826059,914
5654,11,4,4041137,4400727,2020,6,21,7,3,3,6,1,0,1,0,0,0,0,0,791858,7168,5824072,658
5655,11,7,7010104,7100205,2020,3,8,5,3,3,6,0,1,1,0,0,0,0,0,796060,853,5825418,411
5656,11,12,12301203,12500930,2020,9,5,5,2,5,3,2,0,1,0,1,0,0,0,794232,9129,5834767,472
5657,11,10,10010309,10100312,2020,12,12,7,3,5,7,0,0,1,0,0,0,0,0,807684,683,5829681,539
5658,11,4,4041134,4400726,2020,6,10,3,3,3,6,0,0,1,0,0,0,0,0,790822,2974,5824785,182
5660,11,4,4041133,4400725,2020,3,12,4,3,2,6,0,0,0,0,0,1,1,1,790488,6125,5825269,894
5661,11,1,1011102,1100102,2020,9,15,6,3,1,7,0,0,1,0,0,0,1,0,794486,1209,5827043,783
5662,11,9,9010202,9100203,2020,7,13,3,3,5,3,0,1,1,0,0,0,0,0,804106,561,5824366,79
5663,11,3,3061429,3601449,2020,3,9,4,3,5,2,0,0,1,0,0,0,1,0,801347,7155,5831002,472
5664,11,7,7040402,7400822,2020,10,17,6,3,2,6,0,0,1,0,0,0,0,0,796455,592,5822587,502
5665,11,7,7070701,7601442,2020,8,18,1,3,5,7,0,0,1,0,0,0,0,0,799153,4964,5816566,684
5666,11,9,9010101,9100101,2020,7,14,6,3,2,6,0,0,1,0,0,1,0,1,802662,1022,5824994,716
5667,11,10,10010308,10100311,2020,6,3,3,2,1,5,2,0,1,0,0,0,1,0,808050,9067,5827445,888
5668,11,7,7020203,7200411,2020,3,9,4,3,2,6,0,0,1,0,0,1,0,0,795893,2492,5824330,977
5669,11,1,1033203,1300836,2020,5,15,4,3,5,2,0,1,1,0,0,0,0,0,796198,7247,5830206,491
5670,11,7,7010104,7100206,2020,8,14,6,2,5,3,0,1,0,0,0,0,1,0,796008,4446,5824726,12
5671,11,1,1011105,1100102,2020,7,12,3,3,0,1,0,0,0,0,1,0,0,0,796577,6725,5826628,967
5672,11,2,2010101,2100101,2020,6,13,1,3,5,3,0,0,1,0,0,0,0,0,797854,8473,5825504,56
5673,11,12,12231101,12400723,2020,3,9,4,3,5,3,0,0,1,0,0,0,0,0,792179,9501,5838088,151
5674,11,7,7030303,7300619,2020,9,15,6,3,2,6,0,0,1,0,0,0,0,0,796232,1702,5822707,166
5675,11,7,7050501,7501030,2020,12,14,2,3,1,5,0,1,1,0,0,0,0,1,798098,4818,5819227,93
5676,11,7,7020202,7200308,2020,6,15,4,3,6,4,0,0,1,1,0,0,0,0,795225,438,5823516,568
5678,11,11,11030721,11300725,2020,3,8,4,2,1,7,0,1,0,0,1,0,0,0,804863,6127,5827469,36
5679,11,3,3061429,3601449,2020,11,13,5,2,6,4,0,0,1,1,0,0,0,0,801365,7419,5831048,66
5680,11,4,4010101,4100101,2020,9,16,7,2,2,6,0,0,1,0,0,0,0,0,790681,88,5828870,115
5681,11,2,2020202,2200208,2020,7,15,5,3,5,2,0,1,1,0,0,0,0,0,797897,2104,5825437,794
5682,11,4,4020313,4200311,2020,3,7,4,3,2,6,0,0,1,0,1,0,0,0,790499,7977,5826372,289
5683,11,10,10030726,10300733,2020,10,20,1,3,5,2,2,0,1,0,0,0,0,0,809503,564,5827391,216
5684,11,3,3050923,3500934,2020,8,10,2,2,3,6,0,0,0,0,1,1,0,0,800242,9227,5831997,698
5685,11,7,7070703,7601544,2020,7,14,7,3,5,7,0,1,1,0,0,0,0,0,799928,253,5813387,299
5686,11,2,2050602,2500727,2020,6,17,3,3,0,7,0,1,0,0,0,0,0,0,802563,675,5827704,648
5687,11,10,10010206,10100208,2020,10,18,7,3,0,1,2,1,0,0,0,0,0,1,808460,362,5832335,209
5688,11,12,12103219,12100204,2020,3,17,3,2,5,2,1,1,0,0,0,0,1,0,795751,2956,5832692,924
5689,11,7,7020203,7200411,2020,9,14,3,3,2,6,0,0,1,0,1,0,0,0,795824,5785,5824223,563
5690,11,4,4020310,4200308,2020,11,17,6,3,2,6,2,0,1,0,0,0,0,1,790555,6432,5827380,273
5691,11,11,11010101,11100101,2020,6,13,5,3,5,2,0,1,1,0,0,0,0,0,803725,4507,5834401,123
5692,11,9,9010201,9100202,2020,3,15,3,2,0,2,0,0,1,0,0,0,1,1,803109,8816,5824553,349
5693,11,7,7040401,7400720,2020,8,14,2,3,2,6,0,0,1,0,0,0,1,0,797775,658,5823858,7
5694,11,2,2050601,2500726,2020,7,9,4,3,6,7,0,1,0,1,0,0,0,0,801848,3807,5828541,84
5695,11,7,7020203,7200410,2020,6,19,3,3,1,5,0,1,1,0,0,0,0,0,795575,2156,5823901,77
5696,11,7,7050502,7501133,2020,3,5,2,3,6,2,2,0,1,1,0,0,0,1,798141,1925,5819049,892
5697,11,5,5040936,5400943,2020,10,14,3,3,5,2,0,1,1,0,0,0,0,0,780168,1478,5822271,364
5698,11,4,4041134,4400726,2020,12,15,3,3,2,6,0,0,1,0,0,1,0,1,791093,1573,5824642,745
5699,11,9,9020601,9200613,2020,8,18,4,3,2,6,0,1,0,0,0,0,0,0,806418,3763,5821331,871
5700,11,10,10010207,10100210,2020,7,8,1,3,5,3,0,1,0,0,0,0,1,0,808294,865,5832002,821
5701,11,2,2010101,2100101,2020,5,9,4,3,5,2,0,1,1,0,0,0,0,0,797296,3242,5825591,955
5702,11,7,7050501,7501029,2020,10,7,2,3,2,6,0,0,1,0,0,1,0,1,797715,1908,5818799,53
5704,11,11,11030721,11300722,2020,3,7,2,2,8,1,0,0,0,0,1,0,0,0,803769,7679,5827581,66
5705,11,4,4030623,4300622,2020,9,17,5,3,2,6,0,0,1,0,0,0,0,0,793298,5259,5826821,984
5706,11,12,12103117,12100101,2020,11,14,3,2,6,7,0,0,1,1,0,0,0,1,795828,37,5832343,686
5707,11,6,6040702,6400736,2020,5,11,4,3,2,6,0,0,1,0,0,0,0,0,785372,3744,5815683,769
5708,11,6,6040701,6400735,2020,8,13,3,3,0,1,0,0,0,0,1,0,0,0,782315,5552,5815732,585
5709,11,3,3061126,3601141,2020,6,17,5,3,1,1,0,1,0,0,1,0,0,1,799200,7913,5831522,163
5710,11,11,11030721,11300722,2020,5,12,3,3,3,6,0,0,1,0,1,0,0,0,803951,8053,5827562,48
5711,11,3,3010102,3100103,2020,3,7,2,2,2,6,0,0,1,0,0,1,1,1,803654,129,5839964,269
5712,11,3,3071633,3701657,2020,9,16,4,3,5,2,0,1,0,0,1,0,0,0,800292,438,5830051,913
5713,11,1,1011102,1100102,2020,12,1,7,2,0,1,2,1,0,0,0,0,0,0,795748,382,5827260,533
5714,11,5,5040936,5400943,2020,8,15,5,3,5,3,0,1,1,0,0,0,0,0,780179,425,5822276,637
5715,11,1,1011303,1100310,2020,6,2,1,3,0,1,2,0,0,0,0,0,1,0,799032,2418,5828232,44
5716,11,4,4020314,4200311,2020,10,17,2,3,5,3,1,0,1,0,0,1,0,0,790529,7775,5825563,587
5718,11,1,1011303,1100310,2020,3,13,2,3,2,6,0,0,1,0,0,0,0,0,799813,3778,5828646,296
5719,11,12,12103218,12100205,2020,11,8,5,3,5,2,0,0,1,0,0,0,1,0,794559,3241,5833811,359
5720,11,2,2040701,2400521,2020,9,15,3,3,0,7,0,1,0,0,0,0,0,0,800591,3581,5827894,55
5721,11,11,11041027,11401034,2020,3,0,1,2,1,6,2,0,1,0,0,1,0,1,807035,835,5827381,894
5722,11,11,11030721,11300724,2020,10,11,7,3,4,6,0,1,0,0,0,0,0,0,804511,36,5827505,72