OBJECTID,LAND,BEZ,LOR,LOR_ab_2021,UJAHR,UMONAT,USTUNDE,UWOCHENTAG,UKATEGORIE,UART,UTYP1,ULICHTVERH,IstRad,IstPKW,IstFuss,IstKrad,IstGkfz,IstSonstige,USTRZUSTAND,LINREFX,LINREFY,XGCSWGS84,YGCSWGS84
5723,11,12,12301203,12500930,2020,8,13,5,3,5,3,0,1,1,0,0,0,0,0,793993,9107,5835207,35
5724,11,1,1011104,1100104,2020,7,13,5,3,5,5,0,1,1,0,0,0,0,1,796120,297,5825645,266
5725,11,2,2050602,2500727,2020,5,11,1,3,5,3,0,1,1,0,0,0,0,0,802147,69,5827740,299
5726,11,7,7040403,7400823,2020,6,18,6,3,2,6,0,0,1,0,0,0,0,0,797052,1422,5822378,877
5727,11,2,2010101,2100101,2020,2,5,7,3,5,3,2,0,1,0,0,0,0,1,797295,6315,5825592,58
5728,11,3,3061429,3601449,2020,9,16,5,3,2,6,0,0,1,0,1,0,0,0,801342,6154,5831028,304
5729,11,3,3061429,3601449,2020,12,5,4,3,0,1,2,1,0,0,0,0,0,1,800948,4934,5830495,653
5730,11,3,3061332,3701657,2020,6,15,3,3,5,2,0,1,1,0,0,0,0,0,799972,748,5830201,544
5732,11,1,1011303,1100310,2020,2,19,7,2,3,6,2,1,1,0,0,0,0,1,799176,9866,5828378,887
5733,11,3,3061429,3601449,2020,9,7,6,3,5,2,0,1,1,0,0,0,0,0,800984,7475,5830503,45
5734,11,7,7070706,7601547,2020,7,0,1,3,0,1,2,1,0,0,0,0,0,0,800130,1792,5813132,299
5735,11,1,1044102,1400940,2020,2,16,7,2,5,3,1,0,1,0,0,0,0,0,795879,35,5832057,388
5736,11,7,7050501,7501030,2020,10,15,6,3,6,7,0,1,0,1,0,0,0,0,798044,3087,5819505,579
5737,11,12,12103218,12100205,2020,12,12,4,3,5,3,0,0,1,0,0,0,1,0,794565,602,5833812,13
5738,11,7,7040406,7400928,2020,8,10,1,3,3,6,0,0,1,0,0,0,0,0,800045,8616,5821466,457
5739,11,12,12231101,12400723,2020,7,16,5,3,5,3,0,1,1,0,0,0,0,1,792072,2872,5838552,292
5740,11,4,4020313,4200311,2020,5,13,1,3,0,3,0,1,1,0,0,0,0,1,790387,106,5826353,478
5741,11,4,4041134,4400726,2020,6,14,2,3,2,6,0,0,1,0,0,0,0,0,790740,5278,5824909,818
5742,11,3,3061429,3601449,2020,10,16,4,3,2,6,2,0,1,0,0,0,0,1,801349,708,5831004,158
5743,11,1,1011304,1100311,2020,2,16,7,3,4,6,0,1,0,0,0,0,1,0,800004,1806,5828075,227
5744,11,7,7030303,7300619,2020,9,13,2,3,5,3,0,0,1,0,0,1,0,0,795835,5498,5822644,859
5745,11,2,2010101,2100101,2020,11,11,3,3,0,7,0,1,0,0,0,0,0,0,797146,759,5825669,744
5746,11,3,3061126,3601141,2020,6,8,4,3,5,2,0,1,1,0,0,0,0,0,799196,982,5831452,869
5747,11,8,8020619,8200622,2020,8,22,7,3,3,6,2,0,1,0,0,1,0,0,802014,1618,5821854,887
5748,11,12,12231101,12400723,2020,6,8,2,3,0,3,0,1,1,0,0,0,0,0,792075,123,5838548,202
5749,11,3,3061332,3601348,2020,2,13,7,3,6,4,0,0,0,1,0,0,1,0,799615,7433,5830294,437
5750,11,4,4010101,4100101,2020,10,13,1,3,2,6,0,0,1,0,0,0,0,0,790511,7125,5828545,369
5751,11,10,10040933,10400940,2020,12,14,6,3,5,2,0,0,1,0,0,0,1,0,812575,424,5827181,471
5752,11,7,7020203,7200411,2020,8,18,3,2,1,5,0,1,1,0,0,0,0,0,795930,4446,5824446,28
5753,11,12,12103219,12100204,2020,7,16,5,3,5,2,0,1,1,0,0,0,0,0,795709,843,5832847,181
5754,11,2,2010101,2100101,2020,10,11,6,3,5,3,0,1,1,0,0,0,0,0,797876,9817,5825498,34
5756,11,12,12103219,12100204,2020,2,15,6,3,5,2,0,1,1,0,0,0,0,0,795766,386,5832696,757
5757,11,12,12214528,12400619,2020,9,14,4,3,2,6,0,0,1,0,0,0,0,0,788466,3946,5837200,631
5758,11,7,7050502,7501133,2020,11,6,2,3,0,6,2,0,1,0,1,0,0,1,797577,905,5818422,546
5759,11,3,3040614,3400723,2020,10,11,6,3,2,6,0,0,1,0,0,0,0,1,798550,5757,5833156,984
5760,11,4,4020313,4200311,2020,2,13,6,3,5,2,0,0,1,0,0,0,0,0,790532,2148,5826377,75
5761,11,4,4020313,4200311,2020,9,18,3,3,5,2,0,0,1,0,0,0,0,0,790731,1079,5826410,569
5762,11,1,1044102,1400940,2020,11,17,5,3,5,3,2,0,1,0,0,0,1,1,795861,8559,5832068,44
5763,11,1,1011303,1100310,2020,6,15,4,3,5,2,0,1,0,0,0,0,1,0,799557,908,5828277,886
5764,11,4,4010103,4100102,2020,8,21,1,3,8,1,2,0,1,0,0,0,0,1,791505,94,5829136,929
5765,11,12,12103218,12100205,2020,6,16,3,3,5,3,0,0,1,0,1,0,0,0,794455,1506,5834360,213
5766,11,4,4020310,4200308,2020,2,12,6,3,3,6,0,0,1,0,0,1,0,0,790468,8517,5828469,63
5767,11,5,5020629,5200634,2020,10,16,2,3,2,6,0,0,1,0,0,0,1,1,785929,7361,5826070,82
5768,11,10,10010204,10100206,2020,12,13,7,2,0,1,0,0,0,0,1,0,0,1,808676,5492,5832816,74
5769,11,4,4041133,4400725,2020,8,19,3,3,0,4,0,0,1,1,0,0,0,0,790635,5078,5825027,453
5770,11,7,7050502,7501133,2020,7,6,6,3,5,2,0,0,0,0,1,0,1,0,797840,419,5818948,551
5771,11,4,4030417,4300414,2020,5,14,3,3,5,2,0,1,0,0,0,0,1,0,791751,2225,5826597,445
5772,11,2,2050802,2500833,2020,10,15,7,2,2,6,0,1,1,0,0,0,0,0,802118,3661,5827419,871
5774,11,4,4030417,4300414,2020,2,9,6,2,6,7,0,0,1,1,0,0,0,0,790825,1256,5826425,505
5775,11,7,7020203,7200411,2020,9,10,4,3,1,5,0,1,1,0,0,0,0,0,795835,487,5824210,502
5776,11,4,4020208,4200206,2020,11,14,2,3,1,5,0,1,1,0,0,0,0,0,787198,5409,5825844,921
5777,11,4,4030724,4300415,2020,5,16,4,3,2,6,0,0,1,0,0,0,0,0,790680,136,5826115,5
5778,11,4,4030622,4300621,2020,8,7,3,3,5,2,0,1,0,0,0,0,1,0,792275,7456,5826685,437
5779,11,7,7040402,7400822,2020,6,15,4,3,2,6,0,0,1,0,0,0,0,0,796446,2113,5822593,33
5780,11,4,4030417,4300414,2020,5,8,3,3,5,2,0,0,1,1,0,0,0,0,791840,4714,5826612,481
5781,11,3,3020209,3200205,2020,2,8,6,3,5,3,0,1,1,0,0,0,0,0,798153,948,5836016,99
5782,11,10,10040933,10400940,2020,9,13,4,3,0,1,0,1,0,0,0,0,0,0,812425,65,5827173,531
5783,11,7,7050506,7501135,2020,12,18,6,3,6,7,2,0,1,1,0,0,0,0,799074,9554,5816695,334
5784,11,11,11030721,11300722,2020,8,9,4,2,5,2,0,1,1,0,0,0,0,0,804235,844,5827518,748
5785,11,4,4020314,4200311,2020,6,8,6,3,3,6,0,0,1,0,0,1,0,0,790533,9186,5825820,824
5786,11,1,1033203,1300836,2020,10,14,7,3,5,7,0,0,1,0,0,0,0,0,796213,496,5829944,713
5788,11,7,7040401,7400721,2020,2,11,5,3,2,6,0,0,1,0,0,1,0,1,797817,4205,5822632,151
5789,11,1,1011303,1100310,2020,11,16,4,2,1,5,2,1,1,0,0,0,0,0,799636,3278,5828412,173
5790,11,1,1011104,1100104,2020,9,16,3,3,5,3,0,0,1,0,1,0,0,0,796405,6911,5826273,91
5791,11,11,11010101,11100101,2020,8,15,2,3,5,2,0,1,0,0,0,0,1,0,803685,497,5835335,153
5792,11,1,1011104,1100104,2020,2,17,4,3,4,6,0,1,0,0,0,0,1,0,796362,4347,5826164,231
5793,11,4,4010101,4100101,2020,10,10,6,3,0,6,0,0,0,0,0,0,1,0,791181,16,5829468,456
5794,11,2,2050602,2500728,2020,8,15,4,2,2,2,0,1,0,0,0,0,0,0,802996,8352,5827660,373
5795,11,7,7030303,7300619,2020,7,12,4,3,2,6,0,0,1,0,0,0,0,1,795898,848,5822672,702
5796,11,1,1011303,1100310,2020,6,9,6,3,5,3,0,1,1,0,0,0,0,0,799781,125,5828660,425
5797,11,3,3061131,3601142,2020,11,13,5,3,2,7,0,0,1,0,0,0,1,0,799141,102,5830416,296
5798,11,1,1033203,1300836,2020,2,18,4,3,6,2,2,0,1,1,0,0,0,1,796213,3788,5830201,449
5799,11,4,4030417,4300414,2020,9,22,5,3,6,4,2,1,0,1,0,0,0,0,790971,5804,5826449,339
5800,11,12,12103218,12100205,2020,12,10,3,3,2,6,0,0,1,0,0,0,1,0,794558,8726,5833834,861
5801,11,6,6040701,6400735,2020,6,17,2,3,8,1,0,1,0,0,0,0,0,0,782539,69,5815784,582
5803,11,1,1033203,1300836,2020,2,15,4,3,0,2,0,1,0,0,0,0,1,0,796316,7184,5830075,734
5804,11,5,5020629,5200634,2020,9,17,5,3,5,3,0,0,1,0,0,0,0,0,785301,195,5826237,338
5805,11,12,12231101,12400723,2020,7,16,6,3,5,3,0,1,1,0,0,0,0,0,792228,7783,5838308,859
5806,11,9,9010301,9100305,2020,2,14,4,2,5,3,0,1,1,0,0,0,0,0,805152,8011,5822563,919
5807,11,3,3061434,3601451,2020,10,13,5,3,3,6,0,1,0,0,0,0,1,0,800780,6479,5829810,508
5808,11,6,6040701,6400735,2020,12,14,3,3,0,5,0,1,1,0,0,0,0,0,783126,1752,5815920,142
5809,11,1,1011105,1100102,2020,5,18,4,3,5,3,0,1,1,0,0,0,0,0,796682,9175,5826209,937
5810,11,3,3071638,3701659,2020,8,15,7,3,5,3,0,0,1,0,0,0,1,0,800014,1872,5828986,525
5811,11,11,11041022,11401032,2020,7,14,4,3,3,1,0,0,1,0,0,1,0,0,805513,23,5827401,32
5812,11,4,4041137,4400727,2020,5,23,1,2,0,1,2,1,0,0,0,0,0,0,791928,9798,5824014,492
5813,11,11,11041027,11401034,2020,10,8,4,3,8,1,0,0,0,0,1,0,0,1,807233,59,5827431,918
5814,11,2,2020203,2200209,2020,2,21,4,3,9,1,2,0,1,0,0,0,0,1,797755,2445,5824470,756
5815,11,12,12214125,12200414,2020,9,13,1,3,8,1,0,0,1,0,0,0,0,0,791653,322,5830951,275
5816,11,3,3061126,3601139,2020,11,7,2,3,6,4,0,0,1,1,0,0,0,0,799245,5134,5831883,958
5817,11,1,1011204,1100207,2020,5,17,4,2,5,3,0,1,1,0,0,0,0,0,798646,1727,5827021,723
5818,11,7,7040403,7400824,2020,8,20,6,3,6,7,1,0,1,1,0,0,0,0,797853,239,5821967,741
5819,11,9,9010201,9100202,2020,6,18,7,3,5,3,1,1,1,0,0,0,0,1,803379,8583,5824289,227
5820,11,7,7040401,7400721,2020,2,20,4,3,5,3,2,0,1,0,0,0,0,0,797778,2711,5823485,424
5821,11,2,2040503,2400522,2020,10,22,7,3,4,6,2,1,0,0,0,0,1,0,801639,1862,5827783,716
5822,11,12,12214422,12200310,2020,12,6,5,3,2,6,2,0,1,0,0,0,0,0,791724,2904,5833234,5
5823,11,2,2020202,2200208,2020,8,10,2,3,5,2,0,1,0,0,0,0,1,0,797899,648,5825429,151
5824,11,1,1022202,1200624,2020,7,8,5,3,0,6,0,0,0,0,1,0,1,1,796139,9204,5829179,77
5825,11,1,1011105,1100102,2020,2,19,4,3,2,6,2,0,1,0,0,0,0,1,796690,8341,5826201,909
5826,11,6,6010101,6100101,2020,10,0,5,3,2,6,2,0,1,0,0,0,1,0,793138,1879,5820207,459
5828,11,10,10030726,10300733,2020,2,18,4,3,5,2,2,1,1,0,0,0,0,1,808945,3427,5827441,82
5829,11,10,10010204,10100206,2020,9,12,3,2,5,3,0,0,1,0,0,1,0,0,808903,356,5833412,582
5830,11,3,3061332,3601348,2020,11,13,1,3,2,6,0,1,1,0,0,0,0,0,799868,9054,5830247,62
5831,11,7,7050501,7501029,2020,9,0,6,3,3,2,2,0,1,0,0,0,0,0,797773,184,5818919,567
5832,11,7,7040402,7400822,2020,5,17,4,3,2,6,0,0,1,0,0,0,0,0,796555,52,5822539,267
5833,11,3,3061435,3601452,2020,8,1,7,3,2,6,2,1,1,0,0,0,0,0,801322,5889,5829320,695
5834,11,1,1033203,1300836,2020,6,16,3,3,5,2,0,1,1,0,0,0,0,0,796320,9005,5830071,95
5835,11,1,1011202,1100206,2020,2,22,3,3,2,6,2,0,1,0,0,0,0,0,797908,6525,5827613,147
5836,11,12,12103115,12100103,2020,9,20,2,3,5,2,2,0,1,0,0,0,1,0,795339,492,5833743,79
5837,11,4,4041239,4400830,2020,12,9,3,3,2,6,0,0,1,0,0,0,1,0,792230,1654,5823674,5
5838,11,2,2050601,2500726,2020,6,12,4,3,5,3,0,1,1,1,0,0,0,0,801654,281,5828872,732
5840,11,9,9010101,9100101,2020,2,21,3,3,2,6,2,0,1,0,0,0,0,0,802661,833,5824995,697
5841,11,2,2050602,2500727,2020,11,18,2,2,5,2,2,1,1,0,0,0,0,0,802146,6,5827748,796
5842,11,6,6040701,6400735,2020,9,17,1,3,1,5,0,1,1,0,0,0,0,0,783410,167,5816003,735
5843,11,7,7040403,7400825,2020,7,11,6,3,2,6,0,0,1,0,0,0,0,0,797869,6102,5820511,727
5844,11,2,2020202,2200208,2020,2,11,3,2,6,7,0,0,1,1,0,0,0,1,797903,7552,5825113,91
5845,11,12,12302211,12601031,2020,10,14,4,3,5,3,0,0,1,0,0,0,0,1,793293,9872,5836637,325
5846,11,7,7040403,7400824,2020,8,14,3,2,1,5,0,1,1,0,0,0,0,0,797863,6466,5821803,909
5847,11,4,4020310,4200308,2020,7,15,2,3,2,6,0,0,1,0,0,0,0,0,790481,4354,5828460,96
5848,11,2,2040503,2400522,2020,5,23,7,3,5,3,2,1,1,0,0,0,0,0,801933,6122,5827769,975
5849,11,6,6030503,6300526,2020,6,19,4,3,5,3,0,1,0,0,0,0,0,0,789577,61,5817961,573
5850,11,4,4020310,4200308,2020,11,20,2,2,3,6,2,0,1,0,1,0,0,0,790466,389,5828462,65
5851,11,3,3071633,3701657,2020,2,18,3,3,6,4,2,1,0,1,0,0,0,0,800572,3221,5829917,9
5852,11,6,6030605,6300629,2020,9,13,4,3,1,5,0,1,1,0,0,0,0,0,791916,3333,5819376,893
5853,11,7,7040403,7400824,2020,11,12,7,3,3,6,0,0,1,0,0,0,0,0,797830,9599,5822333,226
5854,11,3,3071639,3701660,2020,5,16,4,3,3,6,0,1,0,0,0,0,0,0,800153,6158,5829169,76
5855,11,10,10030726,10300733,2020,8,16,2,3,0,2,0,1,1,0,0,0,0,0,808924,1716,5827407,719
5856,11,7,7070701,7601442,2020,6,11,4,3,3,6,0,0,1,0,1,0,0,0,799195,5488,5816465,577
5857,11,9,9020601,9200613,2020,2,17,3,3,5,2,1,1,1,0,0,0,0,1,806103,7585,5821629,73
5858,11,3,3040818,3400829,2020,9,8,3,3,2,6,0,0,1,0,0,0,1,0,800072,4366,5832754,369
5859,11,4,4030623,4300622,2020,12,17,4,3,5,2,1,0,1,0,0,0,0,1,793298,1982,5826820,752
5860,11,7,7040402,7400822,2020,8,16,3,3,0,1,0,0,1,0,1,0,0,0,796797,4006,5822401,79
5861,11,3,3061429,3601449,2020,6,16,5,3,6,7,0,1,0,1,0,0,0,0,801183,4584,5830869,287
5862,11,7,7050502,7501133,2020,10,17,7,3,2,6,0,0,1,0,0,0,0,0,798181,752,5818924,81
5864,11,10,10010309,10100312,2020,2,5,2,2,6,6,1,0,1,1,0,0,0,1,807669,4635,5829957,151
5865,11,3,3061429,3601449,2020,11,10,3,2,0,2,0,0,0,0,0,1,1,0,801347,6459,5831002,413
5866,11,3,3050925,3500936,2020,9,14,2,3,3,6,0,1,1,0,0,0,0,0,801549,9786,5831173,576
5867,11,2,2020203,2200209,2020,8,1,1,3,2,6,2,0,1,0,1,0,0,0,797760,152,5824110,59
5868,11,7,7050502,7501133,2020,2,7,2,3,5,2,0,0,0,0,1,0,1,0,797838,327,5818947,963
5869,11,3,3061434,3601451,2020,10,15,5,3,2,6,0,0,1,0,0,1,0,1,800657,1246,5829977,86
5870,11,3,3061332,3601347,2020,8,14,3,3,2,6,0,1,0,0,0,0,1,0,799490,6339,5830296,202
5871,11,3,3061435,3601452,2020,7,13,3,3,1,5,0,1,1,0,0,0,0,0,801626,9249,5828957,3
5872,11,7,7050501,7501030,2020,6,18,5,3,1,1,0,0,1,0,0,0,0,1,797937,4307,5820116,662
5873,11,7,7060601,7601236,2020,11,6,4,3,6,4,2,0,1,1,0,0,0,0,796869,1494,5816382,674
5874,11,2,2050602,2500727,2020,2,20,2,3,5,3,1,1,1,0,0,0,0,1,802584,8438,5827702,294
5875,11,2,2010101,2100101,2020,9,11,5,3,5,2,0,1,1,0,0,0,0,0,797850,612,5825505,469
5876,11,12,12214422,12200310,2020,11,8,2,3,3,6,0,0,1,0,0,1,0,0,791643,4671,5833574,434
5877,11,6,6040703,6400737,2020,6,9,1,2,4,6,0,1,0,0,0,0,0,0,785570,6561,5816300,955
5878,11,6,6040703,6400737,2020,2,19,2,3,2,6,2,0,1,0,0,0,0,1,784945,4833,5817253,936
5879,11,3,3061131,3601142,2020,9,15,4,3,1,5,0,1,1,0,0,0,0,1,799164,6309,5830694,843
5880,11,2,2050602,2500729,2020,7,21,5,3,1,5,1,0,1,0,1,0,0,0,803281,1339,5827631,546
5881,11,4,4041134,4400726,2020,2,15,2,3,3,6,0,0,1,0,0,1,0,0,790887,4181,5824694,754
5882,11,5,5040935,5400942,2020,10,10,4,3,0,7,0,0,1,0,0,0,1,0,781746,285,5824440,37
5883,11,11,11030721,11300722,2020,12,17,6,3,6,4,2,1,0,1,0,0,0,1,803738,829,5827584,971
5884,11,12,12302212,12601032,2020,8,11,5,3,2,6,0,0,1,0,0,0,0,0,792722,246,5837431,684
5885,11,10,10040830,10400837,2020,7,18,3,2,2,6,0,0,1,0,0,0,0,0,811692,3051,5827137,18
5886,11,7,7030303,7300619,2020,5,13,7,3,8,1,0,0,1,0,0,0,0,0,795684,4417,5822631,171
5887,11,4,4020314,4200311,2020,10,17,3,3,3,6,2,0,1,0,0,0,1,0,790509,9654,5825605,642
5888,11,2,2020202,2200208,2020,2,16,1,3,2,6,2,0,1,0,0,0,0,1,797854,1512,5825450,778
5889,11,1,1011204,1100207,2020,9,20,1,3,2,6,1,0,1,0,0,0,0,0,798796,7611,5827189,428
5890,11,9,9020601,9200613,2020,11,15,2,3,2,6,0,0,1,0,0,0,0,0,806045,9329,5821707,93
5891,11,4,4020208,4200206,2020,5,15,4,2,1,1,0,1,0,0,0,1,0,0,786767,3872,5825846,509
5892,11,1,1011102,1100102,2020,8,16,5,3,2,6,0,0,1,0,0,0,0,0,794906,532,5827116,807
5893,11,10,10030727,10300734,2020,6,10,6,3,2,6,0,0,1,0,0,1,0,0,809897,3554,5827216,94
5894,11,1,1011303,1100310,2020,2,17,1,3,5,3,2,0,1,0,0,0,0,1,799119,1189,5827657,48
5895,11,7,7050506,7501135,2020,10,16,6,3,5,3,0,1,1,0,0,0,0,0,798959,7037,5817033,558
5896,11,1,1033203,1300836,2020,12,0,3,3,2,6,2,0,1,0,0,0,0,0,796313,9511,5830050,474
5897,11,12,12103115,12100103,2020,8,0,1,3,6,7,2,1,0,1,0,0,0,0,795546,5426,5833267,795
5898,11,1,1011303,1100310,2020,6,22,3,3,5,3,2,0,1,0,0,0,0,0,799119,1777,5827657,139
5899,11,3,3061429,3601449,2020,2,20,7,3,3,6,2,0,1,0,0,0,0,0,801001,1841,5830529,684
5900,11,7,7010104,7100205,2020,10,14,5,3,1,5,0,1,1,0,0,0,0,0,796025,1469,5825235,798
5902,11,3,3050925,3500936,2020,2,19,7,3,6,4,2,0,0,1,0,0,1,1,801826,645,5831385,439
5903,11,4,4030623,4300622,2020,9,17,2,3,5,2,0,0,1,0,1,0,0,0,793301,6403,5826821,66
5904,11,1,1022202,1200624,2020,11,23,7,2,6,7,2,0,1,1,0,0,0,0,795973,605,5829421,321
5905,11,4,4020310,4200308,2020,9,12,6,2,2,6,0,0,0,0,0,1,1,0,790533,1696,5827369,192
5906,11,12,12103219,12100204,2020,2,19,7,3,6,2,2,0,1,1,0,0,0,1,795752,4036,5832686,916
5907,11,1,1044201,1401044,2020,5,13,3,3,3,6,0,0,1,0,0,0,0,0,796180,5359,5831027,83
5908,11,4,4020313,4200311,2020,8,10,7,3,2,6,0,0,1,0,0,0,0,1,790498,7092,5826372,108
5909,11,4,4010101,4100101,2020,7,19,3,3,2,6,0,0,1,0,0,0,0,0,790685,8072,5828877,47
5910,11,3,3051017,3501037,2020,6,15,2,3,2,6,0,1,0,0,0,0,0,0,802791,8977,5832852,201
5911,11,12,12103218,12100205,2020,2,20,6,2,1,5,2,0,1,0,0,0,0,0,794740,4431,5833779,613
5912,11,12,12224230,12400618,2020,9,10,7,3,8,1,0,0,1,0,0,0,0,1,787751,5425,5838272,58
5913,11,2,2010101,2100101,2020,12,2,2,3,3,6,2,1,0,0,0,0,0,0,797758,9812,5825536,25
5914,11,2,2050602,2500727,2020,6,11,4,3,2,6,0,1,0,0,0,0,0,0,802449,2352,5827716,958
5916,11,1,1011303,1100310,2020,2,18,6,3,5,5,0,0,1,0,0,0,0,0,798700,4517,5827911,345
5917,11,1,1033203,1300836,2020,11,13,6,3,0,7,0,0,0,0,1,0,0,1,796315,137,5830077,165
5918,11,4,4030623,4300622,2020,9,18,7,3,5,2,0,0,1,0,1,0,0,0,793299,5852,5826825,966
5919,11,2,2050601,2500726,2020,7,12,6,2,3,6,0,1,0,0,0,0,0,0,802034,4726,5828096,355
5920,11,12,12304314,12500824,2020,2,13,6,3,2,6,0,0,1,0,0,0,0,0,790527,6,5835238,853
5921,11,9,9010101,9100101,2020,10,22,2,3,3,6,2,0,1,0,1,0,0,0,802602,4304,5825052,124
5922,11,5,5020524,5200528,2020,8,15,2,3,2,6,0,0,1,0,0,0,0,0,783295,694,5826442,667
5923,11,2,2050601,2500726,2020,7,21,1,3,5,2,0,1,1,0,0,0,0,0,801681,43,5828880,887
5924,11,2,2050602,2500728,2020,6,13,4,3,3,6,0,1,1,0,0,0,0,0,803085,262,5827634,511
5925,11,1,1044102,1400940,2020,11,13,1,3,5,3,0,0,1,0,0,0,0,1,795861,8959,5832068,217
5926,11,12,12103219,12100204,2020,2,10,6,3,5,3,0,0,1,0,0,1,0,1,795695,3591,5832850,422
5927,11,3,3020203,3200204,2020,9,17,3,3,2,7,0,1,0,0,1,0,0,0,797166,885,5838894,688
5928,11,3,3040818,3400826,2020,11,20,7,3,2,6,2,0,1,0,0,0,1,0,799090,4461,5832360,832
5929,11,4,4020311,4200309,2020,6,15,5,3,4,6,0,0,1,0,0,0,1,0,789016,667,5826138,264
5930,11,7,7050506,7501135,2020,2,12,6,3,0,6,0,1,1,0,0,0,0,0,798837,3288,5817269,976
5931,11,1,1011204,1100207,2020,8,18,2,3,2,6,0,0,1,0,0,0,0,0,798181,3363,5826924,266
5932,11,4,4030417,4300414,2020,7,14,4,3,3,6,0,1,0,0,1,0,0,0,791549,2244,5826541,988
5933,11,2,2050803,2500835,2020,2,6,6,3,5,3,2,1,1,0,0,0,0,1,801829,6762,5826229,845
5934,11,4,4030417,4300414,2020,10,9,3,3,3,6,0,0,1,0,0,0,0,0,791297,1082,5826501,699
5935,11,4,4030622,4300621,2020,12,12,3,3,5,7,0,0,1,0,0,0,0,0,792258,991,5826682,982
5936,11,5,5040936,5400943,2020,8,16,4,3,5,2,0,1,1,0,0,0,0,0,780171,3534,5822272,634
5937,11,2,2050602,2500729,2020,7,9,2,3,5,2,0,1,1,0,0,0,0,0,803483,9341,5827594,541
5938,11,7,7040403,7400824,2020,5,7,5,3,0,5,0,0,0,0,1,0,1,0,797835,1883,5822247,233
5939,11,7,7040401,7400720,2020,10,8,2,3,2,6,0,0,1,0,0,0,1,1,797826,562,5822437,133
5941,11,1,1011303,1100310,2020,2,23,5,3,5,2,2,0,1,0,0,0,0,1,799118,5335,5827656,139
5942,11,3,3061435,3601452,2020,9,2,5,3,2,6,2,1,1,0,0,0,0,0,801391,4923,5829229,51
5943,11,1,1044201,1401044,2020,11,16,4,2,6,7,0,0,0,1,0,0,1,0,796163,637,5831089,953
5944,11,2,2010101,2100101,2020,5,21,3,3,0,1,1,1,0,0,0,0,0,0,797789,9112,5825525,711
5945,11,10,10040830,10400837,2020,8,14,3,3,5,2,0,1,1,0,0,0,0,0,811523,2763,5827129,606
5946,11,1,1022202,1200624,2020,6,17,5,3,0,2,0,1,1,0,0,0,0,0,795870,3788,5829571,33
5947,11,7,7050501,7501030,2020,6,15,6,3,2,6,0,0,1,0,0,0,0,0,797990,5187,5819810,735
5948,11,12,12231101,12400723,2020,2,0,5,3,3,6,2,0,1,0,0,0,0,1,792160,8967,5837901,551
5949,11,4,4020314,4200311,2020,9,15,3,2,2,6,0,0,1,0,0,0,1,0,790164,7848,5825345,28
5950,11,6,6040701,6400735,2020,7,13,5,3,1,7,0,0,1,0,0,0,0,0,779169,5786,5814994,663
5951,11,2,3061435,3601452,2020,2,21,5,3,2,6,2,0,1,0,0,0,0,0,801629,2842,5828911,472
5952,11,4,4020208,4200206,2020,10,16,4,2,3,6,0,0,1,0,1,0,0,1,786884,46,5825817,378
5953,11,1,1011303,1100310,2020,12,16,4,3,5,3,2,0,1,0,0,0,0,1,799107,7404,5827694,722
5954,11,6,6040703,6400737,2020,8,13,5,3,5,3,0,1,1,0,0,0,0,0,785696,313,5816404,226
5955,11,10,10040933,10400941,2020,7,17,2,3,2,6,0,0,1,0,0,0,0,0,813235,7406,5827203,662
5956,11,7,7040403,7400824,2020,5,16,6,3,3,2,0,0,1,0,0,1,0,0,797831,6904,5822312,263
5957,11,3,3010101,3100101,2020,10,20,2,2,8,1,2,0,1,0,0,1,0,1,803109,9766,5840249,414
5958,11,1,1011104,1100104,2020,2,18,5,2,6,4,1,1,0,1,0,0,0,1,796175,3047,5825767,18
5959,11,7,7010104,7100205,2020,9,0,7,3,1,5,2,0,1,0,0,0,1,0,796015,204,5825183,857
5960,11,8,8020619,8200622,2020,11,18,5,3,2,6,2,0,1,0,0,1,0,1,802070,6003,5821844,774
5961,11,7,7050501,7501030,2020,5,19,3,3,1,5,1,1,1,0,0,0,0,0,797915,4596,5820251,62
5962,11,1,1033203,1300836,2020,8,18,4,3,2,6,0,0,1,0,0,0,0,1,796224,2399,5830181,775
5963,11,3,3061332,3601347,2020,6,10,6,3,3,6,0,1,0,0,0,0,0,0,799249,8171,5830357,973
5964,11,12,12231101,12400723,2020,2,18,5,3,5,3,2,1,1,0,0,0,0,1,791832,3402,5839223,651
5965,11,2,2050803,2500835,2020,10,14,5,2,0,6,0,0,0,0,1,0,1,0,802399,677,5826011,14
5966,11,1,1011304,1100311,2020,12,14,3,3,6,4,0,1,0,1,0,0,0,0,799984,6554,5828112,114
5967,11,4,4030417,4300414,2020,8,14,7,3,5,2,0,0,1,0,1,0,0,0,791846,2593,5826613,456
5968,11,3,3020209,3200205,2020,6,19,2,3,5,2,0,1,1,0,0,0,0,0,798147,1552,5835956,484
5969,11,1,1033203,1300836,2020,2,19,4,3,5,5,2,0,1,0,0,0,0,1,796261,3623,5829996,364
5970,11,2,2050602,2500727,2020,10,4,4,2,5,2,2,0,1,0,0,0,0,1,802586,285,5827702,138
5972,11,10,10040933,10400940,2020,2,18,4,3,2,6,2,0,1,0,0,0,0,1,812807,8568,5827178,837
5973,11,10,10030726,10300733,2020,9,19,1,2,2,6,1,0,1,0,1,0,0,0,808980,9767,5827441,49
5974,11,9,9020601,9200613,2020,11,8,6,2,5,2,0,1,1,0,0,0,0,0,806599,8034,5821136,452
5975,11,4,4030417,4300414,2020,9,11,5,3,6,4,0,0,1,1,0,0,0,0,791567,6122,5826545,135