OBJECTID,LAND,BEZ,LOR,LOR_ab_2021,UJAHR,UMONAT,USTUNDE,UWOCHENTAG,UKATEGORIE,UART,UTYP1,ULICHTVERH,IstRad,IstPKW,IstFuss,IstKrad,IstGkfz,IstSonstige,USTRZUSTAND,LINREFX,LINREFY,XGCSWGS84,YGCSWGS84
5976,11,1,1011303,1100310,2020,2,16,4,3,5,2,0,1,0,0,0,0,1,0,799315,2223,5827966,539
5977,11,1,1044102,1400940,2020,5,18,3,3,5,3,0,0,1,0,0,0,0,0,795879,62,5832057,243
5978,11,12,12103218,12100205,2020,8,15,6,1,5,2,0,1,0,0,0,1,0,0,794559,1815,5833820,741
5979,11,3,3010101,3100101,2020,7,6,2,3,8,1,0,0,0,0,0,1,0,0,800973,616,5840752,485
5980,11,7,7070701,7601442,2020,6,0,1,3,0,1,2,1,0,0,0,0,0,0,799610,398,5815473,27
5981,11,4,4030724,4300415,2020,2,16,4,3,2,6,0,0,1,0,0,0,0,0,790748,9759,5826314,926
5982,11,1,1011105,1100102,2020,9,9,6,3,5,2,0,0,1,0,0,0,0,1,796675,824,5826208,741
5983,11,1,1011105,1100102,2020,12,10,1,3,5,2,0,1,1,0,0,0,0,0,796418,9866,5826323,368
5984,11,7,7030303,7300619,2020,6,13,4,3,2,6,0,0,1,0,1,0,0,0,795954,2319,5822693,576
5986,11,4,4030622,4300621,2020,2,7,4,3,2,6,0,0,1,0,0,0,0,1,792283,3499,5826665,293
5987,11,3,3020203,3200204,2020,11,7,5,3,0,2,0,1,1,0,0,0,0,0,797164,8828,5838899,872
5988,11,6,6040701,6400735,2020,9,14,7,3,5,7,0,0,1,0,0,0,0,0,783659,868,5816033,842
5989,11,7,7030303,7300619,2020,7,17,4,3,2,6,0,0,1,0,1,0,0,0,795657,5336,5823216,435
5990,11,6,6030503,6300527,2020,2,12,4,3,2,6,0,0,1,0,0,0,1,1,790278,3845,5818358,515
5991,11,3,3061332,3701657,2020,10,0,7,3,5,3,2,1,1,0,0,0,0,1,799990,4408,5830222,278
5992,11,4,4020311,4200310,2020,8,10,2,3,2,6,0,0,1,0,0,0,0,0,789033,6875,5826140,696
5993,11,8,8020619,8200622,2020,7,20,6,3,2,6,1,0,1,0,0,0,0,0,802128,3831,5821880,885
5994,11,4,4051656,4501151,2020,5,22,7,3,2,6,2,0,1,0,0,0,0,0,793558,4463,5822991,317
5995,11,12,12301204,12500927,2020,6,11,3,3,3,6,0,0,1,0,0,0,0,0,793370,5403,5836382,989
5996,11,4,4030623,4300622,2020,10,13,7,3,0,6,0,0,1,0,1,0,0,1,793337,1598,5826864,269
5997,11,3,3020209,3200205,2020,2,9,4,3,6,7,0,0,1,1,0,0,0,1,798176,539,5836298,475
5998,11,3,3061131,3601142,2020,9,11,3,3,6,7,0,0,1,1,0,0,0,0,799188,5158,5831264,54
5999,11,4,4051656,4501151,2020,11,17,6,3,2,6,2,0,1,0,0,0,0,1,793626,3439,5822994,757
6000,11,1,1011204,1100207,2020,6,4,5,3,2,6,0,0,1,0,1,0,0,0,798627,6177,5827029,784
6001,11,2,3061435,3601452,2020,8,12,2,3,2,6,0,0,1,0,0,1,0,0,801633,4547,5828905,791
6002,11,7,7010104,7100205,2020,6,17,3,3,2,6,0,1,0,0,0,0,0,0,796064,5171,5825437,894
6003,11,3,3040818,3400829,2020,2,19,3,2,6,7,2,1,0,1,0,0,0,0,800053,5192,5832772,314
6004,11,6,6030605,6300629,2020,10,17,2,3,5,2,0,1,1,0,0,0,0,0,792443,58,5819762,86
6005,11,12,12103115,12100103,2020,12,7,2,3,5,3,0,1,1,0,0,0,0,1,795440,9192,5833540,902
6006,11,3,3040818,3400826,2020,8,8,4,2,5,2,0,1,1,0,0,0,0,0,799149,8202,5832223,185
6007,11,2,2050803,2500835,2020,7,22,1,3,0,1,2,0,0,0,1,0,0,1,801972,337,5826177,49
6008,11,3,3061332,3601347,2020,5,19,3,3,2,6,0,0,1,0,0,0,0,0,799232,7664,5830360,863
6009,11,5,5020524,5200528,2020,10,20,1,2,9,1,2,0,0,0,1,0,0,0,782874,1933,5825835,995
6011,11,7,7020202,7200308,2020,2,14,3,3,2,6,0,0,1,0,0,0,0,1,795501,4879,5823360,626
6012,11,6,6010101,6100101,2020,9,15,5,3,3,6,0,0,0,0,1,0,0,0,793137,8129,5820207,237
6013,11,4,4020311,4200310,2020,11,13,3,3,2,6,0,0,1,0,0,0,0,0,789155,1731,5826158,542
6014,11,2,2040701,2400521,2020,5,17,3,3,5,3,0,1,1,0,0,0,0,0,800963,6086,5827852,948
6015,11,4,4030622,4300621,2020,8,18,3,3,3,6,0,0,1,0,1,0,0,0,792128,2374,5826660,841
6016,11,7,7030303,7300619,2020,6,11,5,2,2,3,0,0,1,0,0,0,1,1,795850,5156,5822653,121
6017,11,12,12103219,12100204,2020,5,11,2,3,5,3,0,1,1,0,0,0,0,0,795751,5544,5832691,521
6018,11,7,7030303,7300619,2020,2,8,3,3,5,2,0,0,1,0,0,0,0,1,795641,247,5823232,978
6019,11,6,6040702,6400736,2020,9,15,4,3,0,7,0,0,1,0,0,0,0,0,785368,1069,5815751,456
6020,11,3,3061429,3601449,2020,12,12,6,3,1,7,0,0,1,0,0,0,0,0,801014,5214,5830551,299
6021,11,12,12214422,12200310,2020,8,12,4,2,3,6,0,0,1,0,0,1,0,0,791707,6406,5833419,327
6022,11,12,12103115,12100103,2020,6,10,7,3,0,1,0,0,0,0,1,0,0,0,795547,7034,5833264,795
6023,11,7,7060604,7601341,2020,10,12,1,3,6,4,0,0,1,1,0,0,0,1,796369,11,5815266,775
6025,11,7,7030301,7200308,2020,2,8,3,2,2,2,0,0,1,0,0,1,0,1,794616,8686,5823115,435
6026,11,4,4010101,4100101,2020,11,18,4,3,2,6,2,0,1,0,0,0,0,0,791455,3516,5830452,38
6027,11,9,9010101,9100101,2020,9,18,3,3,2,6,0,1,1,0,0,0,0,0,802831,7393,5825421,682
6028,11,4,4020310,4200308,2020,8,16,2,3,2,6,0,0,1,0,0,0,1,0,790539,3168,5827389,434
6029,11,5,5020524,5200528,2020,2,22,3,2,6,2,2,0,1,1,0,0,0,0,783503,8366,5826699,168
6030,11,7,7050502,7501133,2020,10,17,6,2,2,6,0,0,1,0,0,0,0,0,798432,6265,5818299,316
6031,11,3,3061429,3601449,2020,8,19,4,3,5,2,0,1,1,0,0,0,0,0,800945,5409,5830490,988
6032,11,12,12231101,12400723,2020,7,17,5,2,5,2,0,0,1,0,1,0,0,0,791886,7808,5838999,799
6033,11,7,7050502,7501133,2020,6,15,6,3,1,5,0,0,0,0,0,0,1,0,798483,2847,5818116,347
6034,11,3,3061332,3701657,2020,2,19,3,3,0,2,1,1,0,0,0,0,0,0,799993,8231,5830221,194
6035,11,1,1011303,1100310,2020,9,16,5,3,3,2,0,0,1,0,0,0,1,0,799573,427,5828293,924
6036,11,10,10040830,10400837,2020,12,15,4,3,5,2,0,1,0,0,0,1,0,0,810873,961,5827087,804
6037,11,6,6010101,6100101,2020,6,10,2,3,5,2,0,1,1,0,0,0,0,0,793129,7112,5820202,423
6038,11,3,3061429,3601449,2020,5,18,1,3,2,6,0,0,1,0,0,0,0,0,801171,9553,5830806,318
6039,11,7,7010104,7100205,2020,2,17,3,3,2,6,1,0,1,0,0,0,0,0,796076,226,5825500,154
6040,11,4,4041239,4400830,2020,10,6,5,3,3,6,0,0,1,0,0,1,0,0,792364,3562,5823538,606
6041,11,1,1044102,1400940,2020,12,21,1,3,5,3,2,1,1,0,0,0,0,0,795878,6,5832062,625
6042,11,6,6040701,6400735,2020,8,16,5,2,0,1,0,1,0,0,0,0,0,0,778635,9093,5814915,513
6043,11,1,1033203,1300836,2020,6,16,2,3,2,2,0,0,1,0,0,0,0,0,796184,661,5830195,38
6044,11,1,1011201,1100205,2020,2,12,3,3,5,7,0,0,1,0,0,0,0,1,797309,3495,5826776,564
6045,11,4,4020208,4200206,2020,10,11,2,3,6,7,0,0,1,1,0,0,0,1,786538,6557,5825907,12
6047,11,10,10040830,10400837,2020,2,13,2,3,2,6,0,0,1,0,0,0,1,0,811012,1586,5827105,851
6048,11,4,4030623,4300622,2020,11,17,6,2,6,4,2,1,0,1,0,0,0,0,793016,8497,5826810,518
6049,11,4,4020313,4200311,2020,9,16,5,3,5,2,0,0,1,0,1,0,0,0,790429,7194,5826379,217
6050,11,3,3020209,3200206,2020,2,6,2,3,2,6,2,0,1,0,0,0,1,0,797985,8052,5834238,385
6051,11,11,11030721,11300722,2020,8,15,5,3,5,2,0,1,1,0,0,0,0,0,804249,8349,5827531,79
6052,11,2,2020203,2200209,2020,7,5,6,3,0,6,1,0,1,0,1,0,0,0,797745,2178,5824551,283
6053,11,7,7040405,7400927,2020,6,16,6,3,2,6,0,0,1,0,0,0,0,0,798476,5283,5822094,574
6054,11,1,1011202,1100206,2020,2,19,2,2,6,7,2,0,0,1,0,0,1,0,798083,1382,5827664,182
6055,11,7,7040403,7400824,2020,9,18,5,2,5,3,0,1,0,0,0,0,1,0,797848,7749,5822303,343
6056,11,4,4030416,4300413,2020,12,11,6,3,2,6,0,0,1,0,0,0,0,0,790835,266,5826825,443
6057,11,2,2050601,2500726,2020,6,19,3,3,5,2,0,0,1,0,0,0,1,0,801682,9789,5828877,707
6059,11,7,7030303,7300619,2020,2,15,2,2,3,6,0,0,1,0,0,1,0,0,795078,8789,5822441,949
6060,11,12,12214422,12200310,2020,9,10,6,3,0,1,0,0,0,0,1,0,0,1,791966,818,5832694,766
6061,11,4,4030417,4300414,2020,7,21,3,3,1,5,2,0,0,0,1,0,1,0,791635,3865,5826577,862
6062,11,4,4030622,4300621,2020,2,15,2,3,1,5,0,0,1,0,0,0,0,0,792649,9801,5826748,417
6063,11,7,7040405,7400927,2020,10,16,6,3,2,6,0,0,1,0,0,0,0,0,797933,838,5822324,342
6064,11,12,12301203,12500930,2020,12,20,5,2,4,6,2,0,1,0,0,0,0,1,793987,7672,5835218,379
6065,11,1,1011102,1100102,2020,8,13,1,2,0,1,0,1,0,0,0,0,0,0,795992,3975,5827313,163
6066,11,7,7050502,7501133,2020,7,9,6,3,2,6,0,0,1,0,0,0,1,1,797447,6472,5817844,924
6067,11,3,3061434,3601451,2020,6,19,3,3,5,3,0,1,1,0,0,0,0,0,800621,877,5829920,517
6068,11,6,6030503,6300527,2020,10,13,5,2,5,2,0,1,1,0,0,0,0,0,789782,981,5817986,376
6069,11,7,7040401,7400720,2020,2,16,1,3,1,5,0,1,0,0,1,0,0,0,797766,8828,5823724,826
6070,11,10,10040933,10400941,2020,9,10,2,3,5,2,0,0,1,0,0,0,0,0,813544,98,5827160,2
6071,11,9,9020601,9200613,2020,11,13,5,3,2,7,0,0,1,0,0,0,1,0,806360,293,5821369,598
6072,11,6,6030503,6300527,2020,6,13,4,3,0,6,0,0,1,0,0,0,1,0,790527,6978,5818527,202
6073,11,7,7050501,7501030,2020,8,11,1,3,1,5,0,1,1,0,0,0,0,0,797900,3176,5820336,811
6074,11,7,7040401,7400720,2020,6,14,3,3,6,2,0,1,1,1,0,0,0,0,797773,9315,5823580,877
6075,11,1,1011105,1100102,2020,2,14,1,3,5,3,0,0,1,0,0,0,0,0,796437,1126,5826316,83
6076,11,4,4041134,4400726,2020,10,18,2,3,2,6,1,0,1,0,0,0,0,1,790873,37,5824706,885
6077,11,4,4041134,4400726,2020,12,1,7,2,9,1,2,0,1,0,0,0,0,1,791066,35,5824656,223
6078,11,1,1011303,1100310,2020,8,13,3,3,2,2,0,0,1,0,0,0,0,0,799762,7238,5828628,686
6079,11,3,3020209,3200205,2020,7,17,5,3,5,3,0,1,0,0,1,0,0,0,798167,6344,5836140,641
6080,11,4,4010101,4100101,2020,5,7,2,3,2,6,0,0,1,0,0,0,0,1,791087,3514,5829213,479
6081,11,1,1044102,1400940,2020,10,19,6,2,5,3,2,0,1,0,0,0,0,1,795861,8559,5832068,44
6083,11,4,4041134,4400726,2020,2,7,1,3,9,1,0,0,1,0,0,0,0,0,790703,2325,5824944,65
6084,11,10,10040830,10400837,2020,9,10,4,3,2,6,0,0,1,0,0,0,1,0,811554,3412,5827130,998
6085,11,4,4030417,4300414,2020,11,15,2,3,6,4,0,0,1,1,0,0,0,0,791583,4084,5826547,804
6086,11,3,3061434,3601451,2020,5,10,3,3,6,4,0,0,0,1,0,0,1,0,800851,8331,5830338,794
6087,11,4,4020310,4200308,2020,8,12,2,3,2,6,0,0,1,0,1,0,0,0,790464,8329,5827605,458
6088,11,1,1011104,1100104,2020,6,19,4,3,0,2,0,1,1,0,0,0,0,0,796218,9429,5825863,382
6089,11,1,1033203,1300836,2020,5,18,1,3,5,3,0,1,1,0,0,0,0,0,796271,1648,5830253,498
6090,11,1,1011201,1100205,2020,2,20,7,3,0,5,0,1,1,0,0,0,0,0,796996,5993,5826722,987
6091,11,4,4030417,4300414,2020,9,9,4,3,5,7,0,0,1,0,0,1,0,0,791574,64,5826546,338
6092,11,3,3020209,3200206,2020,12,12,5,3,2,6,0,0,1,0,0,0,0,0,797974,1873,5834638,834
6093,11,11,11041022,11401032,2020,8,18,4,2,5,3,0,1,1,0,0,0,0,0,806590,2645,5827406,288
6094,11,2,2040503,2400522,2020,6,12,6,3,5,3,0,1,1,0,0,0,0,0,801888,4221,5827758,98
6095,11,1,1011303,1100310,2020,10,13,7,3,5,2,0,1,1,0,0,0,0,0,799570,831,5828301,726
6097,11,2,2050602,2500727,2020,2,20,6,3,5,2,2,0,1,0,0,0,0,0,802583,2761,5827686,537
6098,11,4,4030623,4300622,2020,11,11,4,2,5,2,0,1,1,0,0,0,0,0,793092,6548,5826823,319
6099,11,10,10040933,10400940,2020,9,18,2,2,0,1,0,1,0,0,0,0,0,0,813003,551,5827188,583
6100,11,7,7050501,7501030,2020,8,13,1,3,2,6,0,0,1,0,0,0,0,1,798061,816,5819410,528
6101,11,1,1011201,1100205,2020,2,19,6,2,5,7,2,0,1,0,0,0,0,0,797301,6969,5826775,28
6102,11,7,7040402,7400822,2020,10,22,5,3,9,1,2,0,1,0,0,0,0,1,796805,6927,5822399,76
6103,11,4,4020313,4200311,2020,8,11,4,2,5,3,0,0,1,0,0,0,0,0,790533,2158,5826377,921
6104,11,4,4030417,4300414,2020,7,12,4,3,3,6,0,0,1,0,0,0,0,1,791116,5031,5826473,73
6105,11,3,3061429,3601449,2020,6,20,5,3,5,2,0,0,1,0,0,0,0,1,801340,7496,5830996,431
6106,11,8,8010510,8100521,2020,11,14,4,3,3,6,0,0,1,0,0,1,0,0,802487,3724,5821958,276
6107,11,4,4010101,4100101,2020,2,16,6,3,2,6,0,0,1,0,0,0,0,0,791325,5755,5830052,563
6108,11,7,7040402,7400822,2020,9,18,5,3,2,6,0,0,1,0,0,0,0,0,796519,7262,5822543,151
6109,11,10,10010206,10100208,2020,11,10,2,3,3,6,0,0,1,0,0,1,0,0,808653,6259,5832803,798
6110,11,1,1011105,1100102,2020,6,12,2,3,2,3,0,1,1,0,0,0,0,0,796423,3916,5826338,466
6112,11,3,3061429,3601449,2020,2,16,6,2,6,7,1,0,1,1,0,0,0,1,801032,9215,5830581,12
6113,11,3,3020209,3200206,2020,9,6,5,3,0,1,0,1,0,0,0,1,0,1,798255,44,5835061,364
6114,11,9,9010101,9100101,2020,7,10,6,3,6,2,0,0,1,1,0,0,0,0,802597,8971,5825088,9
6115,11,4,4020310,4200308,2020,2,14,6,3,2,6,0,0,1,0,0,0,0,0,790463,5411,5827587,468
6116,11,4,4030623,4300622,2020,10,8,5,3,5,2,0,1,1,0,0,0,0,0,792843,2516,5826759,567
6117,11,3,3061332,3701657,2020,12,13,3,3,5,2,0,1,1,0,0,0,0,1,799993,27,5830194,711
6118,11,12,12103218,12100205,2020,8,19,6,3,0,6,0,0,0,0,1,0,1,0,794593,7733,5833807,91
6119,11,7,7020202,7200308,2020,7,15,3,3,2,6,0,0,1,0,0,0,0,0,794647,3326,5823129,352
6120,11,1,1011102,1100102,2020,5,15,1,3,6,4,0,1,0,1,0,0,0,0,794652,1879,5827072,834
6121,11,8,8010510,8100521,2020,10,6,4,3,3,6,2,0,1,0,0,1,0,1,802556,15,5821897,595
6122,11,4,4020310,4200308,2020,2,14,6,3,2,6,0,0,1,0,0,1,0,0,790485,1438,5827585,257
6123,11,2,2050602,2500727,2020,9,16,1,3,5,2,0,1,1,0,0,0,0,0,802593,379,5827701,426
6124,11,1,1011303,1100310,2020,11,18,2,3,2,6,2,0,1,0,1,0,0,0,799762,8545,5828628,915
6125,11,7,7030303,7300619,2020,5,7,3,2,3,6,0,0,1,0,1,0,0,0,795200,6941,5822904,58
6126,11,12,12103115,12100103,2020,8,11,5,3,1,7,0,1,1,0,0,0,0,0,795406,7897,5833600,274
6127,11,3,3061332,3601347,2020,6,16,7,3,3,6,0,1,0,0,0,0,0,1,799504,76,5830293,648
6128,11,4,4010101,4100101,2020,2,9,6,2,2,6,0,0,1,0,0,0,0,0,791234,2949,5829709,128
6129,11,9,9010302,9100306,2020,10,15,6,3,2,6,0,0,1,0,0,0,0,0,802804,1813,5821449,978
6130,11,5,5040936,5400943,2020,12,12,5,3,5,3,0,1,1,0,0,0,0,0,780171,337,5822272,627
6132,11,2,2050602,2500729,2020,2,7,6,3,6,4,1,0,0,1,0,1,0,0,803458,5652,5827597,133
6133,11,7,7040403,7400824,2020,9,21,5,3,0,1,2,1,0,0,0,0,0,0,797836,1418,5822229,156
6134,11,7,7020203,7200410,2020,7,20,7,3,2,6,0,0,1,0,0,0,0,0,795590,3354,5823886,453
6135,11,3,3061434,3601451,2020,2,8,5,3,0,1,0,1,0,0,0,0,0,0,800733,9399,5829842,977
6136,11,7,7050501,7501029,2020,10,16,5,3,3,2,0,0,1,0,0,1,0,1,797772,7774,5818918,291
6137,11,3,3061131,3601142,2020,12,13,4,3,0,2,0,1,1,0,0,0,0,1,799165,6644,5830374,971
6138,11,3,3061332,3601348,2020,5,10,2,3,2,6,0,0,1,0,0,0,1,1,799586,4703,5830277,842
6139,11,4,4041137,4400727,2020,8,22,7,3,3,6,2,0,1,0,1,0,0,0,791343,2243,5824556,19
6140,11,6,6010102,6100102,2020,7,9,5,3,2,6,0,0,1,0,0,1,0,0,793582,7693,5820439,5
6141,11,10,10010204,10100206,2020,6,17,2,3,8,7,0,0,1,0,0,0,0,0,808860,1315,5833292,602
6142,11,6,6030503,6300527,2020,10,12,4,3,5,3,0,0,1,0,1,0,0,0,790159,606,5818288,656
6143,11,7,7050501,7501029,2020,2,22,5,3,3,6,2,0,1,0,0,0,0,1,797699,285,5818766,986
6144,11,11,11030721,11300722,2020,9,17,2,3,2,6,0,0,1,0,1,0,0,0,804220,3564,5827520,229
6145,11,3,3061332,3701657,2020,11,17,3,3,3,6,2,1,0,0,0,0,0,1,799997,7962,5830192,412
6146,11,12,12214125,12200414,2020,5,17,2,3,2,6,0,0,1,0,0,0,0,0,792115,5098,5832453,562
6147,11,7,7050502,7501133,2020,8,20,7,3,5,2,2,0,1,0,0,0,1,0,797649,9287,5818636,165
6148,11,12,12103115,12100103,2020,6,12,1,3,5,2,0,0,1,0,0,0,0,0,795336,5269,5833744,859
6149,11,11,11041022,11401032,2020,2,19,5,3,2,6,2,0,1,0,0,0,0,1,805652,6283,5827389,882
6150,11,1,1011104,1100104,2020,10,7,7,3,0,7,1,0,0,0,0,0,1,0,796299,6408,5826040,51
6151,11,3,3020307,3200309,2020,12,12,6,3,2,6,0,0,1,0,0,0,0,0,801129,8059,5837227,466
6152,11,1,1011102,1100102,2020,8,16,3,3,5,3,0,1,0,0,0,0,0,0,794756,7142,5827091,29
6153,11,3,3061131,3601142,2020,7,15,5,3,6,4,0,0,1,1,0,0,0,0,799141,7968,5830375,55
6154,11,9,9010402,9100409,2020,2,14,5,3,2,7,0,0,1,0,0,0,1,0,807005,3803,5818242,375
6155,11,3,3020209,3200205,2020,10,14,6,3,5,3,0,1,1,0,0,0,0,0,798165,5959,5836120,966
6157,11,6,6040703,6400737,2020,2,7,5,3,1,5,0,0,1,0,0,0,0,0,786141,6976,5816761,895
6158,11,7,7040403,7400824,2020,9,15,4,3,0,1,0,1,1,0,0,0,0,0,797860,6941,5821848,842
6159,11,3,3020209,3200205,2020,11,8,2,3,5,2,0,1,1,0,0,0,0,1,798174,9363,5836311,752
6160,11,11,11041022,11401032,2020,9,16,1,3,1,5,0,1,1,0,0,0,0,0,805916,9889,5827366,286
6161,11,2,2010101,2100101,2020,5,14,2,3,2,6,0,0,1,0,0,0,0,1,797042,2341,5825857,957
6162,11,3,3040513,3400620,2020,8,19,1,2,2,6,0,0,1,0,0,0,0,0,798038,4809,5833884,859
6163,11,4,4020209,4200207,2020,6,8,3,3,2,6,0,0,1,0,0,0,1,0,789286,7458,5824063,708
6164,11,11,11030721,11300724,2020,2,15,5,3,0,7,0,1,0,0,0,0,0,1,804462,5519,5827510,153
6165,11,3,3020203,3200204,2020,9,14,2,2,5,2,0,0,1,0,0,0,0,0,797157,558,5838898,209
6166,11,4,7030303,7300619,2020,12,14,4,3,2,6,0,0,1,0,0,0,0,1,795122,709,5823001,337
6167,11,3,3061434,3601451,2020,8,9,3,3,3,6,0,1,1,0,0,0,0,0,800794,634,5829800,785
6168,11,1,1011304,1100311,2020,6,12,5,3,5,3,0,1,1,0,0,0,0,0,800018,771,5828097,368
6170,11,7,7020203,7200410,2020,2,18,4,3,3,6,1,1,1,0,0,0,0,0,795489,622,5823826,685
6171,11,11,11030721,11300725,2020,11,18,2,3,1,5,2,1,1,0,0,0,0,0,804939,4011,5827462,89
6172,11,3,3020209,3200206,2020,9,5,2,3,5,3,1,0,1,0,1,0,0,0,798007,4719,5834166,159
6173,11,10,10030726,10300733,2020,8,14,7,3,5,3,0,1,1,0,0,0,0,0,809483,6705,5827409,673
6174,11,6,6030503,6300527,2020,2,10,4,3,2,6,0,0,1,0,0,1,0,0,790347,6449,5818399,577
6175,11,7,7030301,7300517,2020,10,5,5,3,0,1,2,0,0,0,0,0,1,1,794863,3884,5823136,33
6176,11,7,7040402,7400822,2020,8,19,3,2,2,6,0,0,1,0,1,0,0,0,796433,3362,5822601,81
6177,11,2,2040703,2400625,2020,7,22,3,3,5,3,2,0,1,0,0,0,1,0,801880,6568,5826547,263
6178,11,3,3061131,3601142,2020,6,16,5,3,3,6,0,1,1,0,0,0,0,1,799184,3172,5830906,828
6179,11,7,7050502,7501133,2020,11,12,3,3,5,3,0,0,1,0,0,0,0,0,798178,1237,5818923,565
6180,11,7,7050502,7501133,2020,2,13,4,3,3,6,0,1,1,0,0,0,0,0,798120,923,5818903,946
6181,11,4,4030417,4300414,2020,9,18,4,3,2,6,1,0,1,0,0,0,0,0,791830,2511,5826610,759
6182,11,4,4030622,4300621,2020,11,19,2,3,2,6,2,0,1,0,0,0,1,0,792724,2198,5826739,378
6183,11,7,7040401,7400720,2020,6,11,7,3,5,2,0,1,1,0,0,0,0,0,797777,1999,5823829,952
6184,11,1,1033203,1300836,2020,2,20,4,3,2,6,2,0,1,0,0,0,0,0,796309,9266,5830046,514
6185,11,12,12214528,12400619,2020,9,9,4,3,2,6,0,0,1,0,0,0,0,0,789661,6267,5836598,48
6186,11,11,11030721,11300724,2020,7,7,5,3,0,2,0,1,1,0,0,0,0,0,804512,3422,5827504,942
6187,11,10,10040933,10400940,2020,2,12,3,3,5,2,0,0,1,0,1,0,0,0,813052,6664,5827191,3
6188,11,1,1011303,1100310,2020,10,19,4,3,5,3,2,1,1,0,0,0,0,1,799785,7236,5828602,171
6189,11,7,7020202,7200308,2020,12,3,6,3,8,1,2,0,1,0,0,0,0,1,794871,6267,5823147,91
6190,11,9,9010101,9100101,2020,8,17,5,2,5,2,0,1,1,0,0,0,0,0,802598,713,5825089,18
6191,11,4,4020208,4200206,2020,7,17,3,3,2,6,0,0,1,0,0,0,0,0,787898,8461,5825957,738
6192,11,12,12103115,12100103,2020,5,11,6,3,5,2,0,1,0,0,0,1,0,0,795337,886,5833744,657
6193,11,7,7030303,7300619,2020,10,8,3,3,5,2,0,1,1,0,0,0,0,0,795573,439,5823307,799
6194,11,10,10030727,10300734,2020,2,7,2,3,2,6,1,0,1,0,0,0,0,1,810152,584,5827135,281
6195,11,2,2040703,2400625,2020,9,18,1,2,6,4,0,1,0,1,0,0,0,0,801870,4238,5826513,821
6196,11,5,5040936,5400943,2020,11,13,1,3,5,3,0,1,1,0,0,0,0,0,780179,2404,5822276,784
6197,11,9,9020601,9200613,2020,5,15,2,3,2,6,0,0,1,0,0,1,0,0,806320,1538,5821431,556
6198,11,12,12231101,12400723,2020,8,15,5,3,2,6,0,0,1,0,0,0,0,0,791801,1619,5839350,791
6199,11,1,1022202,1200624,2020,6,14,6,3,2,6,0,0,1,0,0,0,0,0,796302,915,5828817,728
6200,11,3,3010104,3100101,2020,2,5,2,3,3,6,2,0,1,0,0,1,0,1,800804,6586,5838727,149
6201,11,11,11030721,11300722,2020,10,13,6,3,5,3,0,1,1,0,0,0,0,0,804101,3411,5827532,199
6202,11,7,7030303,7300619,2020,12,16,3,3,2,6,2,0,0,0,1,0,1,0,796012,1208,5822728,448
6203,11,12,12224230,12400618,2020,8,18,1,3,2,6,0,0,0,0,1,0,0,0,787565,2655,5837746,69
6204,11,6,6030605,6300629,2020,6,6,2,3,0,6,0,1,1,0,0,0,0,0,792453,367,5819747,623
6205,11,2,2050602,2500727,2020,2,23,1,3,5,3,2,0,1,0,0,0,0,1,802178,9385,5827719,46
6206,11,12,12103218,12100205,2020,10,9,4,3,5,3,0,0,1,0,0,0,0,1,794481,3824,5834312,351
6208,11,3,3071633,3701657,2020,2,1,1,2,0,1,2,1,0,0,0,0,0,0,800005,2537,5830251,989
6209,11,6,6040703,6400737,2020,9,11,2,3,0,6,0,0,1,0,0,0,0,0,784937,7779,5816719,12
6210,11,4,4030417,4300414,2020,11,16,7,3,6,2,1,0,1,1,0,0,0,0,791035,475,5826459,682
6211,11,7,7040403,7400823,2020,9,11,6,3,2,6,0,0,1,0,0,0,1,0,796843,8267,5822390,422
6212,11,7,7020203,7200411,2020,2,18,1,3,0,5,2,1,1,0,0,0,0,1,795922,7651,5824392,642
6213,11,7,7010104,7100205,2020,5,11,2,3,1,5,0,1,1,0,0,0,0,1,796017,8934,5825198,593
6214,11,12,12103115,12100103,2020,8,18,6,3,0,1,1,1,0,0,0,0,0,0,795466,1523,5833442,144
6215,11,1,1011303,1100310,2020,7,13,3,3,5,3,0,1,0,0,0,0,1,0,799785,4281,5828601,697
6216,11,3,3061131,3601142,2020,6,18,2,2,1,1,0,1,1,0,0,0,0,0,799138,654,5830659,432
6217,11,9,9020601,9200613,2020,2,13,7,3,0,7,0,1,0,0,0,0,0,0,806285,91,5821467,267
6218,11,1,1011303,1100310,2020,9,20,6,3,1,5,2,1,1,0,0,0,0,0,799625,6178,5828394,317
6219,11,12,12103115,12100103,2020,12,15,2,3,3,6,0,0,1,0,0,0,0,1,795353,5761,5833716,872
6220,11,7,7020203,7200411,2020,6,15,4,3,6,7,0,0,1,1,0,0,0,0,795834,2565,5824244,668
6222,11,2,2050602,2500727,2020,2,20,7,3,2,6,2,0,1,0,0,0,0,0,802057,5819,5827999,899
6223,11,3,3040818,3400830,2020,11,11,6,3,5,2,0,1,0,0,0,0,1,0,800073,648,5833830,777
6224,11,2,2050601,2500726,2020,9,10,7,3,2,6,0,0,1,0,0,0,0,1,801657,1478,5828866,352
6225,11,2,2050802,2500833,2020,7,18,5,3,3,6,0,1,1,0,0,0,0,0,802117,3446,5827414,993
6226,11,7,7040406,7400928,2020,8,9,2,3,2,6,0,0,1,0,0,0,0,0,799715,6309,5821476,136
6227,11,1,1044102,1400940,2020,7,7,4,2,5,3,0,1,1,0,0,0,0,0,795861,6203,5832069,753
6228,11,4,4030417,4300414,2020,2,19,7,3,2,6,2,0,1,0,0,0,0,0,790797,8333,5826467,156
6229,11,7,7030303,7300619,2020,10,16,5,3,5,2,0,0,1,0,1,0,0,0,795623,338,5823231,95