OBJECTID,LAND,BEZ,LOR,LOR_ab_2021,UJAHR,UMONAT,USTUNDE,UWOCHENTAG,UKATEGORIE,UART,UTYP1,ULICHTVERH,IstRad,IstPKW,IstFuss,IstKrad,IstGkfz,IstSonstige,USTRZUSTAND,LINREFX,LINREFY,XGCSWGS84,YGCSWGS84
6231,11,7,7050506,7501135,2020,2,18,7,3,0,5,2,0,1,0,0,0,1,0,799071,1636,5816704,394
6232,11,7,7050502,7501133,2020,9,16,3,3,6,2,0,0,1,1,0,0,0,0,798473,3995,5818139,65
6233,11,10,10030726,10300733,2020,11,15,1,2,9,1,0,0,1,0,0,0,0,0,808757,9014,5827439,61
6234,11,7,7020202,7200308,2020,9,17,6,3,6,4,0,0,1,1,0,0,0,0,795290,8113,5823490,822
6235,11,2,2010101,2100101,2020,5,14,1,3,2,6,0,0,1,0,0,0,0,0,797886,6192,5825489,149
6236,11,10,10040830,10400837,2020,8,18,7,2,6,3,0,0,1,1,0,0,0,0,811376,5325,5827109,535
6237,11,1,1011303,1100310,2020,6,16,3,3,2,2,0,0,1,0,1,0,0,0,799098,801,5827679,767
6238,11,4,4020314,4200311,2020,2,15,7,3,2,6,0,0,1,0,0,0,0,0,790000,5673,5825132,42
6239,11,4,4020208,4200206,2020,9,16,1,3,5,2,0,1,1,0,0,0,0,0,788942,2603,5826126,323
6240,11,4,4020311,4200310,2020,12,7,2,3,3,6,0,1,1,0,0,0,0,0,789288,6906,5826180,208
6241,11,12,12103218,12100205,2020,6,10,4,3,2,7,0,0,1,0,1,0,0,0,794393,6104,5834473,57
6243,11,12,12301203,12500926,2020,2,14,7,3,6,4,0,0,1,1,0,0,0,0,793540,9093,5835849,624
6244,11,3,3020307,3200309,2020,11,9,2,2,2,6,0,0,1,0,0,0,1,0,801215,1119,5837821,463
6245,11,10,10010308,10100311,2020,9,21,1,3,0,1,1,1,0,0,0,0,0,0,808319,5137,5827572,416
6246,11,1,1011204,1100207,2020,7,18,6,3,2,6,0,0,1,0,1,0,0,0,798628,4904,5827030,193
6247,11,1,1011303,1100310,2020,2,19,6,3,5,3,2,1,0,0,0,0,1,0,799042,763,5827538,306
6248,11,1,1033203,1300836,2020,10,7,4,3,6,2,0,0,1,1,0,0,0,1,796287,1623,5830281,426
6249,11,2,2040703,2400625,2020,8,10,3,2,0,1,0,1,0,0,0,0,0,1,801870,6806,5826514,66
6250,11,6,6040701,6400735,2020,7,11,1,3,8,1,0,1,0,0,0,0,0,0,783529,4653,5816031,259
6251,11,4,4020313,4200311,2020,6,17,4,3,2,6,0,0,1,0,0,0,0,0,790514,5807,5826393,373
6252,11,3,3061434,3601451,2020,11,11,2,3,2,2,0,0,1,0,0,0,0,0,800604,1277,5829900,842
6253,11,4,4010101,4100101,2020,2,21,6,3,2,6,2,0,1,0,0,0,0,0,791243,6923,5829792,724
6254,11,1,1011105,1100102,2020,9,11,4,3,2,6,0,0,1,0,0,0,0,0,796794,958,5826674,512
6255,11,2,2040503,2400522,2020,11,1,7,2,0,1,2,1,0,0,0,0,0,0,801994,215,5827747,224
6256,11,3,3061228,3601245,2020,6,6,6,3,0,5,0,1,1,0,0,0,0,0,800261,5555,5831396,339
6257,11,2,2040703,2400625,2020,2,15,6,3,0,2,0,1,1,0,0,0,0,0,801844,5579,5826439,501
6258,11,2,2050602,2500728,2020,9,7,3,3,5,3,0,1,1,0,0,0,0,0,803086,6172,5827634,376
6259,11,3,3050925,3500936,2020,7,9,5,3,2,6,0,0,1,0,0,0,0,0,802349,785,5831608,831
6260,11,4,4020313,4200311,2020,2,20,5,2,6,4,2,0,0,1,0,0,1,0,790526,7086,5826376,81
6261,11,1,1011303,1100310,2020,10,15,4,2,2,2,0,0,1,0,0,1,0,1,799762,9284,5828629,45
6262,11,4,4020314,4200311,2020,12,19,4,3,3,6,2,0,1,0,0,0,0,1,790130,959,5825295,222
6263,11,7,7020203,7200410,2020,8,18,4,3,0,5,0,1,1,0,0,0,0,0,795657,4296,5823972,894
6264,11,9,9020601,9200613,2020,7,11,2,3,5,3,0,1,0,0,0,0,1,0,805470,8934,5822245,701
6265,11,3,3050920,3500933,2020,5,16,5,3,0,6,0,0,1,0,1,0,0,0,802827,4357,5832111,83
6266,11,10,10010204,10100206,2020,10,9,2,3,5,3,0,0,1,0,0,0,0,1,808903,356,5833412,582
6268,11,7,7040403,7400825,2020,2,19,5,3,6,4,2,0,0,1,1,0,0,0,797867,7196,5820522,673
6269,11,9,9010301,9100305,2020,9,13,6,3,5,3,0,1,1,0,0,0,0,0,805153,8118,5822562,931
6270,11,1,1011102,1100102,2020,11,18,4,3,6,4,2,1,0,1,0,0,0,0,795303,6978,5827198,697
6271,11,10,10030726,10300733,2020,5,15,7,3,0,1,0,0,0,0,1,0,0,1,808943,2414,5827441,19
6272,11,9,9010101,9100101,2020,8,16,4,3,2,6,0,0,1,0,0,0,0,1,802588,936,5825103,428
6273,11,11,11030721,11300724,2020,6,7,6,3,3,6,0,0,1,0,0,1,0,0,804463,723,5827510,3
6274,11,4,4020209,4200207,2020,2,18,5,3,2,6,2,0,1,0,0,0,0,0,789290,9525,5824069,89
6275,11,11,11030721,11300722,2020,10,8,5,3,5,3,0,1,1,0,0,0,0,0,804101,3411,5827532,199
6276,11,1,1033203,1300836,2020,12,14,3,3,3,6,0,0,1,0,0,0,0,0,796172,47,5829900,93
6277,11,7,7030303,7300619,2020,8,9,6,3,9,1,0,0,0,0,1,0,0,0,795690,544,5823002,656
6278,11,6,6040703,6400737,2020,6,16,2,2,1,1,0,0,1,0,0,0,0,0,784373,463,5815852,831
6279,11,2,2050601,2500726,2020,2,11,5,3,1,5,0,1,1,0,0,0,0,0,802004,3829,5828158,157
6280,11,2,2050802,2500834,2020,10,18,2,3,6,7,1,1,0,1,0,0,0,0,802001,5321,5827007,525
6282,11,2,2010101,2100101,2020,2,14,4,3,5,3,0,0,1,0,0,1,0,0,797032,1399,5825874,43
6283,11,7,7050502,7501133,2020,11,4,6,3,0,6,2,0,1,0,1,0,0,0,798406,2138,5818362,342
6284,11,3,3020209,3200206,2020,9,2,5,3,6,2,2,0,1,1,0,0,0,1,797966,8243,5834632,587
6285,11,4,4030623,4300622,2020,2,15,4,3,2,6,0,1,0,0,0,0,0,0,793567,537,5826903,85
6286,11,3,3020209,3200205,2020,5,15,6,3,5,3,0,1,1,0,0,0,0,0,798142,399,5836680,173
6287,11,2,2010101,2100101,2020,8,18,5,3,1,5,0,1,1,0,0,0,0,0,797797,6293,5825523,137
6288,11,1,1033203,1300836,2020,7,18,1,3,2,6,0,0,1,0,1,0,0,0,796184,661,5830195,38
6289,11,1,1033203,1300836,2020,6,17,1,3,5,3,0,0,1,0,0,1,0,0,796061,1652,5829783,884
6290,11,3,3051017,3501037,2020,2,4,4,3,4,7,2,0,1,0,0,0,0,1,802851,164,5833019,604
6291,11,3,3061332,3601348,2020,9,11,5,3,6,2,0,0,1,1,0,0,0,0,799800,2615,5830236,568
6292,11,12,12214125,12200414,2020,12,6,7,3,0,1,2,0,0,0,0,0,1,0,792077,6809,5832565,842
6293,11,7,7010104,7100206,2020,6,20,3,3,1,5,0,1,1,0,0,0,0,0,796008,3116,5824687,167
6295,11,8,8020620,8200624,2020,2,19,4,3,3,6,2,0,1,0,0,1,0,0,800683,1641,5821573,745
6296,11,2,2050602,2500727,2020,9,15,6,3,0,6,0,1,0,0,0,0,0,0,802347,2142,5827710,788
6297,11,2,2050602,2500727,2020,7,14,3,3,5,2,0,0,1,0,0,0,0,0,802584,4144,5827702,34
6298,11,11,11030721,11300724,2020,2,20,4,2,5,2,2,1,1,0,0,0,0,0,804509,3945,5827505,235
6299,11,1,1033203,1300836,2020,10,13,6,3,5,3,0,1,0,0,0,0,1,0,796272,1631,5830254,398
6300,11,7,7050502,7501133,2020,8,8,2,3,2,6,0,0,1,0,0,0,0,0,798183,1228,5818974,615
6301,11,4,4010101,4100101,2020,7,14,6,3,2,6,0,0,1,0,0,0,0,1,791083,298,5829202,63
6302,11,4,4020311,4200310,2020,6,10,3,3,4,6,0,1,0,0,0,0,0,0,789827,6942,5826250,958
6303,11,12,12301205,12500928,2020,10,9,6,3,5,3,0,0,1,0,0,0,0,1,792365,1173,5837743,881
6304,11,2,2040503,2400522,2020,2,17,4,3,2,6,1,0,1,0,0,1,0,0,801532,956,5827794,636
6305,11,3,3020209,3200206,2020,9,18,3,3,0,1,0,1,1,0,0,0,0,0,797961,1846,5834625,478
6306,11,1,1044201,1401044,2020,11,19,5,3,2,6,2,1,0,0,0,0,1,1,796078,2235,5831266,448
6307,11,6,6030605,6300629,2020,6,16,4,3,1,1,0,1,1,0,0,0,0,0,791796,3365,5819328,684
6308,11,5,5020524,5200528,2020,8,17,1,3,5,2,1,1,1,0,0,0,0,1,783517,187,5826715,15
6309,11,11,11030721,11300722,2020,6,16,3,3,5,3,0,1,1,0,0,0,0,0,804234,7474,5827533,31
6310,11,2,2020202,2200208,2020,2,10,4,3,2,2,0,1,0,0,0,1,0,0,797898,7256,5825430,732
6311,11,9,9010201,9100202,2020,10,14,2,3,5,3,0,1,0,0,1,0,0,0,803365,9677,5824302,803
6312,11,4,4020313,4200311,2020,12,14,7,3,2,6,0,0,1,0,0,0,1,0,790696,8215,5826341,294
6313,11,12,12103219,12100204,2020,8,19,3,3,0,4,0,1,0,1,0,0,0,0,795719,9281,5832788,106
6314,11,4,4041134,4400726,2020,7,13,6,3,2,6,0,0,1,0,0,0,0,0,790787,6775,5824828,243
6315,11,7,7040401,7400720,2020,5,11,3,3,5,2,0,1,1,0,0,0,0,0,797766,6571,5824009,731
6316,11,1,1022202,1200624,2020,2,6,4,3,0,7,2,1,0,0,0,0,0,1,796342,3335,5828861,678
6317,11,7,7050502,7501133,2020,10,11,1,3,5,3,0,0,1,0,0,0,0,1,798180,5311,5818924,391
6318,11,3,3020209,3200206,2020,8,7,2,3,0,1,0,1,0,0,0,0,0,0,798298,5211,5834946,965
6319,11,8,8020619,8200622,2020,7,16,7,3,2,6,0,0,1,0,0,0,0,0,801437,184,5821746,619
6320,11,6,6040703,6400737,2020,6,18,3,3,2,6,0,0,1,0,1,0,0,0,785277,9733,5816278,933
6321,11,2,2040701,2400521,2020,11,12,1,3,2,6,0,0,1,0,0,0,0,0,800479,9979,5827931,523
6322,11,7,7050501,7501030,2020,2,6,4,3,0,1,1,0,0,0,1,0,0,1,797867,4354,5820441,986
6323,11,4,4030622,4300621,2020,9,14,3,3,0,6,0,0,1,0,1,0,0,0,792170,5746,5826668,36
6324,11,2,2010101,2100101,2020,11,21,6,3,5,3,2,0,1,0,0,0,0,0,797858,9566,5825502,686
6325,11,1,1011104,1100104,2020,6,15,5,3,2,6,0,0,1,0,0,0,0,0,796190,5324,5825800,644
6326,11,7,7040403,7400824,2020,2,5,4,3,2,6,2,0,1,0,0,0,0,1,797607,1003,5822356,951
6327,11,7,7010104,7100206,2020,8,15,2,3,2,6,0,0,1,0,0,0,0,0,796007,3343,5824856,638
6328,11,6,6030605,6300629,2020,7,11,4,2,5,5,0,1,0,0,0,0,1,0,792432,4516,5819756,104
6329,11,6,6040703,6400737,2020,6,22,3,3,3,6,1,0,1,0,0,0,0,0,784951,2952,5817461,446
6330,11,7,7040401,7400721,2020,2,15,3,3,2,6,0,0,1,0,0,0,1,1,797833,1696,5822637,226
6331,11,4,4041137,4400727,2020,10,14,3,3,2,6,0,0,1,0,0,0,0,0,791905,837,5824022,713
6332,11,6,6030503,6300527,2020,12,18,3,3,1,5,2,0,1,0,0,0,0,1,790652,195,5818578,468
6333,11,1,1011204,1100207,2020,8,6,4,3,2,6,0,0,1,0,0,0,1,0,798626,9428,5827029,467
6334,11,3,3061131,3601142,2020,7,14,1,3,4,6,0,1,0,0,0,0,0,0,799151,6475,5830812,179
6335,11,1,1011303,1100310,2020,5,13,5,3,2,6,0,0,1,0,1,0,0,0,799337,1806,5827958,131
6336,11,9,9010101,9100101,2020,10,7,2,3,0,5,0,1,0,0,0,0,1,1,802774,499,5825363,329
6338,11,4,4020311,4200310,2020,2,18,3,2,6,4,2,0,1,1,0,0,0,1,790146,7213,5826312,946
6339,11,10,10030726,10300733,2020,9,18,5,3,5,2,0,1,1,0,0,0,0,0,808948,2401,5827441,17
6340,11,7,7040402,7400822,2020,11,16,3,3,0,1,1,0,0,0,1,0,0,1,796593,3637,5822514,127
6341,11,3,3040614,3400721,2020,4,13,5,2,6,7,0,1,0,1,0,0,0,0,798136,2134,5833533,477
6342,11,10,10010206,10100208,2020,8,22,3,2,6,4,2,0,1,1,0,0,0,0,808383,1703,5832162,35
6343,11,4,4030417,4300414,2020,6,17,5,3,2,3,0,0,1,0,0,0,0,1,791564,5093,5826544,604
6344,11,3,3061429,3601449,2020,5,17,1,3,5,2,0,1,1,0,0,0,0,0,801354,3753,5831008,106
6345,11,11,11010101,11100101,2020,2,7,2,3,2,6,1,0,1,0,0,0,0,1,803721,9183,5834304,96
6346,11,8,8020620,8200624,2020,9,23,4,3,3,6,2,0,1,0,0,1,0,0,801082,7556,5821681,712
6347,11,7,7020203,7200411,2020,12,13,7,3,1,5,0,1,1,0,0,0,0,0,795955,2236,5824460,505
6348,11,4,4030622,4300621,2020,8,16,5,3,2,6,0,0,1,0,1,0,0,0,792037,7833,5826645,36
6349,11,4,4041134,4400726,2020,6,15,1,3,2,6,0,0,1,0,0,0,0,1,790877,5162,5824717,992
6350,11,7,7070703,7601544,2020,10,16,2,3,0,7,0,1,0,0,0,0,0,0,799797,837,5813702,568
6352,11,12,12103218,12100205,2020,2,11,2,3,2,7,0,0,1,0,0,0,0,1,794559,2233,5833801,451
6353,11,1,1011102,1100102,2020,11,11,5,3,2,6,0,0,1,0,0,0,1,0,794924,311,5827119,957
6354,11,1,1011201,1100205,2020,9,9,4,3,3,6,0,0,1,0,1,0,0,0,797628,254,5826829,25
6355,11,1,1044102,1400940,2020,2,23,2,3,5,3,2,0,1,0,0,0,0,1,795879,131,5832057,506
6356,11,4,4010101,4100101,2020,10,10,7,3,3,6,0,0,1,0,0,1,0,1,790554,7849,5828682,347
6357,11,12,12103115,12100103,2020,8,14,5,3,2,6,0,0,1,0,0,0,1,0,795407,8162,5833597,668
6358,11,1,2040501,2400520,2020,7,14,5,3,2,6,0,0,1,0,0,0,0,0,799792,8707,5828678,848
6359,11,7,7050501,7501029,2020,5,12,7,3,0,7,0,1,0,0,0,0,0,0,797781,5952,5818928,601
6360,11,10,10010206,10100208,2020,6,13,6,3,5,3,0,1,1,0,0,0,0,1,808393,949,5832184,52
6361,11,7,7040405,7400927,2020,2,21,2,3,0,6,2,0,1,0,0,0,0,1,799358,6651,5821536,626
6362,11,7,7050502,7501133,2020,9,16,5,2,2,6,0,0,1,0,0,0,0,0,798181,752,5818924,81
6363,11,1,1011105,1100102,2020,12,8,5,3,2,6,0,0,1,0,0,0,0,0,796423,3916,5826338,466
6364,11,7,7060604,7601341,2020,6,15,3,2,5,3,0,1,1,0,0,0,0,0,796367,8401,5815263,718
6366,11,7,7030303,7300619,2020,2,18,2,2,0,6,2,0,1,0,1,0,0,1,795277,708,5822464,107
6367,11,3,3061126,3601141,2020,9,8,6,3,5,2,0,1,1,0,0,0,0,1,799220,6468,5831452,765
6368,11,10,10030726,10300733,2020,7,19,2,3,0,1,0,0,0,0,1,0,0,1,809586,5456,5827356,392
6369,11,2,2050602,2500727,2020,2,17,2,3,5,2,2,0,1,0,0,0,0,1,802149,2652,5827729,723
6370,11,12,12103115,12100103,2020,10,19,6,3,5,3,2,0,1,0,1,0,0,1,795338,478,5833744,156
6371,11,12,12103115,12100103,2020,12,13,4,3,5,3,0,0,1,0,0,0,0,0,795337,7656,5833744,413
6372,11,1,1033203,1300836,2020,8,21,1,2,0,1,2,1,0,0,0,0,0,0,796241,4174,5830245,98
6373,11,7,7020202,7200308,2020,7,18,5,3,5,2,0,1,1,0,0,0,0,1,795242,2032,5823528,673
6374,11,4,4020208,4200206,2020,5,17,6,2,6,2,0,0,1,1,0,0,0,0,786912,2364,5825812,397
6375,11,4,4020311,4200310,2020,6,14,2,2,0,7,0,1,0,0,0,0,0,0,789557,6091,5826223,502
6376,11,6,6040703,6400737,2020,10,21,4,3,3,6,2,0,0,0,1,0,1,0,786174,488,5816756,933
6377,11,12,12231101,12400723,2020,2,17,2,3,2,6,2,0,1,0,0,0,0,1,791740,5618,5839595,826
6378,11,12,12301203,12500930,2020,9,16,2,3,5,7,0,0,1,0,1,0,0,0,794044,6095,5835115,755
6379,11,4,4030622,4300621,2020,11,13,4,3,5,3,0,0,1,0,0,0,1,0,792738,7715,5826741,83
6380,11,6,6040703,6400737,2020,6,10,4,3,2,6,0,0,1,0,0,0,0,0,787021,3993,5817178,488
6381,11,9,9020601,9200613,2020,8,13,7,3,3,5,0,0,1,0,0,0,0,0,805510,894,5822222,223
6382,11,9,9020601,9200613,2020,6,10,3,3,5,2,0,1,1,0,0,0,0,0,806172,4542,5821581,29
6383,11,4,4020310,4200308,2020,2,13,2,3,2,6,0,0,1,0,0,0,0,1,790461,9977,5828448,242
6384,11,4,4020311,4200310,2020,10,15,1,3,1,5,0,1,1,0,0,0,0,0,789577,467,5826226,69
6385,11,1,1011303,1100310,2020,12,9,6,3,0,6,0,1,1,0,0,0,0,0,799321,3535,5827971,732
6386,11,12,12103219,12100204,2020,8,10,3,3,6,7,0,1,0,1,0,0,0,0,795638,3236,5833034,78
6387,11,7,7040403,7400824,2020,7,16,5,3,2,6,0,0,1,0,0,0,0,0,797353,8468,5822327,451
6388,11,7,7020202,7200308,2020,10,19,6,3,2,2,2,1,1,0,0,0,0,1,795342,8182,5823459,437
6390,11,4,4030623,4300622,2020,2,12,2,3,2,6,0,0,1,0,0,0,0,1,793332,7363,5826863,522
6391,11,4,4020314,4200311,2020,9,7,4,3,2,6,0,0,1,0,0,0,0,0,790534,4491,5825724,656
6392,11,4,4020310,4200308,2020,11,5,2,3,3,6,2,0,1,0,1,0,0,1,790514,2054,5827426,214
6393,11,1,1022202,1200624,2020,4,17,5,3,2,6,0,0,1,0,0,0,1,0,796309,4843,5828822,677
6394,11,4,4020313,4200311,2020,8,17,2,3,2,6,0,0,1,0,1,0,0,1,790552,2891,5826399,701
6395,11,9,9010202,9100203,2020,6,7,4,3,5,3,0,1,1,0,0,0,0,0,804106,561,5824366,79
6396,11,4,4041133,4400725,2020,2,22,7,3,2,6,2,0,1,0,0,0,0,0,790572,3012,5825150,353
6397,11,2,2050602,2500727,2020,9,16,3,3,5,3,0,1,1,0,0,0,0,0,802149,209,5827728,922
6398,11,4,4020208,4200206,2020,12,18,5,3,6,2,2,0,1,1,0,0,0,0,788944,745,5826126,751
6399,11,3,3061131,3601142,2020,8,17,3,3,3,6,0,1,0,0,0,0,0,0,799188,5827,5831268,203
6400,11,2,2040503,2400522,2020,6,19,5,3,0,6,0,1,0,0,0,0,0,0,801765,1983,5827770,763
6401,11,7,7020203,7200411,2020,10,12,7,3,2,2,0,0,1,0,0,0,0,0,795843,382,5824264,568
6403,11,10,10040933,10400940,2020,2,17,7,3,5,3,2,0,1,0,0,0,0,1,812565,6565,5827167,65
6404,11,2,2020203,2200209,2020,11,6,3,3,7,7,2,1,0,0,0,0,0,0,797763,3073,5824684,451
6405,11,6,6040702,6400736,2020,2,12,7,3,2,6,0,0,1,0,0,0,0,1,785377,5745,5815877,384
6406,11,1,1011303,1100310,2020,9,15,2,3,5,2,0,1,1,0,0,0,0,0,799792,1473,5828612,473
6407,11,3,3061126,3601141,2020,8,1,1,3,6,4,2,1,0,1,0,0,0,0,799215,814,5831345,847
6408,11,4,4010101,4100101,2020,10,16,5,3,3,6,0,0,1,0,0,1,0,1,790822,257,5828970,763
135646,11,6,6010103,6100103,2020,1,17,2,3,0,3,2,0,1,0,1,0,0,1,793524,4099,5821563,565
135648,11,12,12302212,12601032,2020,1,15,3,3,2,6,0,0,1,0,0,0,0,1,792766,5415,5837456,155
135649,11,11,11020411,11200410,2020,1,16,2,3,6,4,2,0,1,1,0,0,0,0,804924,1997,5832959,849
135650,11,6,6040810,6400844,2020,1,13,4,3,6,4,0,0,1,1,0,0,0,1,792251,4489,5820900,22
135651,11,8,8010301,8100310,2020,1,11,2,2,5,3,0,1,1,0,0,0,0,0,800556,3019,5825147,631
135653,11,8,8010118,8100105,2020,1,9,2,3,0,5,0,1,1,0,0,0,0,0,800808,187,5822107,184
135655,11,12,12231101,12400722,2020,1,16,2,3,2,6,0,0,1,0,0,0,0,1,790719,2567,5837601,769
135656,11,8,8010303,8100314,2020,1,17,2,3,6,7,2,1,0,1,0,0,0,0,801136,2378,5824078,346
135658,11,8,8010404,8100417,2020,1,15,2,3,5,7,0,0,1,0,0,0,0,0,802490,4374,5823144,147
135659,11,4,4041133,4400725,2020,1,9,4,2,0,7,0,0,1,0,0,0,0,1,790577,9879,5825065,937
135660,11,1,1033102,1300733,2020,1,15,2,3,1,5,1,1,1,0,0,0,0,1,797524,623,5831282,19
135661,11,9,9010401,9100407,2020,1,12,4,3,0,2,0,0,0,0,0,1,1,1,806287,1484,5820685,11
135662,11,3,3030405,3300411,2020,1,15,2,3,5,2,0,0,1,0,0,0,0,0,803638,4592,5838997,91
135663,11,10,10030724,10300731,2020,1,14,2,3,5,3,0,1,1,0,0,0,0,1,809638,4843,5828928,408
135665,11,4,4030725,4300416,2020,1,14,2,3,0,6,0,0,1,0,0,0,1,0,791906,562,5826103,825
135666,11,10,10010308,10100311,2020,1,14,2,3,6,4,0,0,1,1,0,0,0,0,806489,148,5829470,911
135668,11,10,10010310,10100315,2020,1,14,2,3,5,3,0,0,1,0,0,0,0,0,809512,2422,5831408,743
135669,11,1,1011304,1100311,2020,1,20,3,3,5,2,2,1,1,0,0,0,0,1,799584,3804,5828041,414
135670,11,1,1022104,1200519,2020,1,12,2,3,2,6,0,0,1,0,0,0,0,1,793814,7599,5828491,555
135671,11,3,3071633,3701657,2020,1,12,2,3,0,7,0,1,0,0,0,0,0,1,800363,892,5830255,116
135673,11,6,6010206,6100206,2020,1,14,3,3,5,2,0,1,1,0,0,0,0,1,794736,452,5819893,244
135674,11,8,8020620,8200725,2020,1,10,2,3,5,3,0,0,1,0,0,0,0,0,801116,217,5819585,725
135676,11,6,6020303,6200313,2020,1,9,2,3,2,2,0,0,1,0,0,0,0,0,795353,4373,5818446,57
135678,11,12,12224230,12400619,2020,1,9,2,2,5,2,0,1,1,0,0,0,0,1,787064,3837,5837764,214
135680,11,4,4030417,4300414,2020,1,8,2,3,5,2,0,1,1,0,0,0,0,0,791183,6666,5826476,677
135681,11,6,6040809,6400843,2020,1,8,2,3,6,2,1,0,1,1,0,0,0,0,791638,3098,5819636,553
135682,11,2,2020204,2200210,2020,1,8,3,3,2,6,0,0,1,0,0,0,0,1,798309,959,5825486,366
135683,11,6,6030504,6300528,2020,1,7,2,3,1,5,0,0,1,0,0,0,0,1,789905,652,5816457,54
135684,11,2,2020203,2200209,2020,1,19,1,3,4,7,2,0,1,0,0,0,1,1,797583,5959,5824019,429
135686,11,9,9020601,9200613,2020,1,14,3,3,6,4,0,0,1,1,0,0,0,0,806432,5567,5821495,429
135687,11,1,1011302,1100309,2020,1,23,1,3,0,1,2,1,0,0,0,0,0,1,798567,3088,5828386,852
135688,11,1,2010101,2100101,2020,1,16,4,2,0,3,2,1,1,0,0,0,0,1,797047,1777,5826539,363
135689,11,7,7050505,7501134,2020,1,12,1,2,0,1,0,1,0,0,0,0,0,1,798478,6565,5819036,329
135691,11,2,2020203,2200208,2020,1,5,1,2,6,2,1,0,1,1,0,0,0,0,797837,9376,5824900,711
135692,11,1,1011203,1100206,2020,1,2,1,3,5,3,2,0,1,0,0,0,0,1,797753,8523,5827446,858
135693,11,4,4030725,4300416,2020,1,20,4,2,5,7,2,0,1,0,1,0,0,1,791874,9102,5826442,716
135694,11,1,1044102,1400939,2020,1,0,1,3,5,3,2,0,1,0,0,0,0,0,794375,942,5831806,539
135695,11,1,1011301,1100308,2020,1,23,1,3,5,3,2,0,1,0,0,0,0,1,797545,738,5828727,833
135696,11,1,1044103,1400942,2020,1,20,1,3,2,6,2,0,1,0,0,0,0,1,794667,9957,5830853,761
135697,11,8,8010213,8100208,2020,1,18,1,3,5,3,1,1,1,0,0,0,0,0,801637,7356,5822641,53
135698,11,4,4010102,4100101,2020,1,15,1,3,2,6,2,0,1,0,0,0,0,1,793093,7295,5830242,562
135700,11,5,5010310,5100312,2020,1,13,3,3,6,7,0,0,1,1,0,0,0,0,784661,7819,5830711,42
135701,11,4,4030931,4501042,2020,1,22,7,3,6,7,2,0,1,1,0,0,0,0,794317,5983,5826061,138
135702,11,9,9020701,9200715,2020,1,6,4,3,5,2,2,0,1,0,0,0,1,1,808461,3969,5819063,976
135703,11,5,5020627,5200632,2020,1,18,7,3,2,2,2,0,1,0,0,0,0,0,785957,4825,5828011,63
135705,11,11,11030619,11300620,2020,1,18,7,3,2,6,2,0,1,0,0,0,0,1,803536,9935,5829748,635
135707,11,6,6020301,6200311,2020,1,17,7,3,5,3,2,0,1,0,0,0,0,1,795874,8985,5818149,348
135708,11,1,1044201,1401044,2020,1,17,7,3,5,3,2,1,1,0,0,0,0,1,796791,7665,5831445,735
135711,11,4,4030623,4300622,2020,1,17,7,3,5,2,2,0,1,0,0,0,0,1,793814,8632,5826695,908
135712,11,12,12214421,12200307,2020,1,16,7,3,6,2,2,0,1,1,0,0,0,1,793403,5558,5833188,578
135714,11,1,1011401,1100415,2020,1,16,7,3,2,6,2,0,1,0,0,0,0,1,797446,749,5829211,685
135715,11,12,12302107,12601236,2020,1,11,4,3,5,2,0,0,1,0,0,0,0,1,794403,3426,5836235,91
135716,11,3,3040818,3400831,2020,1,14,7,3,2,6,0,0,1,0,0,0,0,1,799290,7807,5833423,253
135717,11,1,1011301,1100308,2020,1,13,7,3,5,2,0,1,1,0,0,0,0,1,796861,9547,5828111,81
135719,11,3,3030715,3300516,2020,1,13,7,3,5,2,0,0,1,0,0,0,0,1,800620,8601,5833656,705
135721,11,1,1022101,1200517,2020,1,13,7,2,5,2,0,1,1,0,0,0,0,1,792741,964,5828277,876
135722,11,7,7060604,7601341,2020,1,10,3,3,5,2,0,0,1,0,0,0,0,0,797986,4167,5815145,759
135723,11,4,4051654,4501150,2020,1,11,7,3,0,4,0,1,0,1,0,0,0,1,793453,2439,5823892,525
135724,11,7,7060604,7601341,2020,1,14,3,3,2,6,0,0,1,0,0,0,0,1,797299,9018,5815555,119
135725,11,5,5030833,5300840,2020,1,7,7,3,0,2,1,0,1,0,1,0,0,1,789404,7597,5828682,434
135726,11,1,1011303,1100310,2020,1,3,7,3,5,3,2,0,1,0,0,0,0,1,799503,9356,5828831,548
135728,11,4,4030726,4500936,2020,1,0,7,2,5,2,2,0,1,0,0,0,1,1,792295,628,5825364,356
135730,11,10,10030727,10300734,2020,1,12,5,3,5,3,0,1,0,0,0,0,1,1,809603,3418,5825667,561
135731,11,6,6010209,6100209,2020,1,13,6,3,2,6,0,0,1,0,0,0,0,1,794199,3142,5820914,39
135732,11,8,8010509,8100521,2020,1,19,6,3,2,6,2,0,1,0,0,0,0,1,803936,7867,5822005,527
135733,11,6,6020409,6200421,2020,1,12,6,3,0,1,0,1,0,0,0,0,0,1,793800,9423,5818453,863
135734,11,1,1044101,1400938,2020,1,16,6,3,0,3,2,0,1,0,1,0,0,1,794828,6646,5831329,215
135736,11,3,3040818,3400826,2020,1,14,3,3,1,5,0,1,1,0,0,0,0,1,798971,639,5832602,469
135737,11,8,8010303,8100314,2020,1,15,6,3,5,3,1,0,1,0,0,0,0,1,801175,9623,5823929,34
135738,11,3,3040508,3400618,2020,1,15,6,3,1,5,1,0,1,0,1,0,0,1,796518,86,5836937,7
135740,11,3,3030715,3300516,2020,1,14,3,3,2,6,0,0,1,0,0,0,1,1,800497,4472,5832614,415