OBJECTID,LAND,BEZ,LOR,LOR_ab_2021,UJAHR,UMONAT,USTUNDE,UWOCHENTAG,UKATEGORIE,UART,UTYP1,ULICHTVERH,IstRad,IstPKW,IstFuss,IstKrad,IstGkfz,IstSonstige,USTRZUSTAND,LINREFX,LINREFY,XGCSWGS84,YGCSWGS84
135741,11,9,9051901,9501939,2020,1,15,6,3,5,2,0,0,1,0,0,0,1,1,810754,6052,5821389,62
135742,11,4,4030623,4300622,2020,1,17,4,3,0,3,2,1,0,0,1,0,0,1,793134,3237,5827447,474
135743,11,7,7010104,7100205,2020,1,14,6,3,5,3,0,0,1,0,0,0,0,1,796355,7063,5825090,36
135744,11,5,5010312,5100314,2020,1,7,3,3,5,3,1,0,1,0,0,0,0,0,784832,6751,5830264,447
135745,11,5,5010209,5100211,2020,1,13,6,2,2,6,0,0,1,0,0,0,0,1,783235,7987,5830277,76
135746,11,4,4030620,4300619,2020,1,14,6,3,2,6,0,0,1,0,0,0,0,0,792471,613,5827178,727
135747,11,9,9010401,9100407,2020,1,20,6,2,6,2,2,0,0,1,0,0,1,1,806317,2315,5820957,859
135748,11,4,4030827,4300623,2020,1,19,6,2,6,2,2,0,1,1,0,0,0,1,792282,5712,5826503,87
135750,11,6,6010206,6100206,2020,1,12,3,2,6,4,0,0,1,1,0,0,0,1,795051,9623,5819627,632
135751,11,12,12214422,12200310,2020,1,20,6,2,5,3,2,0,1,0,0,0,1,1,792335,6222,5833919,748
135752,11,7,7030301,7300515,2020,1,19,3,2,5,3,2,0,1,0,1,0,0,1,793501,7607,5822495,25
135753,11,4,4020311,4200310,2020,1,5,4,3,5,3,2,0,1,0,0,0,0,1,789699,6057,5826756,691
135754,11,2,2010104,2100106,2020,1,18,6,3,5,3,2,1,1,0,0,0,0,1,799574,9589,5825633,971
135755,11,4,4041134,4400726,2020,1,18,6,3,5,3,2,1,1,0,0,0,0,1,790852,6642,5823648,673
135756,11,5,5020523,5200527,2020,1,19,3,2,5,3,2,0,1,0,1,0,0,0,782546,4312,5827711,65
135757,11,4,4051446,4501043,2020,1,14,4,3,2,6,0,0,1,0,0,0,0,1,792836,5727,5824337,555
135758,11,8,8010214,8100209,2020,1,16,6,3,6,2,1,0,1,1,0,0,0,1,801808,5402,5821970,111
135760,11,6,6020303,6200313,2020,1,17,6,3,2,2,2,0,1,0,0,0,0,1,795349,841,5818442,785
135761,11,4,4020310,4200308,2020,1,17,6,3,6,2,2,0,1,1,0,0,0,1,789195,1732,5827534,69
135763,11,2,2030302,2300316,2020,1,17,6,2,6,2,2,0,1,1,0,0,0,1,801155,4762,5825945,326
135764,11,5,5010206,5100208,2020,1,17,6,3,6,4,2,0,1,1,0,0,0,1,782610,6427,5831004,979
135766,11,11,11040925,11400927,2020,1,16,6,3,2,2,2,1,1,0,0,0,0,1,803410,4884,5826629,225
135767,11,1,1011301,1100308,2020,1,18,3,3,0,1,2,1,0,0,0,0,0,1,797565,545,5828635,257
135768,11,1,1011305,1100312,2020,1,7,4,3,5,3,1,1,1,0,0,0,0,1,799130,3326,5827128,65
135769,11,11,11020412,11200411,2020,1,23,6,3,5,2,2,0,1,0,0,0,0,1,805620,2672,5831776,594
135770,11,8,8010213,8100208,2020,1,22,6,3,6,4,2,1,0,1,0,0,0,1,801227,844,5822527,678
135772,11,12,12214422,12200310,2020,1,22,6,2,6,4,2,0,1,1,0,0,0,1,792026,9163,5832941,126
135774,11,8,8020619,8200623,2020,1,21,6,3,0,2,2,0,1,1,0,0,0,1,801548,2891,5820665,824
135775,11,6,6030607,6300631,2020,1,20,6,2,5,3,2,1,1,0,0,0,0,1,791479,2838,5816159,202
135777,11,1,1033101,1300732,2020,1,20,6,2,5,3,2,1,1,0,0,0,0,1,797416,7572,5831914,516
135778,11,7,7030302,7300618,2020,1,17,3,3,5,3,2,1,1,0,0,0,0,1,794754,8266,5822325,191
135779,11,2,2050802,2500833,2020,1,21,3,3,6,4,2,0,1,1,0,0,0,1,802509,9019,5827230,74
135780,11,4,4051551,4501148,2020,1,13,6,3,5,2,0,0,1,0,0,0,0,0,793340,8062,5823072,392
135781,11,3,3061430,3601450,2020,1,13,6,3,5,3,0,0,1,0,0,0,0,0,802655,8191,5829608,88
135783,11,1,1033101,1300730,2020,1,15,2,3,5,2,0,0,1,0,0,0,0,1,796160,2119,5832270,463
135784,11,5,5020417,5200420,2020,1,12,6,3,2,6,0,0,1,0,0,0,0,1,782756,8546,5828563,323
135786,11,12,12214424,12200309,2020,1,18,4,3,5,7,2,0,1,0,1,0,0,1,793330,9425,5832799,935
135787,11,3,3061332,3601346,2020,1,12,6,3,2,1,0,0,1,0,1,0,0,0,799330,3295,5831097,361
135788,11,9,9051702,9501737,2020,1,11,6,3,5,2,0,1,1,0,0,0,0,1,814202,7274,5821333,61
135790,11,3,3040614,3400721,2020,1,10,6,3,5,3,0,1,1,0,0,0,0,1,797971,2527,5833203,942
135791,11,7,7040403,7400823,2020,1,8,3,3,6,2,0,0,1,1,0,0,0,1,797315,1229,5821550,368
135792,11,7,7030301,7300517,2020,1,1,6,3,0,1,2,1,0,0,0,0,0,0,794162,8009,5822098,505
135793,11,6,6040809,6400843,2020,1,15,5,3,6,4,1,0,1,1,0,0,0,0,791558,958,5820644,59
135795,11,3,3061126,3601140,2020,1,18,2,3,0,1,2,0,0,0,1,0,0,1,798664,7952,5831793,72
135796,11,8,8010211,8100206,2020,1,3,5,2,5,3,2,0,1,0,0,0,0,2,800439,8294,5823729,365
135797,11,2,2020204,2200210,2020,1,17,3,3,5,3,2,1,1,0,0,0,0,1,798311,2811,5825326,64
135798,11,6,6020409,6200421,2020,1,16,4,3,2,6,2,0,1,0,0,0,0,1,793820,9915,5817565,975
135799,11,4,4030620,4300619,2020,1,14,5,2,3,6,0,0,1,0,1,1,0,0,792891,8214,5827366,141
135800,11,10,10040933,10400941,2020,1,16,3,3,5,3,1,1,1,0,0,0,0,1,812641,2466,5825270,688
135801,11,1,1033101,1300730,2020,1,13,5,3,5,2,0,0,1,0,0,0,0,0,796160,2119,5832270,463
135802,11,9,9031202,9301228,2020,1,13,5,3,2,6,0,1,1,0,0,0,0,0,816867,7964,5811956,379
135803,11,4,4041342,4400833,2020,1,12,5,3,6,2,0,0,1,1,0,0,0,0,792043,7518,5822453,91
135804,11,3,3020307,3200310,2020,1,12,5,3,0,7,0,1,1,0,0,0,0,0,799960,5046,5838381,371
135805,11,2,2050601,2500726,2020,1,11,5,3,3,2,0,1,1,0,0,0,0,0,801921,8004,5828874,732
135806,11,4,4030726,4500936,2020,1,11,5,3,5,2,0,0,1,0,0,0,0,0,792285,3249,5825459,621
135807,11,12,12214421,12200307,2020,1,8,5,3,0,7,0,0,1,0,0,0,0,0,793426,2185,5833335,292
135808,11,7,7070705,7601546,2020,1,8,5,3,5,3,0,0,1,0,0,0,0,0,798889,4013,5813352,802
135810,11,3,3071536,3701554,2020,1,21,2,3,8,1,2,0,0,0,1,0,0,0,798785,6901,5830200,828
135811,11,7,7040401,7400720,2020,1,6,5,3,5,3,2,0,1,0,0,0,0,2,796838,3559,5822802,99
135812,11,5,5010312,5100314,2020,1,7,4,3,2,6,0,0,1,0,0,0,0,1,785097,34,5830319,76
135813,11,8,8020619,8200623,2020,1,3,5,3,5,3,2,0,1,0,0,0,0,1,801547,338,5820659,248
135815,11,7,7040403,7400824,2020,1,22,5,2,0,1,2,0,1,0,0,0,0,1,797841,4059,5822205,97
135817,11,7,7070702,7601443,2020,1,19,5,2,1,5,2,0,1,0,0,0,0,0,800451,3016,5815906,739
135818,11,2,1011304,1100311,2020,1,18,5,2,6,4,2,0,1,1,0,0,0,0,800244,91,5828415,186
135820,11,11,11040926,11400929,2020,1,18,5,3,5,3,2,0,1,0,0,0,1,0,805038,8293,5826225,467
135821,11,6,6020306,6200317,2020,1,15,3,3,5,3,1,1,1,0,0,0,0,1,795683,819,5816891,395
135823,11,6,6010102,6100102,2020,1,17,5,2,0,6,2,0,1,0,0,0,1,0,793527,8876,5820672,535
135824,11,3,3040614,3400724,2020,1,11,4,3,5,3,0,0,1,0,0,0,0,1,800030,692,5834667,93
135825,11,1,1011105,1100102,2020,1,17,5,3,5,2,2,1,1,0,0,0,0,0,796635,518,5826670,283
135826,11,1,1033102,1300733,2020,1,15,5,3,5,3,1,1,1,0,0,0,0,0,797176,5206,5831922,721
135828,11,1,1022101,1200517,2020,1,15,5,3,2,2,0,0,1,0,0,0,0,0,793533,2148,5828161,605
135829,11,2,2030301,2300314,2020,1,7,5,1,6,4,1,0,0,1,0,0,1,0,799933,6153,5826044,674
135831,11,3,3071639,3701660,2020,1,13,4,3,6,4,0,0,1,1,0,0,0,0,800387,6409,5829060,801
135832,11,3,3040512,3400619,2020,1,11,3,2,5,3,0,1,1,0,0,0,0,1,795720,354,5834977,34
135833,11,11,11030721,11300722,2020,1,18,4,2,5,2,2,0,1,0,1,0,0,0,803688,9436,5828633,703
135834,11,6,6040806,6400840,2020,1,21,4,3,5,2,2,1,1,0,0,0,0,0,789038,304,5819709,176
135836,11,2,2010104,2100106,2020,1,13,4,1,5,2,0,1,0,0,0,1,0,1,799880,5362,5825708,867
135837,11,8,8010211,8100206,2020,1,11,4,2,5,3,0,0,1,0,0,0,0,0,800445,2321,5823706,936
135838,11,1,1044101,1400938,2020,1,3,4,3,5,2,2,0,1,0,0,0,0,1,794021,9633,5830177,867
135840,11,8,8010211,8100206,2020,1,3,4,3,5,3,2,0,1,0,0,0,0,0,800440,3061,5823727,283
135842,11,8,8020619,8200623,2020,1,2,4,3,5,3,2,0,1,0,0,0,0,0,801549,2591,5820662,845
135843,11,4,4051446,4501043,2020,1,15,3,3,6,4,1,1,0,1,0,0,0,1,792678,673,5825314,625
135844,11,3,3061332,3601346,2020,1,1,4,2,0,1,2,1,0,0,0,0,0,0,799283,2427,5830570,509
135845,11,4,4030931,4501042,2020,1,7,3,3,1,5,0,1,1,0,0,0,0,1,794437,6929,5825791,426
135849,11,1,1011302,1100309,2020,1,20,2,3,6,2,2,0,1,1,0,0,0,0,798654,8063,5828509,754
135851,11,8,8010301,8100312,2020,1,19,2,3,1,5,2,1,1,0,0,0,0,0,800829,4615,5824291,893
135853,11,6,6030503,6300526,2020,1,19,4,3,5,2,2,1,1,0,0,0,0,1,789520,39,5817749,822
135860,11,6,6020305,6200315,2020,1,18,2,2,6,4,2,0,1,1,0,0,0,1,795476,6805,5817669,862
135862,11,2,2020203,2200208,2020,1,6,4,3,5,2,2,1,1,0,0,0,0,1,797842,201,5824926,67
135867,11,7,7040402,7400822,2020,1,15,4,3,6,4,0,0,1,1,0,0,0,0,796462,2699,5821140,583
135877,11,5,5010314,5100316,2020,1,8,4,3,0,5,0,0,0,0,0,0,1,1,784805,4172,5828910,932
135886,11,1,1011402,1100416,2020,1,8,3,3,1,5,1,1,0,0,0,0,1,1,798765,6993,5829638,8
135892,11,10,10010310,10100314,2020,1,21,5,2,9,1,2,0,0,0,0,0,1,1,808882,1525,5830203,666
135897,11,6,6030609,6300633,2020,1,9,3,2,5,2,0,0,1,0,0,0,0,1,793162,5634,5818217,988
135901,11,8,8041036,8401242,2020,1,18,2,2,5,2,2,0,1,0,1,0,0,1,804513,3181,5816073,297
135903,11,8,8041037,8401243,2020,1,15,3,3,3,6,1,0,1,0,0,0,1,1,805535,167,5818534,205
135904,11,1,1011101,1100101,2020,1,17,4,3,1,5,2,1,1,0,0,0,0,1,794982,8128,5825966,883
135906,11,12,12103117,12100101,2020,1,15,3,3,5,2,0,0,1,0,0,0,0,0,795782,2648,5832578,61
135912,11,4,4010101,4100101,2020,1,7,3,3,6,2,2,0,1,1,0,0,0,1,790430,9832,5829171,923
135913,11,1,1044202,1401047,2020,1,18,7,3,6,2,2,0,1,1,0,0,0,0,795619,638,5830518,501
135914,11,12,12103117,12100101,2020,1,16,2,3,2,3,2,0,1,0,0,0,0,0,796376,9872,5832568,252
135915,11,9,9020602,9100409,2020,1,12,6,3,1,5,0,0,1,0,0,0,0,1,807576,8675,5820205,128
135916,11,6,6030608,6300632,2020,1,15,7,3,5,3,0,0,1,0,0,0,0,0,791788,6071,5817352,728
135917,11,11,11030618,11300617,2020,1,10,6,3,5,2,0,1,1,0,0,0,0,0,803026,8,5829186,293
135918,11,8,8010117,8100102,2020,1,7,5,3,5,2,2,1,1,0,0,0,0,0,800368,1483,5823327,176
135919,11,9,9020602,9200614,2020,1,7,2,3,5,3,2,1,1,0,0,0,0,0,808401,501,5820867,75
135920,11,2,2050802,2500833,2020,1,10,6,3,5,3,0,0,1,0,0,1,0,1,802790,3932,5827227,91
135921,11,2,2030401,2300417,2020,1,18,3,3,1,5,2,1,1,0,0,0,0,0,800370,857,5825520,382
135922,11,6,6020410,6200422,2020,1,10,6,3,5,3,0,0,1,0,0,1,0,1,794328,9374,5816907,203
135923,11,4,4051551,4501148,2020,1,18,7,3,8,1,2,0,1,0,0,0,0,0,793112,1776,5822994,43
135924,11,2,2030301,2300314,2020,1,13,2,3,5,3,0,1,1,0,0,0,0,1,800392,9347,5826406,275
135925,11,4,4051549,4501146,2020,1,10,6,2,0,1,0,1,0,0,0,0,0,1,792364,3482,5823728,465
135926,11,5,5010314,5100316,2020,1,10,5,3,6,4,0,0,1,1,0,0,0,0,784786,7277,5828828,907
135927,11,4,4051653,4501152,2020,1,18,4,3,6,4,2,1,0,1,0,0,0,0,794032,6535,5824450,598
135928,11,6,6030610,6300634,2020,1,14,1,3,5,2,0,0,1,0,1,0,0,0,792582,617,5818208,848
135929,11,3,3061131,3601142,2020,1,9,4,3,5,2,0,1,1,0,0,0,0,0,799171,1548,5830744,106
135930,11,1,1011202,1100206,2020,1,15,2,2,5,2,0,0,1,0,1,0,0,0,798162,78,5827665,14
135931,11,5,5020419,5200423,2020,1,7,3,3,5,2,2,0,1,0,0,0,0,0,780873,2543,5828322,877
135932,11,9,9020702,9200717,2020,1,9,6,2,5,3,0,1,1,0,0,0,0,1,809600,4707,5820547,71
135933,11,9,9041401,9401431,2020,1,8,6,3,3,6,1,1,0,0,0,0,1,0,812028,5193,5820707,623
135934,11,8,8010303,8100314,2020,1,9,2,3,2,2,0,0,1,0,0,0,1,0,800363,8701,5824348,563
135935,11,6,6010101,6100101,2020,1,8,6,2,5,2,0,1,1,0,0,0,0,1,793249,8608,5820259,403
135936,11,3,3061131,3601142,2020,1,18,5,3,1,5,2,1,1,0,0,0,0,0,798311,1345,5830927,66
135937,11,4,4041344,4400835,2020,1,16,4,3,5,2,2,0,1,0,1,0,0,0,792990,1186,5822304,455
135938,11,9,9010402,9100408,2020,1,12,1,1,5,2,0,1,0,0,0,0,1,0,806625,6971,5820411,17
135939,11,8,8010301,8100311,2020,1,12,2,3,5,3,0,1,1,0,0,0,0,1,800500,1081,5824564,783
135940,11,2,2010101,2100101,2020,1,8,6,3,0,1,1,0,0,0,0,0,1,1,797326,5962,5826146,106
135941,11,4,4030931,4501042,2020,1,5,7,3,0,1,2,0,0,0,0,0,1,1,794078,464,5825725,577
135942,11,10,10010310,10100314,2020,1,14,6,3,0,7,0,0,1,0,0,0,1,0,809026,4291,5830230,719
135943,11,4,4051446,4501043,2020,1,15,1,3,2,6,0,0,1,0,0,0,1,0,792832,4337,5824314,382
135944,11,1,1011202,1100206,2020,1,8,6,3,5,3,0,0,1,0,0,0,0,0,797884,3063,5828175,692
135945,11,3,3030406,3300412,2020,1,10,3,3,4,7,0,0,1,0,0,0,0,0,802111,6357,5838881,13
135946,11,4,4030623,4300622,2020,1,8,6,2,5,2,0,1,1,0,0,0,0,1,793857,2465,5826829,121
135947,11,8,8020625,8200730,2020,1,7,6,2,6,2,1,0,1,1,0,0,0,2,802256,3365,5818945,269
135948,11,9,9010302,9100306,2020,1,7,2,3,6,2,2,0,1,1,0,0,0,0,804023,4275,5821200,635
135949,11,6,6040804,6400838,2020,1,7,6,2,6,2,0,0,1,1,0,0,0,1,787586,1851,5818055,882
135950,11,1,1022204,1200626,2020,1,18,5,3,6,4,1,1,0,1,0,0,0,0,794563,462,5828297,32
135951,11,7,7020202,7200308,2020,1,13,4,3,5,5,0,1,1,0,0,0,0,0,794924,5642,5823594,408
135952,11,4,4051448,4501045,2020,1,18,7,3,5,3,2,1,1,0,0,0,0,0,793964,6671,5824920,625
135953,11,3,3040818,3400829,2020,1,17,2,3,5,3,2,1,1,0,0,0,0,0,799993,567,5833017,497
135954,11,9,9010401,9100407,2020,1,7,6,3,5,3,2,1,1,0,0,0,0,1,806115,7098,5820081,818
135955,11,1,1033102,1300733,2020,1,3,7,3,5,2,2,0,1,0,0,0,0,1,797366,4373,5831201,912
135956,11,1,1033203,1300836,2020,1,13,6,3,2,6,0,0,1,0,0,0,1,0,796510,4633,5830919,441
135957,11,9,9020501,9200510,2020,1,10,5,3,2,6,0,0,1,0,0,0,0,0,806153,6139,5823335,15
135958,11,9,9010402,9100409,2020,1,9,2,3,5,3,0,1,1,0,0,0,0,0,807493,2277,5819514,65
135959,11,8,8010301,8100312,2020,1,20,6,3,5,3,2,1,1,0,0,0,0,1,801251,573,5824241,68
135960,11,5,5010312,5100314,2020,1,17,5,3,6,4,2,0,1,1,0,0,0,0,784977,8936,5830028,54
135961,11,12,12214422,12200310,2020,1,11,2,2,0,2,0,0,1,0,0,0,1,0,791885,6043,5833393,523
135962,11,11,11020412,11200411,2020,1,7,4,2,5,3,2,1,1,0,0,0,0,0,805842,3047,5831853,978
135963,11,6,6010206,6100206,2020,1,13,7,3,5,3,0,1,1,0,0,0,0,0,794255,7361,5819376,404
135964,11,7,7010104,7100205,2020,1,16,2,2,3,6,0,0,1,0,0,0,0,0,796376,7248,5825232,341
135965,11,2,2030302,2300315,2020,1,19,6,3,5,3,1,1,1,0,0,0,0,1,800678,7425,5825793,301
135966,11,6,6020410,6200422,2020,1,1,7,2,1,1,2,0,1,0,0,0,0,1,794274,9137,5816381,751
135967,11,4,4010103,4100102,2020,1,11,6,3,0,2,0,1,1,0,0,0,0,0,791563,1785,5829736,48
135968,11,9,9051701,9501736,2020,1,7,5,3,5,3,1,1,1,0,0,0,0,0,812810,9413,5821337,579
135969,11,9,9041301,9401329,2020,1,17,2,3,1,5,2,0,1,0,0,0,0,0,812181,3231,5818247,635
135970,11,2,2040701,2400623,2020,1,19,6,3,3,6,2,1,1,0,0,0,0,1,800588,2032,5827034,371
135971,11,9,9020501,9200510,2020,1,17,3,3,2,2,2,0,1,0,0,0,0,0,806235,4627,5823199,34
135972,11,6,6020303,6200313,2020,1,19,6,2,6,2,2,0,1,1,0,0,0,0,795369,8398,5818454,923
135973,11,1,1011303,1100310,2020,1,18,7,3,2,2,2,0,1,0,0,0,0,0,798674,6269,5828137,506
135974,11,12,12214421,12200307,2020,1,11,2,3,5,3,0,0,1,0,0,0,0,0,793032,7203,5833869,127
135975,11,4,4041137,4400727,2020,1,18,6,3,6,4,2,0,1,1,0,0,0,1,791476,625,5824361,952
135976,11,3,11030618,11300617,2020,1,20,3,3,2,6,2,0,1,0,0,0,0,0,802583,2057,5829304,524
135977,11,6,6020301,6200311,2020,1,17,6,3,5,3,2,0,1,0,0,0,0,1,796245,6984,5818262,4
135978,11,6,6020409,6200421,2020,1,10,7,3,5,2,0,1,1,0,0,0,0,1,793305,2417,5816955,203
135979,11,3,3040614,3400723,2020,1,15,2,3,5,7,0,0,1,0,1,0,0,1,799216,4929,5833730,875
135980,11,1,1044201,1401045,2020,1,17,6,3,2,2,2,0,1,0,0,0,0,1,796460,955,5831928,59
135981,11,3,3061126,3601140,2020,1,8,5,3,2,7,0,0,1,0,0,0,0,0,798464,65,5831646,883
135982,11,2,2050601,2500726,2020,1,8,4,3,5,3,0,0,1,0,0,0,0,0,801967,8834,5828239,785
135983,11,2,2050803,2500835,2020,1,19,1,3,6,2,2,0,1,1,0,0,0,0,803061,1402,5825880,23
135984,11,2,2020204,2200210,2020,1,16,3,3,5,2,0,1,1,0,0,0,0,0,798843,5331,5825088,206
135985,11,1,1011306,1100313,2020,1,17,6,3,5,2,2,0,0,0,1,0,1,1,800435,5519,5826709,838
135986,11,2,2040502,2400521,2020,1,7,6,3,1,5,0,1,1,0,0,0,0,0,800462,5901,5828369,996
135987,11,3,3020307,3200309,2020,1,8,2,3,5,2,0,1,1,0,0,0,0,0,800465,2899,5836192,497
135988,11,3,3061332,3601348,2020,1,16,6,3,0,1,2,0,0,0,1,0,0,1,799728,5248,5830567,24
135989,11,2,2010103,2100104,2020,1,16,5,2,6,4,2,0,1,1,0,0,0,0,799049,6506,5826308,16
135990,11,9,9020802,9200819,2020,1,16,4,3,5,2,0,1,1,0,0,0,0,0,810385,8703,5819843,46
135991,11,9,9010202,9100203,2020,1,10,7,3,6,4,0,0,1,1,0,0,0,0,804233,6332,5824169,466
135992,11,4,4020311,4200310,2020,1,21,5,2,8,1,2,0,1,0,0,0,0,0,789778,1601,5826392,399
135993,11,6,6020302,6200312,2020,1,17,4,2,5,3,2,0,1,0,1,0,0,0,794324,7905,5819194,66
135994,11,8,8010303,8100314,2020,1,5,1,3,0,7,2,0,1,0,0,0,0,0,800340,8922,5824353,607
135995,11,2,2020203,2200209,2020,1,8,3,3,0,2,0,1,0,0,0,1,0,1,796952,5644,5824408,38
135996,11,7,7010101,7100101,2020,1,15,6,2,0,3,1,1,0,0,0,0,1,1,794662,6116,5825731,763
135997,11,6,6010209,6100209,2020,1,18,6,3,6,2,1,0,1,1,0,0,0,0,794086,3175,5821511,762
135998,11,1,1033203,1300836,2020,1,0,2,3,1,1,2,0,1,0,0,0,0,1,796733,2271,5830178,76
135999,11,4,4041238,4400830,2020,1,15,6,3,6,2,1,0,1,1,0,0,0,1,791308,6539,5822786,417
136000,11,6,6020304,6200314,2020,1,17,5,3,5,2,2,0,1,0,1,0,0,0,794602,8566,5817724,394
136001,11,5,5010339,5100317,2020,1,13,4,2,2,6,0,0,1,0,0,0,0,0,787094,262,5828151,607
136002,11,3,3061430,3601450,2020,1,16,2,3,5,2,2,0,1,0,0,0,0,1,802340,4991,5829200,996
136003,11,7,7040404,7400826,2020,1,15,6,3,6,7,0,1,0,1,0,0,0,0,797155,8697,5820588,895
136004,11,2,2010104,2100106,2020,1,17,6,3,6,7,2,1,0,1,0,0,0,0,799054,6495,5825612,719
136005,11,5,5030730,5300736,2020,1,23,2,3,0,3,2,1,1,0,0,0,0,0,786812,2934,5829822,78
136006,11,7,7010103,7100204,2020,1,14,6,3,5,7,0,0,1,0,1,0,0,1,795506,9158,5824806,629
136007,11,4,4051446,4501043,2020,1,12,6,3,1,5,0,0,1,0,1,0,0,1,792827,1092,5824377,125
136008,11,7,7060603,7601238,2020,1,14,6,3,2,2,0,0,1,0,0,0,0,0,798400,949,5815916,793
136009,11,9,9051901,9501941,2020,1,13,1,2,4,1,0,0,1,0,0,0,0,0,811047,8635,5821228,618
136010,11,12,12214527,12200515,2020,1,17,5,3,6,4,2,0,1,1,0,0,0,0,789888,6312,5835039,993
136011,11,5,5010101,5100104,2020,1,8,2,3,5,3,0,0,1,0,0,1,0,0,785812,1559,5831736,54
136012,11,6,6020305,6200315,2020,1,9,1,2,6,2,0,0,1,1,0,0,0,0,795413,8103,5817968,747
136013,11,10,10010310,10100315,2020,1,5,4,3,6,2,2,0,1,1,0,0,0,0,809379,8149,5830478,201
136014,11,2,2020202,2200208,2020,1,23,7,3,5,2,2,1,1,0,0,0,0,1,797919,5382,5825262,968
136015,11,7,7070705,7601546,2020,1,15,2,3,6,5,0,0,1,1,0,0,0,0,798651,935,5813760,35
136016,11,7,7040401,7400721,2020,1,5,6,3,6,2,2,0,1,1,0,0,0,0,798736,6701,5823954,346
136017,11,7,7050501,7501030,2020,1,14,6,3,0,3,0,0,1,0,0,0,1,0,797856,7805,5819621,784
136018,11,4,4020310,4200308,2020,1,10,6,2,5,2,0,1,1,0,0,0,0,0,790271,5977,5827896,794
136019,11,12,12214125,12200412,2020,1,9,1,3,5,2,0,0,1,0,0,0,0,1,791165,8241,5834026,556
136020,11,8,8010404,8100416,2020,1,11,4,3,6,4,0,0,1,1,0,0,0,0,801840,5851,5823067,363
136021,11,12,12214125,12200414,2020,1,15,2,3,2,6,1,0,1,0,0,0,0,1,788064,1649,5831084,439
136022,11,11,11040925,11400927,2020,1,12,6,3,0,1,0,0,0,0,1,0,0,1,803874,8608,5826396,989
136023,11,3,3030715,3300516,2020,1,14,7,3,5,3,0,0,1,0,0,0,0,0,800991,5392,5834481,403
136024,11,12,12103218,12100205,2020,1,8,5,2,1,7,0,0,1,0,0,1,0,0,795563,5912,5834514,54
136025,11,7,7050501,7501030,2020,1,7,2,3,5,5,1,1,1,0,0,0,0,0,797806,3876,5820416,268
136026,11,8,8030829,8300934,2020,1,4,6,3,6,2,2,0,0,1,0,1,0,1,803136,604,5818434,848
136027,11,11,11030721,11300723,2020,1,19,3,3,2,6,2,0,1,0,0,0,0,1,805215,6323,5828207,916
136028,11,12,12302110,12601235,2020,1,7,6,3,6,2,2,0,1,1,0,0,0,1,794634,948,5836270,1
136029,11,1,1044202,1401047,2020,1,10,7,3,2,6,0,0,1,0,0,0,0,0,795756,1675,5830568,63
136030,11,1,1044101,1400937,2020,1,14,2,3,2,6,0,0,1,0,0,1,0,1,793796,9675,5832176,797
136031,11,10,10010308,10100311,2020,1,7,6,3,4,6,2,0,1,0,0,0,1,1,806987,9076,5829860,308
136032,11,2,2020205,2200211,2020,1,12,5,3,5,3,0,1,1,0,0,0,0,0,798050,8638,5824556,298
136033,11,9,9020701,9200715,2020,1,14,7,3,2,6,0,0,1,0,0,0,0,0,807854,1635,5818113,842
136034,11,5,5030730,5300736,2020,1,18,4,2,2,6,2,0,1,0,0,0,0,0,785818,8744,5829269,511
136035,11,4,4020207,4200205,2020,1,17,1,2,5,5,0,0,1,0,1,0,0,0,788541,633,5826923,84
136036,11,7,7040401,7400721,2020,1,11,3,3,0,6,0,0,0,1,0,0,1,0,797893,8766,5823969,172
136037,11,5,5010206,5100208,2020,1,7,6,2,6,2,2,0,1,1,0,0,0,1,781553,8063,5830707,693
136038,11,7,7070704,7601545,2020,1,7,6,3,0,1,0,1,0,0,0,0,0,1,800176,6034,5814055,565
136039,11,5,5010209,5100211,2020,1,7,3,3,2,6,1,0,1,0,0,0,0,0,781738,3826,5829623,469
136040,11,9,9051901,9501940,2020,1,6,6,3,6,2,2,0,1,1,0,0,0,1,812169,203,5821695,365
136041,11,3,3040614,3400721,2020,1,18,7,3,0,2,2,0,1,0,0,0,1,0,798225,2328,5833454,859
136042,11,6,6030504,6300528,2020,1,9,2,3,6,2,0,0,0,1,0,0,1,0,790158,941,5815449,692
136043,11,5,5030731,5300737,2020,1,6,6,3,6,2,2,0,1,1,0,0,0,1,786983,4755,5829586,869
136044,11,10,10020416,10200423,2020,1,16,5,2,6,4,1,0,1,1,0,0,0,0,813585,4896,5831224,746
136045,11,7,7040405,7400927,2020,1,15,7,3,5,2,0,0,1,0,0,0,0,0,798894,931,5821213,993
136046,11,1,1011401,1100415,2020,1,18,4,3,1,5,2,0,1,0,0,0,0,0,798196,2527,5829354,534
136047,11,1,1011402,1100416,2020,1,1,1,3,0,1,2,1,0,0,0,0,0,1,798695,7,5829495,683
136048,11,1,1011102,1100102,2020,1,9,2,3,3,6,0,0,1,0,0,0,0,0,795077,6226,5827224,642
136049,11,7,7060604,7601341,2020,1,7,5,3,5,2,1,1,1,0,0,0,0,1,797597,5,5815556,108