OBJECTID,LAND,BEZ,LOR,LOR_ab_2021,UJAHR,UMONAT,USTUNDE,UWOCHENTAG,UKATEGORIE,UART,UTYP1,ULICHTVERH,IstRad,IstPKW,IstFuss,IstKrad,IstGkfz,IstSonstige,USTRZUSTAND,LINREFX,LINREFY,XGCSWGS84,YGCSWGS84
136050,11,11,11041128,11401137,2020,1,13,6,3,5,2,0,1,1,0,0,0,0,0,807090,7417,5825836,71
136051,11,7,7010104,7100206,2020,1,15,6,3,0,7,0,1,0,0,0,0,0,0,796693,2404,5824321,15
136052,11,7,7050503,7501031,2020,1,16,1,3,5,3,2,0,1,0,0,0,1,0,799111,1945,5819836,732
136053,11,7,7040406,7400928,2020,1,14,5,3,4,6,0,1,1,0,0,0,0,0,800213,226,5821775,104
136054,11,5,5010311,5100313,2020,1,13,5,3,2,6,0,0,0,0,1,0,1,0,785333,908,5830089,269
136055,11,5,5010206,5100208,2020,1,12,2,3,5,2,0,0,1,0,0,0,0,0,781546,9549,5830700,132
136056,11,11,11030619,11300620,2020,1,7,2,3,2,6,0,0,1,0,0,0,0,0,803881,8203,5829567,773
136057,11,3,3030715,3300516,2020,1,17,5,3,0,1,2,0,1,0,1,0,0,1,801146,1901,5833194,919
136058,11,4,4030519,4300518,2020,1,16,5,3,2,6,0,0,1,0,0,0,0,0,791334,3098,5828695,25
136059,11,1,1044201,1401043,2020,1,15,4,3,5,3,0,1,1,0,0,0,0,0,796201,721,5830765,617
136060,11,3,3071537,3701556,2020,1,18,7,3,3,2,2,1,1,0,0,0,0,0,799812,324,5829573,699
136061,11,12,12214527,12200515,2020,1,18,2,3,1,1,2,1,1,0,0,0,0,0,789620,3324,5834578,626
136062,11,1,1044101,1400938,2020,1,21,5,3,6,4,2,0,1,1,0,0,0,1,794234,4398,5831183,405
136063,11,1,1011102,1100102,2020,1,13,6,3,5,3,0,0,1,0,0,0,0,1,795050,5368,5827188,868
136064,11,3,3061131,3601142,2020,1,14,6,3,2,7,0,1,1,0,0,0,0,0,798826,1601,5830362,167
136065,11,7,7050501,7501029,2020,1,15,7,3,5,3,0,1,1,0,0,0,0,0,797593,2916,5819553,856
136066,11,5,5020625,5200629,2020,1,11,5,2,2,6,0,0,1,0,0,0,1,0,784210,8821,5828728,452
136067,11,12,12214527,12200515,2020,1,9,2,3,0,6,0,1,0,0,0,0,1,0,790139,5385,5835309,759
136068,11,6,6040703,6400737,2020,1,15,7,3,5,2,0,1,1,0,0,0,0,0,787067,7071,5817276,23
136069,11,3,3061227,3601244,2020,1,11,3,3,5,3,0,1,1,0,0,0,0,0,800085,204,5831661,7
136070,11,3,3061227,3601243,2020,1,23,7,3,5,2,2,0,1,0,0,0,1,0,799492,9518,5831755,402
136071,11,1,1011201,1100205,2020,1,8,4,3,5,3,0,1,1,0,0,0,0,0,796957,9387,5826728,578
136072,11,12,12214421,12200307,2020,1,17,7,2,6,2,2,0,1,1,0,0,0,0,793384,3713,5833150,693
136073,11,11,11030619,11300620,2020,1,16,2,3,5,3,2,0,1,0,0,0,0,1,804212,2582,5829085,58
136074,11,1,1044101,1400938,2020,1,20,5,2,6,2,2,0,1,1,0,0,0,1,794518,799,5831557,676
136075,11,12,12214125,12200412,2020,1,13,6,3,2,6,0,0,1,0,0,0,1,0,790711,807,5834292,764
136076,11,3,3010101,3100101,2020,1,10,6,2,5,3,0,1,1,0,0,0,0,0,804133,14,5842099,595
136077,11,11,11051229,11501238,2020,1,7,5,3,5,2,2,1,1,0,0,0,0,0,805625,1711,5824264,921
136078,11,11,11040926,11400928,2020,1,5,2,3,5,3,2,0,1,0,0,0,0,0,804116,7749,5826326,352
136079,11,7,7040405,7400927,2020,1,20,5,3,6,4,2,0,1,1,0,0,0,1,797983,3047,5820842,923
136080,11,2,2020204,2200210,2020,1,18,3,3,5,2,2,1,1,0,0,0,0,0,798295,5895,5825329,38
136081,11,8,8010213,8100208,2020,1,19,5,2,6,4,2,0,1,1,0,0,0,1,801184,429,5822690,1
136082,11,4,4030725,4300416,2020,1,5,7,3,5,3,2,0,1,0,0,0,0,0,791732,7787,5826094,986
136083,11,6,6010101,6100101,2020,1,12,2,3,2,6,0,0,1,0,0,0,1,0,793395,4517,5820344,215
136084,11,1,1011305,1100312,2020,1,19,5,3,5,3,2,0,1,0,0,0,0,1,798855,1466,5826652,387
136085,11,9,9051901,9501939,2020,1,22,5,3,5,2,2,0,1,0,0,0,0,0,809936,9981,5821612,131
136086,11,8,8010118,8100104,2020,1,12,7,3,2,2,0,0,1,0,0,0,0,0,800764,4126,5822750,798
136087,11,1,1033101,1300732,2020,1,15,2,3,6,4,1,0,1,1,0,0,0,1,797320,7342,5832319,716
136088,11,12,12302211,12601031,2020,1,9,5,3,5,3,0,0,1,0,0,0,0,1,793331,9233,5836936,804
136089,11,5,5020626,5200631,2020,1,18,6,3,6,2,2,0,1,1,0,0,0,0,784739,451,5827473,367
136090,11,3,3040818,3400829,2020,1,8,4,3,5,3,0,1,1,0,0,0,0,0,799635,2837,5832787,967
136091,11,8,8010303,8100314,2020,1,12,1,3,6,7,0,1,0,1,0,0,0,0,800937,1148,5824090,532
136092,11,12,12103218,12100205,2020,1,16,3,3,5,2,2,1,1,0,0,0,0,0,793789,8323,5832730,662
136093,11,7,7040406,7400928,2020,1,10,5,3,2,7,0,1,1,0,0,0,0,0,800304,9319,5821958,469
136094,11,1,1033203,1300836,2020,1,10,6,3,6,7,0,0,1,1,0,0,0,0,797001,7484,5831123,371
136095,11,1,1011302,1100309,2020,1,8,2,3,5,3,0,0,1,0,0,0,1,0,798545,1648,5828975,799
136096,11,5,5010314,5100316,2020,1,9,5,3,6,2,0,0,0,1,0,0,1,1,784115,8612,5829153,934
136097,11,4,4020313,4200311,2020,1,16,5,3,5,2,0,1,1,0,0,0,0,0,790360,1852,5827277,389
136098,11,11,11040925,11400927,2020,1,16,4,3,1,5,1,0,1,0,0,0,0,0,803620,9719,5826550,588
136099,11,2,2020205,2200211,2020,1,13,7,3,1,5,0,1,0,0,0,0,1,0,798045,2508,5824263,437
136100,11,3,3030405,3300411,2020,1,16,2,3,3,6,1,1,0,0,1,0,0,0,803891,7627,5839593,642
136101,11,12,12214424,12200411,2020,1,7,5,3,5,2,1,0,1,0,0,1,0,1,792893,7759,5832164,54
136102,11,2,2040502,2400521,2020,1,18,4,3,5,2,2,1,1,0,0,0,0,0,800452,7714,5828446,372
136103,11,4,4020314,4200311,2020,1,10,1,3,2,6,0,0,1,0,0,0,0,1,790395,537,5825625,79
136104,11,9,9010402,9100408,2020,1,10,3,3,2,6,0,0,1,0,0,0,0,0,806345,9245,5820913,51
136105,11,12,12224230,12400618,2020,1,7,5,3,6,4,1,0,1,1,0,0,0,1,787315,6923,5837836,947
136106,11,3,3061435,3601452,2020,1,6,6,3,5,3,1,0,1,0,0,0,0,0,801739,5829,5829153,989
136107,11,7,7020203,7200409,2020,1,3,2,3,5,3,2,0,1,0,0,0,1,0,795285,2908,5824141,129
136108,11,3,3010102,3100103,2020,1,7,5,2,6,4,2,0,1,1,0,0,0,1,804216,4262,5840138,935
136109,11,10,10030727,10300734,2020,1,15,5,3,2,6,0,0,1,0,0,0,0,0,809552,482,5826707,686
136110,11,12,12103218,12100205,2020,1,11,7,2,0,6,0,0,1,0,0,0,1,1,794540,2763,5833109,747
136111,11,9,9010302,9100306,2020,1,13,4,3,2,6,0,0,1,0,0,0,0,0,804888,143,5820631,917
136112,11,5,5020524,5200528,2020,1,16,2,3,5,2,2,0,1,0,0,0,0,0,783641,9548,5825880,493
136113,11,1,1011306,1100313,2020,1,6,5,3,5,3,2,1,1,0,0,0,0,1,799474,357,5826561,679
136114,11,12,12304313,12500825,2020,1,12,6,2,6,4,0,0,1,1,0,0,0,0,791709,797,5834535,693
136115,11,8,8020727,8200832,2020,1,12,6,3,6,2,0,0,1,1,0,0,0,0,801032,3776,5817056,126
136116,11,4,4030519,4300518,2020,1,12,6,3,2,6,0,0,1,0,0,0,1,0,791250,3297,5828963,759
136117,11,8,8010118,8100105,2020,1,14,6,3,2,6,0,0,1,0,1,0,0,0,800960,551,5822263,555
136118,11,6,6020301,6200311,2020,1,14,1,3,5,2,0,1,1,0,0,0,0,0,795869,4749,5818142,534
136119,11,8,8010404,8100415,2020,1,17,5,3,2,6,2,0,1,0,0,0,0,0,801936,4188,5823537,863
136120,11,10,10010308,10100311,2020,1,10,2,3,5,3,0,0,1,0,0,0,0,0,806678,2557,5829128,93
136121,11,11,11030721,11300723,2020,1,5,4,2,5,3,2,0,1,0,1,0,0,0,805212,2276,5828386,571
136122,11,10,10020413,10200420,2020,1,13,7,3,5,3,0,0,1,0,0,0,0,0,811990,4124,5830702,916
136123,11,8,8010406,8100419,2020,1,16,2,3,6,7,0,0,1,1,0,0,0,0,802514,5914,5823755,609
136124,11,4,4020310,4200308,2020,1,19,5,3,5,2,2,1,1,0,0,0,0,1,790348,2216,5827301,289
136125,11,4,4041342,4400833,2020,1,12,6,3,5,3,0,0,1,0,0,0,0,0,792053,4399,5822457,807
136126,11,10,10030725,10300732,2020,1,10,6,3,5,3,0,1,1,0,0,0,0,0,809906,7322,5829665,554
136127,11,7,7050501,7501029,2020,1,6,4,1,5,3,2,0,1,0,1,0,0,0,797683,6525,5819327,605
136128,11,2,2010104,2100106,2020,1,16,2,3,2,6,0,0,1,0,0,0,0,0,799058,7141,5825577,883
136129,11,2,2010101,2100101,2020,1,17,3,3,5,2,2,0,1,0,0,0,0,0,797376,6936,5826179,935
136130,11,5,5010101,5100103,2020,1,19,5,2,6,4,2,0,1,1,0,0,0,1,785599,6305,5831994,2
136131,11,1,1011203,1100206,2020,1,9,5,3,1,5,0,1,1,0,0,0,0,0,797921,4333,5827074,28
136132,11,6,6020409,6200421,2020,1,7,2,3,5,2,0,1,1,0,0,0,0,0,793474,2094,5817728,162
136133,11,6,6010206,6100206,2020,1,18,5,3,1,5,2,1,1,0,0,0,0,1,794960,946,5819491,137
136134,11,1,1011102,1100102,2020,1,19,3,2,0,6,2,0,1,0,1,0,0,1,795312,358,5827353,936
136135,11,1,1011306,1100313,2020,1,18,5,3,5,3,2,1,0,0,0,0,1,1,800433,2982,5826715,147
136136,11,6,6040701,6400735,2020,1,10,7,2,0,1,0,1,0,0,0,0,0,2,781873,4693,5813347,647
136137,11,12,12214527,12200515,2020,1,15,2,3,5,2,1,0,1,0,0,0,0,0,789903,6446,5835694,6
136138,11,4,4041134,4400726,2020,1,17,5,3,2,6,2,0,1,0,0,0,0,1,790858,6323,5824494,382
136139,11,3,3040513,3400620,2020,1,14,5,3,6,2,0,0,1,1,0,0,0,0,797007,7075,5833777,86
136140,11,3,3061332,3601346,2020,1,20,4,3,1,5,2,1,1,0,0,0,0,0,799455,236,5830872,95
136141,11,10,10010310,10100313,2020,1,22,1,3,2,6,2,0,1,0,0,0,0,0,808464,839,5831133,855
136142,11,5,5010205,5100207,2020,1,13,3,2,5,2,0,0,1,0,0,0,0,0,780184,432,5830672,273
136143,11,6,6030610,6300634,2020,1,17,5,3,6,4,2,0,1,1,0,0,0,1,792775,9022,5817956,262
136144,11,9,9020701,9200715,2020,1,8,6,3,5,3,0,1,1,0,0,0,0,0,808199,9963,5818699,518
136145,11,6,6020303,6200313,2020,1,8,2,3,5,2,0,1,1,0,0,0,0,0,795367,5083,5818452,202
136146,11,11,11030824,11300826,2020,1,17,5,3,2,6,2,0,1,0,0,0,0,1,804747,5924,5827422,622
136147,11,1,1011202,1100206,2020,1,16,5,3,6,4,1,0,1,1,0,0,0,0,797709,3044,5827712,684
136148,11,5,5010103,5100105,2020,1,3,7,3,1,1,2,0,1,0,0,0,0,1,784522,5394,5831094,982
136149,11,1,1011202,1100206,2020,1,10,2,3,5,2,0,1,1,0,0,0,0,0,797203,885,5827496,692
136150,11,2,2030301,2300314,2020,1,16,5,3,2,7,2,1,0,0,0,0,1,1,799860,5956,5825845,945
136151,11,8,8010301,8100310,2020,1,19,5,3,5,3,2,1,1,0,0,0,0,0,800386,8003,5825107,221
136152,11,7,7050505,7501134,2020,1,17,4,3,5,2,2,0,1,0,0,0,1,0,798477,3675,5819035,868
136153,11,1,1033101,1300732,2020,1,2,1,3,5,3,2,0,1,0,0,0,0,0,797363,9148,5832422,455
136154,11,9,9010402,9100408,2020,1,10,3,3,5,3,0,1,1,0,0,0,0,0,806718,9757,5820292,276
136155,11,3,3020307,3200310,2020,1,16,5,3,1,5,2,0,1,0,0,0,0,1,799766,2249,5837679,164
136156,11,2,2020203,2200209,2020,1,17,6,2,5,3,1,0,1,1,0,0,0,0,797113,8104,5823995,625
136157,11,8,8010118,8100105,2020,1,18,1,3,1,5,2,1,1,0,0,0,0,0,801096,1246,5821938,984
136158,11,10,10010102,10100102,2020,1,14,5,3,2,6,0,0,1,0,0,0,0,1,809475,3677,5834637,53
136159,11,2,2040701,2400623,2020,1,14,5,3,1,5,0,1,1,0,0,0,0,0,800885,1281,5827541,242
136160,11,1,1022102,1200518,2020,1,12,4,2,5,2,0,0,1,0,0,0,0,0,793323,8037,5828538,52
136161,11,8,8020727,8200832,2020,1,15,4,3,2,6,0,0,1,0,0,0,0,0,801493,6521,5817767,549
136162,11,6,6040701,6400735,2020,1,10,7,3,0,1,0,1,0,0,0,0,0,2,780981,908,5812430,409
136163,11,8,8010508,8100520,2020,1,23,2,3,9,1,2,0,1,0,0,0,1,0,803285,385,5822651,8
136164,11,5,5030730,5300736,2020,1,13,5,3,2,6,0,0,1,0,0,0,0,1,786731,6169,5829284,556
136165,11,2,2010102,2100102,2020,1,12,6,3,3,6,0,0,1,0,0,1,0,1,798330,99,5825553,993
136166,11,9,9020501,9200510,2020,1,14,6,2,2,6,0,0,1,0,1,0,0,0,805770,7535,5822851,113
136167,11,3,3010104,3100101,2020,1,10,1,3,5,3,0,0,1,0,0,0,0,0,800850,42,5838757,109
136168,11,5,5030832,5300841,2020,1,21,7,3,2,6,2,0,1,0,0,0,0,0,789711,7255,5829286,368
136169,11,3,3040512,3400619,2020,1,12,5,3,6,2,0,0,1,1,0,0,0,0,795859,2395,5835312,53
136170,11,1,1033203,1300836,2020,1,9,2,3,2,2,0,1,0,0,0,0,1,0,795875,526,5830598,383
136171,11,2,2050601,2500726,2020,1,17,7,3,5,3,2,1,0,0,0,0,1,0,801941,3384,5829046,387
136172,11,12,12103219,12100204,2020,1,11,3,3,6,7,0,1,0,1,0,0,0,0,795531,1422,5833114,713
136173,11,6,6030610,6300634,2020,1,13,7,3,5,2,0,1,1,0,0,0,0,0,792934,5377,5817746,974
136174,11,7,7020201,7200307,2020,1,15,2,2,5,3,0,0,1,0,0,0,0,1,794954,1844,5824065,353
136175,11,10,10020414,10200421,2020,1,14,5,3,1,5,0,0,1,0,0,0,1,1,812198,9685,5830869,44
136176,11,5,5010313,5100315,2020,1,8,6,2,5,2,1,0,1,0,0,0,0,0,784666,8941,5829708,815
136177,11,2,2010103,2100104,2020,1,15,3,3,5,2,1,1,1,0,0,0,0,1,799223,5486,5825984,595
136178,11,10,10010207,10100210,2020,1,15,3,3,2,6,0,0,1,0,0,0,0,1,808517,4964,5831941,928
136179,11,6,6030609,6300633,2020,1,16,5,3,6,7,0,1,0,1,0,0,0,0,792620,2805,5818408,965
136180,11,8,8020728,8200833,2020,1,14,3,2,3,6,0,0,1,0,0,1,0,1,801725,1962,5817466,558
136181,11,1,1033203,1300836,2020,1,19,3,3,1,5,2,0,1,0,0,0,0,1,796748,3543,5830490,495
136182,11,5,5010314,5100316,2020,1,22,5,3,2,6,2,0,1,0,0,0,0,0,783652,1061,5829328,213
136183,11,11,11040925,11400927,2020,1,19,3,3,5,2,2,1,1,0,0,0,0,1,803582,9026,5826402,658
136184,11,4,4030931,4501042,2020,1,18,4,2,0,3,2,0,1,0,1,0,0,1,793928,991,5825908,366
136185,11,4,4030726,4500936,2020,1,15,5,3,5,2,0,1,1,0,0,0,0,0,792286,9243,5825359,285
136186,11,2,2010101,2100101,2020,1,19,3,3,5,2,2,1,1,0,0,0,0,1,797749,5059,5826080,379
136187,11,8,8010301,8100311,2020,1,17,5,1,6,4,2,0,1,1,0,0,0,0,800633,9486,5824794,365
136188,11,5,5010209,5100211,2020,1,7,3,3,6,2,0,0,1,1,0,0,0,1,783250,2043,5830274,205
136189,11,9,9020502,9200512,2020,1,15,3,2,6,4,0,0,0,1,0,0,1,1,809078,6501,5821557,96
136190,11,2,2030302,2300316,2020,1,21,4,3,0,1,2,1,0,0,0,0,0,1,801638,6858,5826058,817
136191,11,9,9051702,9501737,2020,1,7,3,3,6,2,1,0,1,1,0,0,0,1,814207,5596,5821209,311
136192,11,1,1033102,1300733,2020,1,8,5,2,6,4,0,0,1,1,0,0,0,1,798002,4879,5831849,665
136193,11,7,7020201,7200307,2020,1,7,3,3,1,5,0,1,1,0,0,0,0,1,794948,5053,5824271,106
136194,11,9,9020701,9200715,2020,1,7,3,3,5,2,1,1,0,0,0,0,1,1,807714,595,5818294,768
136195,11,4,4041137,4400727,2020,1,17,4,3,5,2,2,0,1,0,0,0,0,1,791257,7722,5823328,976
136196,11,11,11040926,11400930,2020,1,7,3,2,6,4,2,0,1,1,0,0,0,1,805561,7307,5826420,397
136197,11,1,1011202,1100206,2020,1,19,4,3,5,2,2,1,1,0,0,0,0,0,797146,4981,5827767,307
136198,11,4,4030725,4300416,2020,1,19,3,3,6,2,2,0,1,1,0,0,0,1,791943,586,5826124,216
136199,11,4,4030929,4501040,2020,1,7,6,3,6,4,0,1,0,1,0,0,0,1,792713,4859,5825711,652
136200,11,6,6010205,6100205,2020,1,14,3,2,6,7,0,1,0,1,0,0,0,1,795190,5023,5819998,718
136201,11,3,3020307,3200308,2020,1,17,4,3,6,4,2,0,0,1,0,0,1,0,800186,4401,5836567,261
136202,11,6,6020409,6200421,2020,1,18,3,2,5,2,2,0,1,0,0,0,0,1,793216,8719,5816443,676
136203,11,10,10020621,10200628,2020,1,6,5,3,5,3,2,0,1,0,0,0,0,1,811848,314,5830026,727
136204,11,7,7010101,7100101,2020,1,18,3,3,5,3,2,1,1,0,0,0,0,1,794894,883,5825166,391
136205,11,12,12103116,12100102,2020,1,7,3,2,6,2,2,0,1,1,0,0,0,1,796500,9593,5833283,615
136206,11,4,4051448,4501045,2020,1,18,4,3,5,3,2,1,1,0,0,0,0,1,794169,2042,5825308,455
136207,11,9,9020701,9200715,2020,1,11,3,3,5,2,0,1,1,0,0,0,0,1,809049,665,5818768,904
136208,11,1,1022202,1200624,2020,1,7,3,3,5,2,1,1,1,0,0,0,0,1,795668,9128,5829732,336
136209,11,9,9020501,9200510,2020,1,17,5,3,5,2,2,1,1,0,0,0,0,0,806503,121,5822091,162
136210,11,10,10030727,10300734,2020,1,6,3,2,6,2,2,0,1,1,0,0,0,1,809625,8603,5825758,241
136211,11,1,1011302,1100309,2020,1,17,4,3,1,5,2,1,1,0,0,0,0,0,798950,1318,5828742,878
136212,11,2,2030402,2300419,2020,1,18,3,3,2,6,2,0,1,0,1,0,0,1,801586,228,5825942,589
136213,11,4,4051652,4501149,2020,1,16,4,3,2,6,2,0,1,0,0,0,0,1,793442,7039,5824164,878
136214,11,10,10020621,10200628,2020,1,5,3,3,9,1,2,0,1,0,0,0,0,1,811369,43,5829826,604
136215,11,12,12214125,12200412,2020,1,12,6,1,5,2,0,1,0,0,0,1,0,0,791170,4823,5834031,6
136216,11,9,9030901,9300920,2020,1,17,3,3,5,2,2,1,1,0,0,0,0,1,807710,662,5817912,829
136217,11,4,4030828,4300624,2020,1,16,4,3,6,7,1,0,1,1,0,0,0,1,793189,228,5826258,735
136218,11,4,4051445,4500939,2020,1,17,3,3,6,2,2,0,1,1,0,0,0,1,792199,5889,5825023,233
136219,11,3,3020210,3200207,2020,1,14,4,3,2,7,0,0,1,0,0,0,1,0,798250,7886,5835820,129
136220,11,11,11030721,11300722,2020,1,16,3,2,6,4,2,0,1,1,0,0,0,1,804292,8701,5828446,361
136221,11,5,5010311,5100313,2020,1,14,3,3,2,6,0,0,1,0,0,0,0,0,785399,8333,5830327,128
136222,11,5,5010314,5100316,2020,1,15,4,3,0,6,0,0,1,0,1,0,0,1,785063,7376,5829469,782
136223,11,4,4041343,4400834,2020,1,10,3,3,2,2,0,0,1,0,0,0,1,0,792653,387,5823049,18
136224,11,3,3061227,3601243,2020,1,16,3,3,3,6,2,0,1,0,0,0,0,1,799779,152,5831708,782
136225,11,10,10030724,10300731,2020,1,22,5,3,1,5,2,0,1,0,0,0,0,0,809162,5836,5830018,476
136226,11,1,1011302,1100309,2020,1,17,3,2,6,4,2,0,1,1,0,0,0,1,797931,3786,5828403,601
136227,11,11,11040926,11400929,2020,1,6,4,3,1,5,1,0,1,0,0,0,0,0,804435,3292,5826409,358
136228,11,4,4010103,4100102,2020,1,15,4,3,0,2,0,0,0,0,1,0,1,0,791179,4866,5829186,341
136229,11,1,1033203,1300836,2020,1,14,3,3,5,2,0,1,1,0,0,0,0,0,796344,6768,5830580,206
136230,11,11,11030618,11300617,2020,1,11,4,2,6,7,0,0,0,1,0,1,0,0,803409,7403,5829695,489
136231,11,7,7070704,7601545,2020,1,16,3,3,1,5,2,0,1,0,0,0,1,1,800696,3771,5813853,534
136232,11,4,4030827,4300623,2020,1,16,3,3,5,7,2,1,1,0,0,0,0,1,792263,1315,5826253,504
136233,11,9,9020701,9200715,2020,1,10,3,1,5,3,0,0,1,0,1,0,0,1,807405,7189,5818326,253
136234,11,7,7060604,7601341,2020,1,14,4,3,5,3,0,1,1,0,0,0,0,0,798076,1936,5814895,794
136235,11,1,1011402,1100416,2020,1,10,3,3,4,6,0,1,0,0,1,0,0,1,798667,1454,5829568,126
136236,11,2,2010102,2100102,2020,1,18,2,3,0,4,2,0,0,1,0,0,1,0,798085,3095,5825496,518
136237,11,3,3030405,3300411,2020,1,6,5,2,5,3,2,1,0,0,0,0,0,1,803759,1527,5839300,513
136238,11,3,3061227,3601244,2020,1,14,2,3,5,3,0,1,1,0,0,0,0,0,800216,3178,5831588,303
136239,11,6,6040809,6400843,2020,1,18,4,2,0,3,2,0,1,0,1,0,0,1,791619,675,5820662,713
136240,11,4,4020310,4200308,2020,1,13,4,3,2,6,0,0,1,0,0,0,0,0,789332,2704,5827522,269
136241,11,2,2030301,2300314,2020,1,13,2,3,5,3,0,0,1,0,0,0,0,0,799718,5267,5826304,694
136242,11,7,7040404,7400826,2020,1,12,4,3,2,6,0,0,1,0,0,0,0,1,796370,8394,5819727,497
136243,11,9,9041601,9401635,2020,1,13,2,2,9,1,0,0,1,0,0,0,0,1,819495,43,5816446,902
136244,11,4,4031032,4500938,2020,1,12,2,3,6,3,0,0,1,1,0,0,0,0,791222,6333,5824683,756
136245,11,8,8010211,8100206,2020,1,22,4,3,0,3,2,1,0,0,0,0,1,0,800885,5044,5823831,811
136246,11,7,7060604,7601341,2020,1,12,2,3,0,1,0,1,0,0,0,0,0,0,797593,3235,5815555,19
136247,11,12,12103115,12100103,2020,1,7,4,3,0,2,0,1,1,0,0,0,0,0,795344,3929,5833841,37
136248,11,4,4030931,4501042,2020,1,12,2,3,2,6,0,1,1,0,0,0,0,0,793527,1685,5825874,783
136249,11,6,6020303,6200313,2020,1,11,2,3,2,6,0,0,1,0,0,0,0,0,795424,9802,5818399,232
136250,11,1,1011202,1100206,2020,1,18,4,3,1,5,2,1,1,0,0,0,0,1,797669,485,5828008,416
136251,11,11,11040925,11400927,2020,1,11,2,3,0,2,0,1,1,0,0,0,0,0,803416,2458,5826627,523
136252,11,11,11030721,11300725,2020,1,9,5,3,5,3,0,0,1,0,0,0,0,1,805220,3978,5828190,367
136253,11,9,9051702,9501737,2020,1,11,2,3,5,2,0,1,1,0,0,0,0,0,814193,3883,5821209,314
136254,11,8,8010214,8100209,2020,1,16,4,3,6,4,1,0,0,1,0,0,1,0,801405,3112,5822051,56
136255,11,4,4030623,4300622,2020,1,11,2,3,5,2,0,0,1,0,0,0,0,0,793903,826,5826229,233
136256,11,6,6030503,6300526,2020,1,20,4,3,1,5,2,1,1,0,0,0,0,0,789558,4438,5817360,343
136257,11,1,1044201,1401045,2020,1,11,2,3,0,6,0,0,1,0,1,0,0,0,796840,291,5831941,79
136258,11,7,7040406,7400928,2020,1,23,6,3,5,2,2,1,1,0,0,0,0,0,800302,5767,5821981,744
136259,11,4,4051655,4501153,2020,1,10,2,3,2,2,0,0,1,0,0,0,0,1,794193,1731,5823096,535
136260,11,9,9020701,9200715,2020,1,8,4,3,5,3,0,1,0,0,0,0,0,0,808498,9288,5819028,645
136261,11,9,9010402,9100408,2020,1,8,2,3,5,2,0,1,1,0,0,0,0,0,806528,955,5820097,473
136262,11,11,11040926,11400929,2020,1,10,5,2,6,4,0,0,0,1,0,0,1,1,805348,474,5827368,921
136263,11,1,1044103,1400942,2020,1,8,2,3,2,6,0,0,1,0,0,0,0,0,794873,8751,5830253,19
136264,11,1,1011303,1100310,2020,1,8,2,3,5,2,0,1,0,0,0,1,0,1,799097,7229,5828458,174
136265,11,9,9041301,9401329,2020,1,7,5,2,6,4,2,0,1,1,0,0,0,1,811675,2585,5818510,387
136266,11,6,6010102,6100102,2020,1,8,2,3,6,4,0,0,1,1,0,0,0,0,793591,6949,5820615,349
136267,11,3,3030716,3300517,2020,1,7,2,3,0,6,1,0,1,0,0,0,1,1,803406,6539,5833517,555
136268,11,2,2050801,2500832,2020,1,16,4,3,3,6,1,1,1,0,0,0,0,0,803344,3092,5826756,422
136269,11,3,3050923,3500934,2020,1,19,2,3,5,3,2,1,1,0,0,0,0,1,800443,1325,5832252,389
136270,11,2,2020204,2200210,2020,1,18,5,3,6,4,2,1,0,1,0,0,0,0,798607,1749,5825321,55
136271,11,12,12214527,12200515,2020,1,18,2,3,5,3,2,1,1,0,0,0,0,0,790145,2876,5835787,286
136272,11,10,10010310,10100313,2020,1,9,4,3,5,3,0,0,1,0,0,0,0,1,808050,8081,5830430,283
136273,11,1,1011401,1100414,2020,1,18,2,3,0,6,2,0,1,0,1,0,0,0,797457,1459,5829356,569
136274,11,1,1022204,1200626,2020,1,13,4,3,1,5,0,1,0,0,0,0,1,0,794625,8921,5828333,535
136275,11,1,1011202,1100206,2020,1,18,2,3,6,7,2,0,0,1,1,0,0,0,797687,8853,5827890,145
136276,11,8,8010303,8100314,2020,1,16,2,3,2,6,1,0,1,0,0,0,0,0,801163,6867,5823785,404
136277,11,1,1044101,1400938,2020,1,9,4,3,6,4,0,0,1,1,0,0,0,1,794448,1219,5831006,618
136278,11,11,11030618,11300617,2020,1,9,3,3,2,6,0,0,1,0,0,0,0,0,802598,1924,5829337,83
136279,11,7,7050502,7501133,2020,1,16,2,3,2,6,1,0,1,0,0,0,0,0,798343,5971,5818407,631
136280,11,1,1011402,1100416,2020,1,9,4,3,1,5,0,1,1,0,0,0,0,1,798844,1413,5829700,428
136281,11,3,3020307,3200308,2020,1,8,3,3,5,2,0,1,1,0,0,0,0,1,799870,2004,5836930,157
136282,11,9,9020701,9200715,2020,1,15,2,3,5,3,0,0,1,0,0,0,0,0,807659,9559,5819358,94
136283,11,9,9051702,9501737,2020,1,15,5,2,0,3,0,1,0,0,1,0,0,1,814580,9873,5821242,76
136284,11,4,4020205,4200203,2020,1,15,2,3,1,5,0,0,1,0,0,0,0,0,787955,3419,5827645,63
136285,11,3,3030405,3300411,2020,1,14,2,3,6,4,0,0,1,1,0,0,0,0,804070,809,5839042,684