OBJECTID,LAND,BEZ,LOR,LOR_ab_2021,UJAHR,UMONAT,USTUNDE,UWOCHENTAG,UKATEGORIE,UART,UTYP1,ULICHTVERH,IstRad,IstPKW,IstFuss,IstKrad,IstGkfz,IstSonstige,USTRZUSTAND,LINREFX,LINREFY,XGCSWGS84,YGCSWGS84
136286,11,6,6010101,6100101,2020,1,22,4,3,6,2,2,0,1,1,0,0,0,0,793503,4789,5820627,187
136287,11,11,11030720,11300721,2020,1,14,4,3,2,6,0,0,1,0,0,0,0,0,804702,5676,5828701,882
136288,11,9,9020701,9200715,2020,1,7,2,3,2,6,1,0,1,0,0,0,0,1,808489,8427,5819335,154
136289,11,8,8010404,8100417,2020,1,7,2,3,5,3,1,1,0,0,0,0,1,0,801912,563,5822865,709
136290,11,3,3040614,3400721,2020,1,7,2,3,5,2,1,1,1,0,0,0,0,1,798342,9644,5833055,519
136291,11,12,12214424,12200309,2020,1,7,4,3,5,2,1,0,1,0,0,0,0,1,793478,7045,5832418,937
136292,11,4,4010101,4100101,2020,1,8,3,3,2,6,0,0,1,0,0,0,0,1,791209,6813,5829707,127
136293,11,3,3050923,3500934,2020,1,7,2,3,5,3,1,1,1,0,0,0,0,1,800427,6725,5832285,954
136294,11,2,2030302,2300315,2020,1,13,5,3,1,5,0,1,1,0,0,0,0,0,800225,7961,5825857,875
136295,11,2,2020202,2200208,2020,1,15,4,3,5,7,0,0,1,0,0,0,1,0,797393,2797,5825360,595
136296,11,8,8040933,8401139,2020,1,6,2,3,5,2,2,0,1,0,0,0,0,1,803023,8306,5819374,68
136297,11,8,8020620,8200624,2020,1,17,4,2,5,3,2,0,1,0,0,0,0,1,801173,8878,5820603,56
136298,11,5,5030731,5300737,2020,1,6,2,3,5,2,2,1,1,0,0,0,0,0,787944,744,5830021,895
136299,11,1,1033102,1300733,2020,1,21,5,3,5,7,2,0,1,0,0,0,0,0,797135,1225,5831805,7
136300,11,11,11010205,11100204,2020,1,18,4,3,6,4,2,0,1,1,0,0,0,0,806529,1475,5833581,626
136301,11,1,1011201,1100205,2020,1,6,2,3,5,3,2,0,1,0,1,0,0,0,796996,2285,5826615,614
136302,11,2,2020206,2200213,2020,1,18,4,3,2,7,2,1,1,0,0,0,0,1,799211,7632,5825016,779
136303,11,6,6020302,6200312,2020,1,1,4,1,8,7,2,0,0,0,1,0,0,0,794953,5181,5819242,646
136304,11,8,8010302,8100313,2020,1,4,2,2,5,3,2,0,1,0,1,0,0,0,801840,1779,5824430,254
136305,11,6,6010207,6100207,2020,1,8,3,3,5,2,0,1,1,0,0,0,0,0,793193,3821,5820012,907
136306,11,11,11010205,11100204,2020,1,4,2,3,5,2,2,1,1,0,0,0,0,0,806851,487,5832568,279
136307,11,1,1022205,1200627,2020,1,4,2,3,8,1,2,0,1,0,0,0,0,1,795997,4301,5828681,135
136308,11,1,1011202,1100206,2020,1,8,3,3,5,2,0,1,1,0,0,0,0,0,797160,2016,5827687,336
136309,11,4,4020314,4200311,2020,1,2,1,3,8,1,2,0,1,0,0,0,0,1,789935,4672,5825099,118
136310,11,8,8010404,8100415,2020,1,8,5,3,5,3,0,1,1,0,0,0,0,1,802011,9778,5823509,341
136311,11,11,11010205,11100204,2020,1,6,4,3,2,6,2,0,1,0,0,1,0,1,806918,2666,5832635,863
136312,11,4,4030828,4300624,2020,1,19,1,3,6,7,2,0,1,1,0,0,0,0,792985,8852,5826101,625
136313,11,2,2050803,2500835,2020,1,3,1,3,9,1,2,0,1,1,0,0,0,1,803104,6402,5826264,68
136314,11,8,8020622,8200726,2020,1,11,3,3,6,4,0,0,1,1,0,0,0,0,801446,8783,5820311,797
136315,11,2,2030402,2300419,2020,1,0,1,3,6,4,2,0,1,1,0,0,0,0,801599,441,5825935,832
136316,11,5,5010101,5100104,2020,1,22,1,3,2,6,2,0,1,0,0,0,0,1,785904,3744,5831721,77
136317,11,10,10040933,10400940,2020,1,15,3,3,6,4,0,0,1,1,0,0,0,0,812394,9318,5824672,4
136318,11,8,8020619,8200623,2020,1,20,1,3,5,5,2,0,1,0,0,0,0,0,801394,2471,5821141,955
136319,11,11,11020514,11200513,2020,1,20,1,3,6,7,2,0,1,1,0,0,0,0,804604,9324,5830490,983
136320,11,2,2030401,2300418,2020,1,14,3,3,1,5,0,1,1,0,0,0,0,0,801160,6513,5825125,21
136321,11,4,4010101,4100101,2020,1,19,1,3,2,6,2,0,1,0,0,0,0,0,791263,6253,5830718,333
136322,11,3,3020307,3200310,2020,1,6,5,2,6,4,2,0,1,1,0,0,0,1,799920,8697,5838171,968
136323,11,1,1011302,1100309,2020,1,15,3,3,6,2,0,0,0,1,0,0,1,0,797914,2215,5828868,747
136324,11,3,3061227,3601243,2020,1,19,1,3,5,3,2,0,1,0,0,0,1,0,799493,143,5831756,906
136325,11,1,1044201,1401045,2020,1,18,1,3,1,5,2,0,1,0,0,0,0,0,796613,4342,5831735,497
136326,11,9,9020802,9200819,2020,1,14,3,3,6,7,0,1,0,1,0,0,0,0,810489,716,5820162,167
136327,11,4,4041137,4400727,2020,1,8,3,3,5,3,0,0,1,0,0,0,0,1,790964,7037,5823389,14
136328,11,8,8010405,8100418,2020,1,17,1,3,1,5,1,1,1,0,0,0,0,0,801670,3406,5823796,408
136329,11,4,4051448,4501045,2020,1,17,5,3,6,4,2,0,1,1,0,0,0,0,793500,4365,5825216,776
136330,11,4,4020313,4200311,2020,1,12,1,3,5,2,0,0,1,0,0,0,0,0,790213,3058,5826038,984
136331,11,5,5040935,5400942,2020,1,14,3,3,5,3,0,1,1,0,0,0,0,0,782723,5119,5820878,683
136332,11,12,12302108,12601134,2020,1,21,7,3,5,3,2,0,1,0,0,0,0,1,794612,5106,5837104,597
136333,11,4,4030725,4300416,2020,1,8,4,3,3,6,0,0,1,0,0,0,0,0,791931,8596,5826194,14
136334,11,12,12214424,12200309,2020,1,23,6,3,5,3,2,0,1,0,1,0,0,0,793295,6996,5832587,74
136335,11,10,10020621,10200628,2020,1,19,7,3,2,6,2,0,1,0,0,0,0,1,811672,1666,5829776,72
136336,11,9,9030902,9300922,2020,1,12,3,3,5,3,0,1,1,0,0,0,0,0,807979,57,5815458,353
136337,11,8,8010211,8100206,2020,1,19,7,3,6,7,2,0,1,1,0,0,0,1,800425,367,5823807,954
136338,11,4,4041137,4400727,2020,1,14,4,3,1,5,0,1,1,0,0,0,0,0,791280,9347,5824368,817
136339,11,12,12214423,12200308,2020,1,17,7,3,5,3,2,0,1,0,0,0,0,1,792602,6004,5833644,865
136340,11,4,4030623,4300622,2020,1,18,7,3,6,4,2,0,1,1,0,0,0,1,793804,6082,5826890,126
136341,11,1,1044203,1401049,2020,1,11,3,2,0,4,0,0,0,1,0,0,1,0,796352,6704,5831941,681
136342,11,5,5010311,5100313,2020,1,8,3,3,2,6,0,0,1,0,0,0,0,1,785387,2348,5830617,981
136343,11,8,8041036,8401242,2020,1,18,7,3,5,3,2,0,1,0,0,0,0,1,804921,4698,5816911,735
136344,11,2,2030302,2300315,2020,1,23,5,3,5,3,2,0,1,0,0,0,1,1,800408,334,5825799,552
136345,11,4,4030518,4300517,2020,1,14,3,3,5,3,0,0,1,0,0,0,0,1,791917,8327,5828209,159
136346,11,4,4051653,4501152,2020,1,16,7,3,2,6,2,0,1,0,0,0,0,1,793993,3193,5824432,354
136347,11,10,10010311,10100316,2020,1,7,4,3,6,4,1,0,0,1,1,0,0,1,809954,665,5830999,27
136348,11,4,4030417,4300414,2020,1,11,3,3,5,2,0,0,1,0,1,0,0,1,791014,4337,5826510,265
136349,11,7,7020203,7200409,2020,1,15,7,3,2,6,0,1,1,0,0,0,0,0,795509,8256,5824411,42
136350,11,9,9051901,9501939,2020,1,16,7,3,0,1,1,1,0,0,0,0,0,1,810740,7615,5821392,79
136351,11,1,1011302,1100309,2020,1,14,7,2,5,3,0,1,0,0,0,0,0,1,798760,3319,5828975,92
136352,11,8,8030831,8301036,2020,1,13,7,3,8,1,0,0,1,0,0,0,0,1,803345,735,5817353,1
136353,11,3,3030406,3300412,2020,1,13,7,3,0,7,0,1,0,0,0,0,0,1,802080,8124,5838488,475
136354,11,8,8020622,8200727,2020,1,11,3,3,5,3,0,1,1,0,0,0,0,0,802555,6276,5819065,285
136355,11,7,7050501,7501029,2020,1,16,3,2,5,2,2,0,1,0,1,0,0,1,797594,9514,5818740,9
136356,11,6,6040701,6400735,2020,1,12,7,2,2,7,0,0,0,0,1,1,0,1,784020,37,5816109,883
136357,11,10,10040828,10400835,2020,1,19,5,3,1,5,2,0,1,0,0,0,0,0,812100,524,5829730,811
136358,11,1,1011303,1100310,2020,1,7,7,2,6,4,2,0,1,1,0,0,0,1,798707,9417,5828099,962
136359,11,1,1011203,1100206,2020,1,18,4,3,5,3,2,0,1,0,0,0,0,1,797765,4327,5827448,796
136360,11,11,11020515,11200514,2020,1,21,3,3,3,6,2,0,1,0,1,0,0,0,803457,3282,5829880,826
136361,11,8,8010117,8100102,2020,1,22,7,3,6,4,2,0,0,1,0,0,1,1,800546,839,5823338,665
136362,11,5,5010204,5100206,2020,1,20,3,2,0,2,2,0,1,0,1,0,0,0,781785,7672,5831582,572
136363,11,6,6020409,6200421,2020,1,16,6,3,6,7,1,0,1,0,0,0,1,0,793057,6843,5817678,212
136364,11,2,2040503,2400522,2020,1,17,6,3,3,6,1,1,0,0,0,0,0,0,801391,3999,5828724,848
136365,11,2,2010102,2100103,2020,1,19,3,3,0,2,2,1,1,0,0,0,0,0,798405,2443,5825759,8
136366,11,11,11030721,11300722,2020,1,7,6,3,6,4,1,0,1,1,0,0,0,0,804074,3165,5828684,168
136367,11,8,8010118,8100104,2020,1,8,5,3,5,2,0,1,1,0,0,0,0,1,800766,158,5822752,913
136368,11,11,11020514,11200513,2020,1,16,3,3,0,6,1,1,1,0,0,0,0,0,804733,694,5831195,905
136369,11,1,1011303,1100310,2020,1,16,6,3,0,2,1,0,1,0,0,0,1,0,799097,439,5828268,255
136370,11,8,8010118,8100105,2020,1,17,3,3,6,7,2,0,0,1,0,0,1,0,801014,7217,5822160,328
136371,11,1,1011202,1100206,2020,1,11,6,3,6,2,0,0,1,1,0,0,0,0,797732,7697,5827625,28
136372,11,6,6030608,6300632,2020,1,13,5,2,5,3,0,0,1,0,0,0,0,1,792513,2109,5817326,846
136373,11,8,8010213,8100208,2020,1,11,6,3,2,6,0,0,1,0,0,0,0,0,801594,6114,5822836,429
136374,11,1,1011103,1100103,2020,1,18,4,3,3,6,1,0,1,0,0,0,0,0,795285,2655,5826118,901
136375,11,7,7010101,7100101,2020,1,11,6,3,6,4,0,0,1,1,0,0,0,0,794697,2239,5825759,303
136376,11,1,1033203,1300836,2020,1,19,3,3,5,3,2,1,1,0,0,0,0,0,796661,8715,5830359,522
136377,11,3,3040818,3400827,2020,1,10,6,3,5,3,0,0,1,0,0,0,1,0,799446,6473,5832479,617
136378,11,11,11010309,11100308,2020,1,7,6,2,6,4,1,0,1,1,0,0,0,1,804533,7684,5833370,76
136379,11,10,10010310,10100313,2020,1,10,6,3,2,2,0,0,1,0,0,0,0,0,808345,417,5831002,187
136380,11,3,3061228,3601245,2020,1,18,3,2,6,4,2,0,1,1,0,0,0,0,800166,8489,5830965,876
136381,11,5,5010101,5100101,2020,1,11,6,3,5,3,0,1,1,0,0,0,0,0,784402,3162,5831928,34
136382,11,11,11010204,11100203,2020,1,5,5,3,5,2,2,1,1,0,0,0,0,1,807655,433,5833603,323
136383,11,9,9020802,9200819,2020,1,17,6,2,6,4,2,0,0,1,0,0,1,0,810369,4624,5820335,885
136384,11,11,11041128,11401135,2020,1,17,6,2,6,4,2,0,1,1,0,0,0,0,806033,786,5825655,68
136385,11,11,11030618,11300617,2020,1,17,3,3,2,6,2,0,1,0,0,0,0,0,803373,6529,5829679,62
136386,11,3,3030711,3300515,2020,1,17,6,2,5,2,2,0,1,0,1,0,0,0,801597,1326,5835967,818
136387,11,12,12214423,12200308,2020,1,15,6,3,2,7,0,0,0,0,1,0,1,0,792427,6545,5833306,658
136388,11,4,4041136,4400728,2020,1,10,3,2,6,4,0,0,1,1,0,0,0,0,790667,291,5823307,4
136389,11,5,5010101,5100103,2020,1,15,6,3,5,3,0,0,1,0,0,0,0,0,785336,4881,5832488,478
136390,11,8,8010404,8100415,2020,1,14,5,3,2,6,0,0,1,0,0,0,0,0,801909,3378,5823557,239
136391,11,4,4051551,4501148,2020,1,13,6,2,5,2,0,0,1,0,1,0,0,0,792838,3744,5823217,375
136392,11,10,10020622,10200629,2020,1,9,3,3,6,2,0,0,1,1,0,0,0,1,811144,5129,5829135,485
136393,11,3,3061131,3601142,2020,1,12,6,2,6,4,0,0,1,1,0,0,0,0,799184,9761,5831110,83
136394,11,12,12302211,12601031,2020,1,13,4,3,6,2,0,0,0,1,0,0,1,0,792920,7903,5837070,6
136395,11,1,1022104,1200520,2020,1,17,3,3,6,2,1,0,1,1,0,0,0,1,794569,3908,5828430,19
136396,11,1,1022101,1200517,2020,1,12,6,3,5,7,0,0,1,0,1,0,0,0,793456,9028,5829097,41
136397,11,10,10010207,10100210,2020,1,11,6,2,5,3,0,1,1,0,0,0,0,0,808694,5418,5831863,161
136398,11,2,2050801,2500831,2020,1,8,3,3,5,3,0,1,1,0,0,0,0,0,803051,8001,5826997,603
136399,11,12,12103218,12100205,2020,1,16,3,3,1,5,1,0,1,0,0,0,0,1,795180,4816,5834187,286
136400,11,1,1011303,1100310,2020,1,23,6,3,6,7,2,1,1,1,0,0,0,1,799324,8,5828901,139
136401,11,12,12214125,12200412,2020,1,21,5,2,6,4,2,0,1,1,0,0,0,0,790913,884,5833901,151
136402,11,5,5040936,5400943,2020,1,20,3,2,6,2,2,0,1,1,0,0,0,1,781551,5995,5819649,157
136403,11,1,1011402,1100416,2020,1,22,6,3,6,4,2,0,1,1,0,0,0,0,798522,8473,5829138,833
136404,11,6,6030504,6300528,2020,1,13,5,2,1,1,0,0,1,0,0,1,0,1,790626,8953,5817092,18
136405,11,12,12214125,12200412,2020,1,20,6,3,5,3,2,0,1,0,0,0,0,0,791759,7861,5833980,904
136406,11,1,1022206,1200628,2020,1,19,6,3,3,6,2,1,1,0,0,0,0,0,795687,5499,5828180,4
136407,11,2,2020204,2200210,2020,1,9,4,3,3,6,0,1,0,0,0,0,1,0,798249,8241,5825465,11
136408,11,1,1011103,1100103,2020,1,18,6,3,5,5,2,0,1,0,0,0,0,0,795692,43,5825724,556
136409,11,1,1011301,1100308,2020,1,17,6,3,5,2,2,0,1,0,1,0,0,0,797130,4131,5827865,617
136410,11,12,12224230,12400618,2020,1,7,6,3,6,4,1,0,1,1,0,0,0,1,786310,793,5838913,68
136411,11,1,1011401,1100414,2020,1,8,3,3,6,4,0,0,0,1,1,0,0,0,797481,4695,5829376,631
136412,11,3,3061227,3601243,2020,1,16,3,3,6,2,1,0,1,1,0,0,0,1,799685,361,5831275,273
136413,11,11,11020411,11200410,2020,1,7,6,3,2,6,0,0,1,0,0,0,0,1,806678,124,5832418,165
136414,11,1,1044202,1401046,2020,1,13,5,3,5,2,0,1,1,0,0,0,0,1,794623,9213,5829871,433
136415,11,11,11030618,11300617,2020,1,6,6,3,2,6,2,0,1,0,0,0,0,0,802585,8491,5829332,29
136416,11,4,4030931,4501042,2020,1,18,4,3,2,6,2,0,1,0,0,0,0,1,793601,4898,5825472,658
136417,11,11,11030721,11300723,2020,1,6,6,3,2,2,2,0,1,0,0,0,1,0,805211,424,5828423,566
136418,11,2,2010101,2100101,2020,1,7,3,3,2,6,1,0,1,0,0,0,0,0,797865,225,5825572,193
136419,11,7,7010102,7100102,2020,1,4,6,3,5,3,2,1,1,0,0,0,0,0,795425,3519,5825488,236
136420,11,5,5010206,5100208,2020,1,6,4,3,5,2,1,0,1,0,0,0,0,1,782366,7017,5830502,201
136421,11,6,6010102,6100102,2020,1,6,3,3,2,6,1,0,1,0,0,0,0,1,793442,1496,5820275,772
136422,11,5,5010339,5100317,2020,1,13,6,3,6,7,0,1,0,1,0,0,0,0,787976,948,5827883,376
136423,11,10,10030725,10300732,2020,1,5,3,3,0,1,2,0,1,0,0,0,0,0,810278,5479,5829916,471
136424,11,10,10010310,10100313,2020,1,2,5,3,0,1,2,1,0,0,0,0,0,1,808521,13,5831165,932
136425,11,2,2010102,2100102,2020,1,21,5,3,6,4,2,0,0,1,0,0,1,0,798260,451,5825789,235
136426,11,12,12214125,12200412,2020,1,13,3,1,4,5,0,0,1,0,0,1,0,0,789832,439,5833675,505
136427,11,1,1011102,1100102,2020,1,7,5,3,0,2,2,0,1,0,1,0,0,0,795417,411,5827468,589
136428,11,8,8040933,8401139,2020,1,8,5,3,5,3,0,0,1,0,0,0,1,1,803024,7338,5819379,284
136429,11,9,9052001,9502043,2020,1,7,5,3,5,2,0,0,1,0,0,0,0,1,809215,9384,5823033,132
136430,11,1,1022106,1200522,2020,1,14,5,3,5,3,0,1,0,0,0,0,1,0,793707,5111,5828113,591
136431,11,7,7030301,7300517,2020,1,13,2,3,6,2,0,0,1,1,0,0,0,0,793941,3574,5822512,839
136432,11,3,3061126,3601141,2020,1,14,5,3,2,6,0,0,1,0,0,0,0,0,799186,1259,5831775,211
136433,11,7,7010104,7100205,2020,1,13,6,3,5,3,0,1,1,0,0,0,0,0,796286,1008,5825322,839
136434,11,9,9051901,9501939,2020,1,14,5,3,5,2,0,1,1,0,0,0,0,0,810929,9183,5821589,509
136435,11,12,12231101,12400722,2020,1,13,2,3,5,3,0,0,1,0,0,0,0,0,791224,4146,5838481,632
136436,11,1,1022101,1200517,2020,1,15,5,3,5,3,0,1,1,0,0,0,0,0,792993,1602,5828924,836
136437,11,4,4010102,4100101,2020,1,14,5,3,3,6,0,0,1,0,0,0,0,1,793338,4467,5829736,547
136438,11,7,7040406,7400928,2020,1,12,5,3,3,6,0,1,1,0,0,0,0,0,800296,249,5822029,176
136439,11,1,1011101,1100101,2020,1,9,2,3,5,2,0,0,1,0,1,0,0,1,794925,7169,5825982,347
136440,11,1,1022104,1200519,2020,1,12,5,3,2,2,0,0,1,0,0,0,0,0,794046,1467,5828459,279
136441,11,5,5010101,5100104,2020,1,7,5,2,6,2,1,0,1,1,0,0,0,1,785230,3619,5831827,397
136442,11,1,1011303,1100310,2020,1,12,5,2,6,4,0,0,0,1,0,0,1,0,799498,19,5828344,449
136443,11,8,8010510,8100521,2020,1,10,5,3,5,2,0,0,1,0,0,0,0,0,803480,2827,5821653,31
136444,11,1,1011302,1100309,2020,1,12,2,3,0,2,0,0,0,0,0,1,1,0,797756,6467,5828570,565
136445,11,1,1011204,1100207,2020,1,9,5,3,2,6,0,1,1,0,0,0,0,0,797987,7045,5826863,512
136446,11,1,1011304,1100311,2020,1,18,5,3,6,4,2,0,1,1,0,0,0,0,800056,4647,5827394,582
136447,11,11,11030720,11300721,2020,1,8,5,3,2,2,0,0,1,0,0,0,0,0,805194,393,5829104,166
136448,11,1,1044101,1400938,2020,1,14,2,3,5,2,0,1,1,0,0,0,0,0,794425,8677,5831447,292
136449,11,9,9041501,9401534,2020,1,8,5,3,1,6,0,1,1,0,0,0,0,0,811022,9902,5820295,38
136450,11,4,4051448,4501045,2020,1,13,4,3,5,3,0,1,1,0,0,0,0,0,793494,8139,5825202,803
136451,11,7,7070701,7601442,2020,1,7,5,3,2,2,1,0,1,0,1,0,0,1,799734,4294,5814500,256
136452,11,3,3040513,3400620,2020,1,17,4,3,1,5,2,0,1,0,0,0,1,1,797381,4603,5833409,166
136453,11,5,5010313,5100315,2020,1,6,5,2,6,2,2,0,1,1,0,0,0,0,784285,646,5830352,287
136454,11,1,1044202,1401047,2020,1,6,5,3,5,2,2,0,1,0,0,0,0,0,795524,5012,5830751,609
136455,11,6,6010206,6100206,2020,1,13,2,3,0,6,0,0,1,0,0,0,1,0,794418,4291,5820159,806
136456,11,8,8010118,8100105,2020,1,20,3,3,9,1,2,0,1,0,0,0,0,1,800576,6987,5821828,146
136457,11,11,11020513,11200512,2020,1,18,5,2,6,3,2,0,1,1,0,0,0,0,803208,8651,5830269,886
136458,11,1,1011301,1100308,2020,1,14,5,3,1,5,0,1,1,0,0,0,0,0,796887,9509,5828905,788
136459,11,1,1011402,1100416,2020,1,18,5,3,5,3,2,1,1,0,0,0,0,0,798813,279,5829357,519
136460,11,1,1033203,1300836,2020,1,22,3,3,6,2,2,0,0,1,0,0,1,1,796301,3906,5830595,966
136461,11,2,2030401,2300417,2020,1,7,5,3,5,2,1,1,1,0,0,0,0,1,800798,6886,5825592,976
136462,11,1,1044103,1400942,2020,1,9,4,3,2,6,0,0,1,0,0,0,0,0,794646,7716,5830833,87
136463,11,3,3040614,3400725,2020,1,7,3,3,6,2,0,0,1,1,0,0,0,1,799612,2912,5835393,688
136464,11,6,6030608,6300632,2020,1,20,5,3,1,5,2,1,1,0,0,0,0,0,791659,6968,5817467,426
136465,11,12,12224230,12400617,2020,1,17,5,3,6,4,2,0,1,1,0,0,0,0,785216,5676,5837073,527
136466,11,11,11030720,11300721,2020,1,7,5,3,5,3,1,1,0,0,0,0,1,0,805193,8755,5828716,451
136467,11,5,5010314,5100317,2020,1,13,2,3,5,3,0,1,1,0,0,0,0,0,785279,4019,5828765,717
136468,11,8,8020727,8200832,2020,1,15,4,2,6,4,0,0,1,1,0,0,0,0,800782,43,5817429,31
136469,11,7,7060604,7601339,2020,1,13,5,3,5,2,0,0,1,0,0,0,0,1,795804,329,5816023,804
136470,11,1,1011402,1100416,2020,2,4,2,3,5,3,2,0,1,0,0,0,0,1,798511,4563,5830042,583
136471,11,9,9020702,9200717,2020,2,17,1,3,0,7,2,0,1,0,1,0,0,0,809292,268,5819618,859
136472,11,1,1044203,1401048,2020,2,13,2,3,2,2,0,0,1,0,0,0,1,1,795462,7781,5831573,483
136473,11,1,1022104,1200520,2020,2,6,2,3,6,4,1,0,0,1,1,0,0,0,794542,5382,5829083,18
136474,11,4,4030931,4501042,2020,2,15,1,3,2,6,0,0,1,0,0,0,0,1,793893,78,5826058,673
136475,11,8,8020727,8200832,2020,2,15,4,3,0,3,0,1,0,0,0,0,1,0,801636,2899,5817396,46
136476,11,2,2030302,2300315,2020,2,20,1,3,5,3,2,0,1,0,1,0,0,1,800399,1006,5825791,316
136477,11,2,2040502,2400521,2020,2,17,1,3,5,3,2,1,1,0,0,0,0,0,801216,722,5828645,513
136478,11,8,8010213,8100208,2020,2,18,2,3,1,5,2,1,1,0,0,0,0,1,800954,5567,5822557,57
136479,11,2,2040703,2400625,2020,2,16,1,3,0,7,0,0,1,0,0,0,1,0,801010,1097,5826751,88
136480,11,7,7030301,7300517,2020,2,8,3,3,4,6,0,1,0,0,0,0,0,0,794778,9683,5822871,613
136481,11,12,12214422,12200310,2020,2,4,1,2,1,1,2,0,1,0,0,0,1,0,792297,7563,5833651,634
136482,11,1,1011105,1100102,2020,2,13,1,3,2,6,0,0,1,0,0,0,0,0,796100,9105,5826711,343
136483,11,11,11040926,11400931,2020,2,20,1,3,6,2,2,0,1,1,0,0,0,1,806688,5339,5826892,794
136484,11,4,4010103,4100102,2020,2,15,3,3,5,2,0,1,1,0,0,0,0,1,791701,775,5829739,312
136485,11,3,3061429,3601449,2020,2,8,4,3,5,3,0,1,1,0,0,0,0,1,801199,9911,5830697,93
136486,11,2,2020206,2200213,2020,2,19,1,3,0,7,2,0,1,1,0,0,0,1,800159,1852,5825045,261
136487,11,4,4051445,4500939,2020,2,17,2,3,5,2,2,0,1,0,0,0,0,1,792060,1663,5824057,561
136488,11,7,7050501,7501029,2020,2,14,1,3,2,6,0,1,1,0,0,0,0,0,797524,8722,5819592,862
136489,11,1,1044201,1401045,2020,2,19,3,3,2,6,2,0,1,0,0,0,0,1,796999,3263,5831896,742
136490,11,4,4031032,4500937,2020,2,19,1,2,5,3,2,1,1,0,0,0,0,1,791847,511,5825217,256
136491,11,1,1011303,1100310,2020,2,13,1,3,5,2,0,0,1,0,0,0,0,0,799245,7316,5828468,891
136492,11,4,4010101,4100101,2020,2,8,5,3,5,2,0,1,0,0,0,0,1,0,790398,7703,5829029,519
136493,11,1,1011304,1100311,2020,2,19,1,3,2,6,2,1,0,0,0,0,1,1,799797,3249,5827534,754
136494,11,9,9020502,9200512,2020,2,10,3,3,5,7,0,0,1,0,0,0,1,0,809396,7948,5821505,1
136495,11,1,1011101,1100101,2020,2,10,2,3,5,3,0,0,1,0,0,0,0,1,795116,9408,5826082,499
136496,11,5,5020524,5200528,2020,2,12,7,3,2,6,0,0,1,0,0,0,0,0,783416,4945,5826742,282
136497,11,1,1033102,1300733,2020,2,11,2,2,5,3,0,0,1,0,0,0,1,1,797506,7427,5831285,723
136498,11,1,1044102,1400940,2020,2,13,3,3,1,5,0,0,1,0,0,0,0,0,794858,233,5831983,659
136499,11,6,6010206,6100206,2020,2,19,1,3,6,2,2,0,1,1,0,0,0,1,794726,2283,5820048,791
136500,11,4,4051445,4500939,2020,2,12,7,3,0,5,0,0,0,0,0,0,1,0,792023,9273,5824052,329
136501,11,4,4051551,4501148,2020,2,15,2,3,1,5,0,0,1,0,0,0,0,1,793006,4387,5823296,113
136502,11,2,2040701,2400623,2020,2,12,7,3,2,6,0,0,1,0,0,0,0,0,800595,2543,5827067,585
136503,11,1,1033102,1300733,2020,2,18,3,3,6,2,2,0,0,1,0,0,1,0,797152,714,5831394,508
136504,11,8,8030829,8300934,2020,2,18,1,3,6,2,2,0,1,1,0,0,0,1,803167,6002,5818439,633
136505,11,4,4051655,4501153,2020,2,11,7,3,5,2,0,1,1,0,0,0,0,0,794154,6741,5824098,81
136506,11,10,10010205,10100207,2020,2,14,4,3,8,1,0,0,0,0,0,1,0,0,810062,124,5833193,66
136507,11,12,12302110,12601235,2020,2,17,1,2,6,2,2,0,1,1,0,0,0,1,795277,3677,5836378,55
136508,11,4,4031032,4500937,2020,2,21,3,3,6,7,2,0,1,1,0,0,0,1,791374,1918,5825030,636
136509,11,4,4031032,4500938,2020,2,8,2,3,5,2,0,1,1,0,0,0,0,1,791577,8306,5824872,149
136510,11,12,12103116,12100102,2020,2,11,7,3,1,1,0,0,1,0,0,0,0,0,796282,5554,5833252,686
136511,11,1,1011402,1100416,2020,2,11,2,3,5,3,0,1,1,0,0,0,0,1,798870,514,5829488,903
136512,11,1,1011204,1100207,2020,2,6,2,3,5,2,2,1,1,0,0,0,0,0,798616,4368,5827000,201
136513,11,1,1033201,1300834,2020,2,17,1,3,5,2,2,1,0,0,0,0,1,1,798081,4206,5830001,1
136514,11,9,9031001,9301025,2020,2,16,4,2,5,3,0,1,1,0,0,0,0,0,811034,39,5816248,822
136515,11,5,5010311,5100313,2020,2,16,1,3,6,4,1,0,1,1,0,0,0,1,785381,3206,5830228,74
136516,11,1,1011401,1100415,2020,2,2,7,2,3,6,2,0,1,0,0,0,0,0,798476,311,5829093,165
136517,11,10,10010309,10100312,2020,2,20,2,2,5,2,2,0,1,0,0,0,0,1,808345,982,5828203,626
136518,11,7,7030301,7300517,2020,2,22,4,3,5,7,2,0,1,0,0,0,0,0,794293,5791,5822129,64
136519,11,5,5010311,5100313,2020,2,16,1,3,5,7,1,0,1,0,1,0,0,1,785405,3398,5830348,241
136520,11,6,6030605,6300629,2020,2,18,2,3,5,3,2,1,1,0,0,0,0,1,792100,2783,5820284,106
136521,11,5,5010206,5100208,2020,2,13,3,2,5,2,0,0,1,0,0,0,0,0,781547,642,5830703,526