OBJECTID,LAND,BEZ,LOR,LOR_ab_2021,UJAHR,UMONAT,USTUNDE,UWOCHENTAG,UKATEGORIE,UART,UTYP1,ULICHTVERH,IstRad,IstPKW,IstFuss,IstKrad,IstGkfz,IstSonstige,USTRZUSTAND,LINREFX,LINREFY,XGCSWGS84,YGCSWGS84
136759,11,4,4051654,4501150,2020,2,13,6,3,5,7,0,0,1,0,0,0,0,1,793333,3875,5823935,258
136760,11,6,6020302,6200312,2020,2,17,4,3,5,2,1,0,1,0,0,0,0,1,794829,4269,5819322,511
136761,11,10,10010204,10100206,2020,2,15,3,3,6,4,0,0,1,1,0,0,0,1,809345,8215,5832842,688
136762,11,7,7060604,7601341,2020,2,13,6,3,5,2,0,1,0,0,0,0,1,1,798081,5177,5814495,163
136763,11,11,11030721,11300722,2020,2,17,3,3,2,2,2,1,1,0,0,0,0,1,803437,3306,5828618,52
136764,11,1,1022104,1200520,2020,2,23,6,3,0,1,2,0,0,0,0,0,1,1,794220,7398,5828669,123
136765,11,4,4030931,4501042,2020,2,20,2,3,6,4,2,0,1,1,0,0,0,1,793802,5469,5825496,468
136766,11,7,7050503,7501031,2020,2,19,5,2,5,5,2,0,1,0,1,0,0,1,798595,824,5820505,578
136767,11,5,5030832,5300839,2020,2,18,4,3,6,2,2,0,1,1,0,0,0,1,788720,881,5830529,31
136768,11,6,6020306,6200317,2020,2,18,6,2,5,2,2,1,1,0,0,0,0,1,796389,934,5816726,381
136769,11,3,3040818,3400829,2020,2,14,4,3,5,3,0,1,1,0,0,0,0,0,799652,362,5832791,362
136770,11,5,5010101,5100104,2020,2,9,7,3,2,6,0,0,1,0,0,0,0,0,785708,1446,5831753,98
136771,11,2,2030302,2300315,2020,2,14,1,3,5,3,0,1,1,0,0,0,0,1,800731,9838,5825817,767
136772,11,6,6010210,6100210,2020,2,13,3,3,5,2,0,0,1,0,1,0,0,1,794973,561,5821413,45
136773,11,3,3020307,3200309,2020,2,17,6,3,5,3,2,0,1,0,0,0,0,1,800079,139,5837500,45
136774,11,3,3071537,3701555,2020,2,14,4,3,5,2,0,1,0,0,0,0,1,0,799965,5065,5830114,258
136775,11,4,4030623,4300622,2020,2,6,6,3,5,3,2,0,1,0,0,0,0,1,793789,655,5826940,67
136776,11,9,9051702,9501737,2020,2,8,4,3,5,3,0,1,0,0,0,0,0,0,814596,2574,5821243,721
136777,11,4,4030417,4300414,2020,2,20,1,3,6,4,2,0,1,1,0,0,0,1,791412,462,5827465,59
136778,11,12,12301203,12500926,2020,2,15,3,3,3,6,0,0,0,0,0,0,1,0,793602,5658,5836126,558
136779,11,5,5030730,5300736,2020,2,5,6,3,2,6,2,0,1,0,1,0,0,1,785888,9288,5829248,53
136780,11,2,2020206,2200212,2020,2,12,3,3,1,5,0,1,0,0,0,1,0,1,799449,4987,5824828,8
136781,11,11,11020412,11200411,2020,2,14,6,3,5,2,0,1,1,0,0,0,0,0,805980,3081,5831932,646
136782,11,1,1011301,1100308,2020,2,18,2,3,0,1,2,0,1,0,1,0,0,1,797456,8968,5828847,208
136783,11,7,7030301,7300517,2020,2,20,4,1,6,4,2,0,0,1,0,0,1,1,794415,3653,5822339,284
136784,11,3,3061228,3601245,2020,2,9,4,3,0,1,0,1,0,0,0,0,0,1,800381,3869,5831546,15
136785,11,1,1044201,1401043,2020,2,5,6,3,5,3,2,0,1,0,0,0,0,1,795767,156,5830792,598
136786,11,1,1022101,1200517,2020,2,14,4,3,0,1,0,0,0,0,1,0,0,0,793113,2593,5828562,553
136787,11,2,2030301,2300314,2020,2,1,7,3,2,6,2,0,1,0,0,0,0,0,799622,633,5826097,256
136788,11,4,4030623,4300622,2020,2,20,7,3,6,2,2,0,1,1,0,0,0,1,793526,6171,5826070,62
136789,11,1,1011301,1100308,2020,2,9,3,2,6,4,0,0,0,1,0,0,1,0,797595,9178,5828452,18
136790,11,11,11010205,11100204,2020,2,7,2,3,2,2,0,1,1,0,0,0,0,0,805957,7813,5833680,61
136791,11,5,5020522,5200526,2020,2,7,6,3,6,4,0,1,0,1,0,0,0,0,781906,5576,5827186,41
136792,11,10,10010309,10100312,2020,2,5,5,2,0,7,2,0,1,0,0,0,0,0,808467,783,5830161,514
136793,11,1,1044201,1401045,2020,2,12,2,2,6,7,0,0,1,1,0,0,0,0,796885,109,5831552,905
136794,11,5,5020522,5200526,2020,2,8,6,2,6,4,0,0,1,1,0,0,0,1,781903,357,5827175,415
136795,11,7,7070701,7601442,2020,2,11,2,2,5,2,0,0,1,0,0,0,0,0,799271,4069,5816270,866
136796,11,2,2040503,2400522,2020,2,21,4,3,3,6,2,1,1,0,0,0,0,1,801787,6196,5828004,686
136797,11,7,7030301,7300516,2020,2,8,4,2,5,3,0,1,1,0,0,0,0,1,793971,6116,5821795,922
136798,11,1,1044203,1401049,2020,2,22,5,3,5,3,2,1,1,0,0,0,0,1,796003,6902,5831415,418
136799,11,6,6020302,6200312,2020,2,13,4,3,5,7,0,1,1,0,0,0,0,1,794830,861,5818657,382
136800,11,10,10040830,10400837,2020,2,13,7,3,5,3,0,0,1,0,0,0,0,0,811198,4449,5824708,475
136801,11,11,11030721,11300722,2020,2,18,7,3,5,2,2,1,1,0,0,0,0,0,804251,9228,5827626,37
136802,11,9,9020601,9200613,2020,2,6,2,3,2,7,2,0,1,0,0,0,0,1,806909,1749,5821181,525
136803,11,4,4030930,4501041,2020,2,19,2,3,2,6,2,0,1,0,0,0,0,0,793273,5956,5825638,842
136804,11,8,8020727,8200832,2020,2,14,5,3,5,2,0,0,1,0,0,0,1,1,801018,3842,5817062,591
136805,11,7,7070703,7601544,2020,2,22,5,3,5,3,2,0,1,0,0,0,0,1,800030,1262,5813280,46
136806,11,7,7030302,7300618,2020,2,21,5,3,5,3,2,1,1,0,0,0,0,1,794497,9889,5821872,984
136807,11,4,4041343,4400834,2020,2,18,4,3,5,2,2,1,1,0,0,0,0,1,792669,4829,5823056,695
136808,11,1,1011303,1100310,2020,2,17,3,3,5,2,0,1,1,0,0,0,0,0,799508,7688,5828114,94
136809,11,6,6020304,6200314,2020,2,19,5,2,6,4,2,0,0,1,0,0,1,1,794973,874,5818045,863
136810,11,1,1011305,1100312,2020,2,6,3,3,5,3,1,1,1,0,0,0,0,1,799470,84,5826749,447
136811,11,6,6030504,6300528,2020,2,19,5,3,2,6,2,0,1,0,0,0,0,1,789688,3183,5816923,269
136812,11,12,12301203,12500930,2020,2,19,4,3,5,2,2,0,1,0,0,0,0,1,793943,2857,5835294,749
136813,11,1,1011101,1100101,2020,2,11,3,3,0,6,0,0,1,0,1,0,0,1,794492,6139,5826106,459
136814,11,9,9020602,9200614,2020,2,19,5,2,6,4,2,0,1,1,0,0,0,1,808418,573,5820877,47
136815,11,7,7040403,7400823,2020,2,19,3,3,5,3,2,1,1,0,0,0,0,0,796910,48,5822270,508
136816,11,3,3040513,3400620,2020,2,11,7,3,1,5,0,0,1,0,0,0,0,0,797542,8623,5833667,437
136817,11,6,6040810,6400844,2020,2,9,2,3,5,2,0,1,1,0,0,0,0,1,790143,9316,5819770,687
136818,11,4,4051447,4501044,2020,2,15,2,3,5,3,0,0,1,0,0,0,0,0,793217,2854,5825213,499
136819,11,2,2010104,2100106,2020,2,11,5,3,2,6,0,0,1,0,0,0,0,0,798846,999,5825597,489
136820,11,3,3040614,3400721,2020,2,18,5,3,2,6,1,0,1,0,0,0,0,1,797790,7796,5832968,779
136821,11,7,7050501,7501029,2020,2,16,4,3,2,6,0,0,1,0,0,0,0,1,797630,7214,5819452,695
136822,11,10,10020413,10200418,2020,2,16,3,3,0,3,0,0,1,0,0,0,1,0,810975,1745,5830923,649
136823,11,5,5020417,5200420,2020,2,18,5,3,0,3,2,0,1,0,1,0,0,1,783414,6219,5828395,337
136824,11,11,11030721,11300723,2020,2,14,3,2,5,3,0,1,1,0,0,0,0,0,804307,8712,5828425,21
136825,11,10,10010206,10100209,2020,2,17,6,2,6,4,2,0,1,1,0,0,0,0,809976,4452,5832069,39
136826,11,7,7050501,7501029,2020,2,19,2,3,2,2,2,0,1,0,0,0,0,1,797095,3997,5818592,297
136827,11,4,4051655,4501153,2020,2,8,6,2,2,6,0,0,1,0,0,0,0,1,793942,6086,5823401,945
136828,11,7,7010102,7100102,2020,2,21,2,3,2,6,2,0,1,0,0,0,0,1,794961,1392,5825556,849
136829,11,9,9020802,9200819,2020,2,15,1,3,5,2,0,1,1,0,0,0,0,1,810524,6156,5820012,13
136830,11,10,10020413,10200418,2020,2,7,5,3,6,4,0,0,1,1,0,0,0,0,811278,2691,5831453,914
136831,11,3,3030715,3300516,2020,2,13,4,3,0,1,0,1,0,0,0,0,0,1,800859,357,5833421,497
136832,11,8,8020619,8200622,2020,2,18,5,3,2,6,2,0,1,0,0,0,0,1,801248,449,5821602,893
136833,11,3,3040614,3400725,2020,2,15,4,3,1,5,0,1,0,0,0,0,1,1,798553,2666,5834879,199
136834,11,4,4030931,4501042,2020,2,17,1,3,5,2,2,0,1,0,0,0,0,1,793926,9947,5825895,55
136835,11,1,1011302,1100309,2020,2,14,3,3,2,7,0,1,1,0,0,0,0,1,798445,4277,5829047,851
136836,11,2,2020206,2200213,2020,2,16,5,3,6,4,1,0,1,1,0,0,0,0,800289,7356,5824789,547
136837,11,2,2020204,2200210,2020,2,11,3,3,5,2,0,0,1,0,0,0,0,0,798690,4507,5824665,139
136838,11,12,12231101,12400722,2020,2,13,6,3,5,3,0,0,1,0,0,0,0,0,790402,5105,5839286,741
136839,11,3,3061126,3601141,2020,2,14,2,3,0,6,0,1,1,0,0,0,0,0,799094,9338,5831440,609
136840,11,7,7040403,7400823,2020,2,22,4,3,6,2,2,0,1,1,0,0,0,1,797313,3994,5821758,69
136841,11,3,3061429,3601449,2020,2,8,4,3,5,2,0,0,1,0,0,0,0,1,801712,6702,5830099,27
136842,11,8,,,2020,2,16,5,3,5,3,1,1,1,0,0,0,0,0,802536,39,5816812,157
136843,11,11,11020411,11200410,2020,2,14,4,3,5,2,0,1,1,0,0,0,0,1,805295,7606,5832055,932
136844,11,10,10010308,10100311,2020,2,22,6,1,6,4,2,0,0,1,0,0,1,1,807655,6965,5829196,93
136845,11,6,6010210,6100210,2020,2,16,5,3,5,3,0,0,1,0,1,0,0,1,794961,9187,5821412,655
136846,11,1,1033102,1300733,2020,2,11,4,3,5,3,0,1,0,0,0,0,0,1,797430,342,5831262,665
136847,11,4,4030827,4300623,2020,2,9,5,3,3,6,0,1,0,0,0,0,0,0,792189,1543,5826485,448
136848,11,8,8020622,8200726,2020,2,7,4,3,6,4,0,0,1,1,0,0,0,1,801748,37,5820092,85
136849,11,4,4041136,4400728,2020,2,14,6,3,2,6,0,0,1,0,0,0,0,1,790057,1197,5822984,169
136850,11,9,9051901,9501939,2020,2,9,1,2,6,4,0,0,1,1,0,0,0,1,810641,1721,5821056,469
136851,11,5,5010207,5100209,2020,2,12,3,3,2,6,0,0,1,0,0,0,0,0,783688,5836,5829978,972
136852,11,12,12301203,12500930,2020,2,11,2,3,2,6,0,0,1,0,0,0,1,0,793293,25,5835187,711
136853,11,5,5010204,5100206,2020,2,9,6,3,5,5,0,0,1,0,1,0,0,1,781795,1095,5831613,13
136854,11,9,9010302,9100306,2020,2,22,1,3,2,6,2,0,1,0,0,0,0,0,804359,5414,5819755,693
136855,11,1,1011303,1100310,2020,2,16,7,3,5,3,1,1,1,0,0,0,0,0,799217,4536,5828933,451
136856,11,10,10010102,10100102,2020,2,19,4,3,5,2,2,0,1,0,0,0,0,1,809348,2542,5834283,176
136857,11,1,1011102,1100102,2020,2,7,4,3,8,1,0,0,1,0,0,0,0,1,795138,6584,5827074,189
136858,11,1,1011201,1100205,2020,2,15,5,3,5,3,0,1,1,0,0,0,0,0,797159,747,5826452,695
136859,11,2,2010102,2100103,2020,2,8,4,3,2,2,0,0,1,0,1,0,0,1,798687,2196,5826444,453
136860,11,2,2020204,2200210,2020,2,23,6,3,6,4,2,0,1,1,0,0,0,1,799098,128,5825192,211
136861,11,1,1022206,1200628,2020,2,15,7,3,1,5,0,1,1,0,0,0,0,0,796529,7748,5828673,116
136862,11,4,4030620,4300619,2020,2,21,2,3,5,3,2,0,1,0,0,0,0,1,792756,4732,5827039,817
136863,11,9,9020802,9200819,2020,2,15,7,3,2,6,0,0,1,0,0,0,0,0,810163,665,5819563,881
136864,11,11,11030720,11300721,2020,2,16,2,3,0,2,0,0,1,0,0,0,1,0,805139,3627,5829967,36
136865,11,4,4010102,4100101,2020,2,13,5,2,2,7,0,0,1,0,0,0,0,1,791892,4028,5830698,73
136866,11,1,1011302,1100309,2020,2,19,7,3,0,5,2,1,1,0,0,0,0,1,798580,3518,5828916,82
136867,11,2,2020206,2200212,2020,2,9,3,3,5,3,0,1,1,0,0,0,0,1,799611,2692,5824523,474
136868,11,2,2050801,2500830,2020,2,20,7,3,1,5,2,1,1,0,0,0,0,0,802486,6529,5827501,121
136869,11,12,12214423,12200308,2020,2,5,2,3,2,6,2,0,1,0,0,0,0,0,792362,8794,5833915,454
136870,11,9,9020502,9200511,2020,2,16,5,3,0,5,0,1,1,0,0,0,0,0,807047,5521,5821926,945
136871,11,11,11040926,11400930,2020,2,15,5,3,6,6,0,1,0,1,0,0,0,0,806110,4506,5826675,206
136872,11,5,5010314,5100316,2020,2,14,5,3,5,2,0,0,1,0,0,0,0,0,785063,3149,5829467,4
136873,11,1,1011102,1100102,2020,2,18,4,3,5,3,2,0,1,0,1,0,0,1,795160,5273,5827237,822
136874,11,9,9020802,9200819,2020,2,7,3,3,2,6,0,0,1,0,0,0,0,1,810406,322,5819867,842
136875,11,12,12231102,12400721,2020,2,12,5,3,5,3,0,1,1,0,0,0,0,0,790200,5179,5840453,231
136876,11,1,3061126,3601140,2020,2,11,3,2,6,6,0,1,0,1,0,0,0,0,798144,487,5831822,37
136877,11,4,4051448,4501045,2020,2,3,7,3,9,1,2,0,1,0,0,0,0,0,793966,3638,5824933,846
136878,11,4,4051446,4501043,2020,2,9,2,2,6,4,0,0,1,1,0,0,0,0,792602,89,5824918,832
136879,11,9,9041501,9401534,2020,2,18,7,3,2,7,2,1,1,0,0,0,0,0,810842,2732,5820491,4
136880,11,6,6040804,6400838,2020,2,15,2,3,5,3,0,0,1,0,1,0,0,0,787739,4655,5818259,826
136881,11,6,6020306,6200317,2020,2,8,5,3,5,2,0,1,1,0,0,0,0,0,796227,1644,5817019,53
136882,11,1,2040502,2400521,2020,2,14,4,3,1,5,0,1,0,0,0,0,1,1,800329,5233,5828050,794
136883,11,2,2040502,2400521,2020,2,12,5,3,5,2,0,1,1,0,0,0,0,0,801247,6592,5827817,435
136884,11,12,12214125,12200414,2020,2,15,4,3,2,6,1,0,1,0,0,0,0,1,788064,5581,5831086,197
136885,11,2,2050802,2500834,2020,2,9,5,3,5,2,0,1,0,0,0,1,0,0,802551,7081,5826717,62
136886,11,1,1011401,1100415,2020,2,18,4,3,5,2,2,1,1,0,0,0,0,1,798323,1742,5829380,771
136887,11,4,4030623,4300622,2020,2,17,3,3,2,6,0,0,1,0,0,0,0,0,793276,4087,5826749,855
136888,11,1,1044102,1400940,2020,2,9,5,2,5,3,0,1,1,0,0,0,0,0,795288,7065,5832243,695
136889,11,4,4030930,4501041,2020,2,17,3,3,5,2,2,0,0,0,0,1,1,1,793283,7827,5825642,66
136890,11,4,4051551,4501148,2020,2,23,6,3,5,2,2,0,1,0,0,0,0,0,792833,922,5823213,415
136891,11,1,1011306,1100313,2020,2,20,2,3,1,5,2,1,1,0,0,0,0,1,800103,5248,5826883,942
136892,11,4,4031032,4500938,2020,2,16,7,3,5,3,0,0,1,0,1,0,0,0,791837,1211,5824755,573
136893,11,3,3030715,3300516,2020,2,2,1,3,1,1,2,0,1,0,0,0,0,0,800476,349,5832377,1
136894,11,4,4030828,4300624,2020,2,7,5,3,6,4,0,1,0,1,0,0,0,0,792979,5223,5826233,318
136895,11,1,1011301,1100308,2020,2,22,4,3,5,2,2,0,1,0,1,0,0,1,797532,5312,5828716,446
136896,11,10,10030724,10300731,2020,2,9,5,3,5,3,0,0,1,0,0,0,0,0,809114,572,5829717,7
136897,11,1,1044203,1401048,2020,2,14,4,2,5,2,0,1,0,0,0,0,1,0,795297,3351,5831410,269
136898,11,1,1033101,1300732,2020,2,23,6,2,6,4,2,0,1,1,0,0,0,0,797260,6048,5832181,86
136899,11,3,3050920,3500933,2020,2,15,1,3,1,5,0,0,1,0,0,0,0,1,801772,4137,5831761,452
136900,11,10,10040931,10400938,2020,2,13,3,3,5,3,0,0,1,0,0,0,0,1,812869,4905,5828229,337
136901,11,3,3040512,3400619,2020,2,8,5,3,5,3,0,1,1,0,0,0,0,0,795718,231,5834971,45
136902,11,5,5010339,5100317,2020,2,14,2,3,2,6,0,0,1,0,0,0,0,0,787003,5529,5828154,705
136903,11,9,9010202,9100203,2020,2,7,6,3,0,7,0,1,1,0,1,1,0,1,804112,7604,5823601,596
136904,11,9,9010301,9100304,2020,2,14,2,3,6,7,0,1,0,1,0,0,0,0,804798,9681,5822364,29
136905,11,1,1011201,1100205,2020,2,20,1,3,1,5,2,0,1,0,0,0,0,1,797339,4661,5826481,987
136906,11,2,2040502,2400521,2020,2,16,3,2,6,4,0,0,1,1,0,0,0,0,800457,2111,5828224,689
136907,11,6,6030503,6300527,2020,2,8,5,3,5,2,0,1,1,0,0,0,0,0,790720,7125,5817908,498
136908,11,3,3040614,3400725,2020,2,12,3,3,5,3,0,1,1,0,0,0,0,1,799019,8094,5835053,115
136909,11,2,2020206,2200212,2020,2,15,6,3,2,6,0,0,1,0,0,0,0,0,799812,2844,5824470,706
136910,11,8,8010404,8100415,2020,2,18,2,3,5,3,2,0,1,0,0,0,0,1,801998,4675,5823295,841
136911,11,1,1011306,1100313,2020,2,14,5,3,0,2,0,1,1,0,0,0,0,1,800072,9676,5826415,94
136912,11,5,5010314,5100317,2020,2,11,4,2,8,1,0,0,0,0,1,0,0,1,785257,678,5828842,623
136913,11,12,12103219,12100204,2020,2,7,5,3,1,1,0,0,1,0,0,0,1,0,794914,1722,5832901,656
136914,11,4,4051446,4501043,2020,2,5,4,3,5,3,2,1,1,0,0,0,0,0,792912,1779,5824395,731
136915,11,3,3050923,3500934,2020,2,21,6,3,0,3,2,0,1,0,1,0,0,1,801280,335,5831868,844
136916,11,6,6020409,6200421,2020,2,9,1,3,2,6,0,0,1,0,0,0,0,1,793452,9884,5817722,463
136917,11,2,2050802,2500833,2020,2,11,3,3,6,2,0,0,0,1,0,0,1,1,802614,9171,5826997,982
136918,11,9,9020802,9200819,2020,2,15,7,3,2,7,0,1,1,0,0,0,0,0,810493,4517,5820140,273
136919,11,6,6030503,6300526,2020,2,9,2,3,5,3,0,1,1,0,0,0,0,0,789401,5627,5817532,485
136920,11,1,1011303,1100310,2020,2,7,6,3,1,7,0,1,1,0,0,0,0,1,798949,7136,5827814,113
136921,11,1,1011203,1100206,2020,2,13,7,3,5,3,0,0,1,0,0,0,1,0,797596,1838,5827122,918
136922,11,12,12302110,12601235,2020,2,19,4,2,6,2,2,0,1,1,0,0,0,1,795277,8562,5836374,769
136923,11,12,12304314,12500824,2020,2,21,4,2,6,4,2,1,0,1,0,0,0,1,791213,555,5836732,537
136924,11,11,11020515,11200514,2020,2,8,4,3,5,2,0,1,1,0,0,0,0,1,805113,7332,5830256,409
136925,11,11,11010310,11100309,2020,2,15,5,3,6,7,0,1,0,1,0,0,0,0,805400,6641,5833282,154
136926,11,4,4010102,4100101,2020,2,13,4,3,2,6,0,0,1,0,0,0,0,1,791875,3172,5830697,802
136927,11,1,1044203,1401048,2020,2,20,6,3,5,2,2,0,1,0,0,0,0,0,795199,6744,5831321,467
136928,11,1,1022104,1200519,2020,2,18,7,3,0,6,2,1,1,0,0,0,0,1,793920,2313,5828481,984
136929,11,5,5030730,5300736,2020,2,8,3,3,2,6,0,0,1,0,0,0,0,1,785453,5624,5829250,995
136930,11,2,2020202,2200208,2020,2,19,2,3,2,6,2,0,1,0,0,0,0,0,797922,339,5825277,612
136931,11,1,1033201,1300834,2020,2,14,5,3,3,6,0,0,1,0,0,0,1,1,797699,4144,5830695,726
136932,11,6,6020304,6200314,2020,2,12,4,3,5,3,0,0,1,0,0,0,0,0,794691,4755,5818080,17
136933,11,8,8010406,8100419,2020,2,18,4,2,6,4,2,0,1,1,0,0,0,0,802017,6769,5824307,742
136934,11,7,7050501,7501029,2020,2,18,4,3,1,5,2,1,1,0,0,0,0,0,797644,92,5819416,154
136935,11,2,2030302,2300316,2020,2,20,3,2,5,7,1,0,1,0,1,0,0,0,800640,8391,5826588,454
136936,11,1,1011202,1100206,2020,2,16,4,3,5,2,0,1,0,0,0,0,0,0,797156,5882,5827708,505
136937,11,9,9051901,9501941,2020,2,7,3,3,4,6,0,1,0,0,0,0,0,0,812069,2933,5821168,2
136938,11,4,4030725,4300416,2020,2,9,6,3,5,3,0,1,1,0,0,0,0,0,791861,712,5826237,52
136939,11,8,8041036,8401242,2020,2,0,2,3,1,5,2,0,1,0,0,0,1,0,805150,3707,5816470,86
136940,11,6,6040701,6400735,2020,2,13,7,3,5,3,0,1,1,0,0,0,0,0,782210,6964,5815684,906
136941,11,4,4031032,4500937,2020,2,14,2,3,5,2,0,0,1,0,0,0,1,0,791017,481,5824861,22
136942,11,1,1011302,1100309,2020,2,0,4,3,5,2,2,1,0,0,0,0,1,1,798680,6721,5828665,963
136943,11,11,11020412,11200411,2020,2,16,4,3,6,4,0,0,1,1,0,0,0,0,805046,3984,5831201,444
136944,11,7,7010104,7100205,2020,2,22,4,3,5,3,2,0,1,0,0,0,1,1,796358,7308,5825091,379
136945,11,1,1044202,1401046,2020,2,11,7,3,5,2,0,1,1,0,0,0,0,0,795217,665,5830192,81
136946,11,8,8020727,8200832,2020,2,10,2,3,5,3,0,0,1,0,0,0,0,1,801638,424,5817393,295
136947,11,3,3040614,3400724,2020,2,15,2,3,5,2,0,1,1,0,0,0,0,0,800025,379,5834654,564
136948,11,1,1033202,1300835,2020,2,11,5,3,0,1,0,0,0,0,1,0,0,0,797905,4607,5829883,6
136949,11,7,7040404,7400826,2020,2,16,4,3,2,6,0,0,1,0,0,0,1,0,797326,9167,5820572,89
136950,11,3,3050923,3500934,2020,2,17,4,3,6,2,2,0,1,1,0,0,0,1,800218,2567,5832151,178
136951,11,5,5010101,5100104,2020,2,16,3,2,2,6,0,0,1,0,1,0,0,0,786021,542,5831716,6
136952,11,8,8030830,8300935,2020,2,14,4,3,5,2,0,0,1,0,0,0,0,0,802293,607,5817847,3
136953,11,1,1044203,1401048,2020,2,15,3,3,5,2,0,1,1,0,0,0,0,1,795309,3485,5831237,275
136954,11,3,3071537,3701555,2020,2,20,6,3,6,2,2,0,1,1,0,0,0,0,799881,7164,5829796,242
136955,11,6,6030608,6300632,2020,2,19,2,3,6,2,2,0,1,1,0,0,0,1,792759,886,5817474,695
136956,11,8,8010211,8100206,2020,2,18,5,2,6,4,2,0,1,1,0,0,0,1,800389,5746,5824098,733
136957,11,12,12214424,12200411,2020,2,18,4,3,5,3,2,0,1,0,0,0,1,1,792897,799,5832158,918
136958,11,9,9052001,9502043,2020,2,11,4,3,5,3,0,1,1,0,0,0,0,0,811283,928,5822337,524
136959,11,1,1011203,1100206,2020,2,8,5,3,5,3,0,1,1,0,0,0,0,0,798287,305,5827428,688
136960,11,4,4020313,4200311,2020,2,13,4,2,1,5,0,0,1,0,0,0,0,0,790729,8176,5826716,458
136961,11,8,8010303,8100314,2020,2,9,4,3,0,2,0,1,1,1,0,0,0,0,800357,4265,5824319,791
136962,11,1,1033203,1300836,2020,2,16,4,3,3,6,0,0,1,0,0,0,0,0,796557,7875,5829858,301
136963,11,7,7040403,7400823,2020,2,19,1,3,2,6,2,0,1,0,0,0,0,1,796898,413,5822303,436
136964,11,4,4030620,4300619,2020,2,15,3,3,5,3,0,1,1,0,0,0,0,0,792661,8947,5827418,93
136965,11,5,5010101,5100101,2020,2,9,4,2,4,6,0,0,1,0,0,0,0,0,781321,115,5835411,706
136966,11,3,3050923,3500934,2020,2,11,3,3,5,3,0,0,1,0,0,0,1,1,800773,5521,5831768,596
136967,11,12,12301203,12500930,2020,2,13,6,3,0,1,0,0,0,0,1,0,0,0,792422,7806,5834189,417
136968,11,5,5020625,5200629,2020,2,18,2,3,6,2,2,0,1,1,0,0,0,1,784704,9786,5828612,154
136969,11,11,11040926,11400929,2020,2,13,7,3,5,3,0,0,1,0,0,0,0,0,805129,282,5826547,869
136970,11,10,10040829,10400836,2020,2,21,4,3,6,2,2,0,0,1,0,0,1,1,811541,5039,5827289,681
136971,11,11,11030720,11300721,2020,2,9,4,3,6,4,0,0,1,1,0,0,0,1,804333,5342,5829881,919
136972,11,12,12103116,12100102,2020,2,9,4,3,5,3,0,0,1,0,0,0,1,0,796595,8293,5833589,5
136973,11,8,8010213,8100208,2020,2,14,4,2,6,4,0,0,1,1,0,0,0,1,801051,945,5822583,189
136974,11,12,12214422,12200310,2020,2,19,6,3,9,1,2,0,1,0,0,0,0,0,791486,7581,5833058,4
136975,11,1,1011303,1100310,2020,2,19,7,3,2,2,2,0,1,0,0,0,1,1,799143,9429,5828308,178
136976,11,2,2020203,2200209,2020,2,9,3,3,1,5,0,1,1,0,0,0,0,1,797359,6662,5824532,277
136977,11,3,3040818,3400828,2020,2,7,2,3,2,2,0,0,1,0,0,0,0,0,800078,4241,5832605,614
136978,11,3,3040614,3400725,2020,2,7,4,3,1,5,0,1,1,0,0,0,0,1,799169,4038,5834958,429
136979,11,10,10010207,10100210,2020,2,17,6,3,6,7,1,0,1,1,0,0,0,1,807959,847,5831092,856
136980,11,9,9020701,9200715,2020,2,10,1,3,5,2,0,0,1,0,0,1,0,1,808329,9227,5818869,307
136981,11,4,4030518,4300517,2020,2,12,3,3,5,3,0,1,1,0,0,0,0,1,791391,2055,5828583,944
136982,11,4,4051655,4501153,2020,2,11,2,2,6,4,0,1,0,1,0,0,0,0,794038,8687,5823909,917
136983,11,1,1011303,1100310,2020,2,9,6,3,5,7,0,1,0,0,0,0,1,0,799121,6619,5828465,676
136984,11,1,1022104,1200519,2020,2,23,1,3,2,6,2,0,1,0,0,0,0,1,793637,4965,5828496,545
136985,11,1,2040701,2400623,2020,2,18,4,3,6,2,2,0,1,1,0,0,0,1,800173,3183,5827364,388
136986,11,7,7030301,7300516,2020,2,7,4,3,1,7,0,0,1,1,0,0,0,1,793561,7329,5821970,69
136987,11,10,10020622,10200629,2020,2,8,4,3,5,3,0,1,1,0,0,0,0,0,811250,68,5828683,144
136988,11,11,11010310,11100309,2020,2,11,4,3,5,2,0,1,1,0,0,0,0,1,805555,54,5833392,957
136989,11,12,12224229,12400616,2020,2,16,6,3,0,7,0,0,1,0,0,0,0,0,786051,8677,5834454,344
136990,11,12,12231102,12400720,2020,2,16,7,3,3,6,0,1,0,0,0,0,1,0,789336,3857,5840770,864
136991,11,6,6020302,6200312,2020,2,6,2,3,0,7,0,0,0,0,1,0,1,1,794839,3626,5819323,954
136992,11,12,12103116,12100102,2020,2,18,2,2,6,4,2,0,1,1,0,0,0,0,796599,2661,5833576,372
136993,11,4,4020311,4200310,2020,2,14,5,3,2,6,0,0,1,0,0,0,0,1,789870,9476,5826222,676
136994,11,2,2020202,2200208,2020,2,8,4,3,5,2,0,1,1,0,0,0,0,1,797929,6243,5825276,66