OBJECTID,LAND,BEZ,LOR,LOR_ab_2021,UJAHR,UMONAT,USTUNDE,UWOCHENTAG,UKATEGORIE,UART,UTYP1,ULICHTVERH,IstRad,IstPKW,IstFuss,IstKrad,IstGkfz,IstSonstige,USTRZUSTAND,LINREFX,LINREFY,XGCSWGS84,YGCSWGS84
136995,11,6,6030503,6300527,2020,2,18,4,3,6,4,2,0,1,1,0,0,0,1,790656,1217,5817842,636
136996,11,5,5030730,5300736,2020,2,5,6,3,5,2,2,0,1,0,0,0,0,1,785967,9086,5829212,235
136997,11,11,11020514,11200513,2020,2,7,4,3,0,3,0,0,0,0,0,0,1,0,803852,5143,5830390,635
136998,11,11,11051331,11501340,2020,2,20,4,3,5,3,2,1,1,0,0,0,0,0,807231,5188,5824302,705
136999,11,1,1044202,1401046,2020,2,18,4,3,6,4,2,0,1,1,0,0,0,1,794607,8388,5829879,466
137000,11,9,9052001,9502043,2020,2,5,3,2,5,3,2,1,1,0,0,0,0,1,810990,9797,5821975,558
137001,11,1,1022106,1200522,2020,2,20,4,3,5,2,2,1,1,0,0,0,0,0,794119,5952,5828273,794
137002,11,9,9020802,9200819,2020,2,18,3,3,4,6,2,1,0,0,0,0,0,0,810524,9657,5820037,879
137003,11,2,2020204,2200210,2020,2,10,7,3,5,3,0,1,1,0,0,0,0,0,798532,8013,5825353,458
137004,11,7,7040403,7400825,2020,2,9,2,2,0,5,0,0,0,0,0,0,1,0,797588,332,5820788,694
137005,11,4,4031032,4500937,2020,2,15,2,3,5,2,0,1,1,0,0,0,0,0,790986,1887,5824832,941
137006,11,1,1011305,1100312,2020,2,8,5,3,5,3,0,1,0,0,0,0,0,0,799367,6125,5827008,491
137007,11,12,12224230,12400618,2020,2,19,4,3,5,2,2,0,1,0,0,0,0,0,787343,709,5837844,722
137008,11,5,5010312,5100314,2020,2,15,4,2,5,3,0,1,1,0,0,0,0,1,785149,692,5829617,849
137009,11,2,2040701,2400623,2020,2,16,3,3,2,6,0,0,1,0,1,0,0,0,800746,4084,5826923,331
137010,11,1,1033102,1300733,2020,2,19,4,3,5,3,2,1,1,0,0,0,0,0,797694,5759,5831556,744
137011,11,2,2050801,2500830,2020,2,12,3,3,0,1,0,0,0,0,1,0,0,1,802442,4198,5827419,364
137012,11,4,4051446,4501043,2020,2,17,3,3,5,3,1,1,1,0,0,0,0,0,792912,1768,5824395,734
137013,11,10,10020416,10200423,2020,2,5,4,3,5,3,2,1,1,0,0,0,0,0,813245,4968,5831083,708
137014,11,2,2040702,2400624,2020,2,1,3,3,0,1,2,0,0,0,0,0,1,1,801801,3413,5827211,328
137015,11,10,10040828,10400835,2020,2,22,6,3,5,3,2,0,1,0,0,0,0,0,811845,7288,5829302,99
137016,11,4,4020310,4200308,2020,2,21,2,2,6,2,2,0,1,1,0,0,0,1,790378,7921,5827305,93
137017,11,5,5010101,5100104,2020,2,12,1,3,6,4,0,0,1,1,0,0,0,1,785911,4608,5831427,697
137018,11,3,3030405,3300411,2020,2,7,5,3,5,3,1,1,1,0,0,0,0,1,803590,428,5839579,772
137019,11,10,10010310,10100315,2020,2,13,4,3,6,4,0,0,1,1,0,0,0,1,809875,3428,5831240,173
137020,11,7,7050502,7501133,2020,2,18,3,3,2,6,2,0,1,0,0,0,0,1,797341,2797,5818559,359
137021,11,1,1011103,1100103,2020,2,15,4,3,1,5,0,1,1,0,0,0,0,1,795489,7327,5825791,835
137022,11,9,9041501,9401534,2020,2,15,1,3,6,2,0,0,1,1,0,0,0,1,810980,752,5820467,815
137023,11,12,12214527,12200515,2020,2,14,3,3,6,4,0,0,0,1,0,0,1,0,790352,1244,5835362,312
137024,11,3,3061332,3601346,2020,2,20,3,3,0,1,1,1,0,0,0,0,0,1,799369,8062,5830724,693
137025,11,9,9010301,9100304,2020,2,10,3,3,5,3,0,1,1,0,0,0,0,0,804562,4952,5822021,77
137026,11,7,7040401,7400721,2020,2,11,6,3,1,7,0,0,1,0,0,0,0,0,797945,849,5823970,883
137027,11,10,10010311,10100316,2020,2,14,2,2,5,2,0,1,1,0,0,0,0,0,810690,9509,5832009,971
137028,11,8,8010117,8100102,2020,2,23,4,2,6,4,2,1,0,1,0,0,0,1,800482,2271,5823565,576
137029,11,12,12224230,12400619,2020,2,16,6,3,2,2,0,0,1,0,1,0,0,0,786430,489,5837355,444
137030,11,10,10020413,10200418,2020,2,18,2,3,6,4,2,0,0,1,1,0,0,1,811294,3192,5831303,23
137031,11,6,6030503,6300527,2020,2,16,5,3,2,6,0,0,1,0,0,0,1,1,789979,7408,5817563,513
137032,11,5,5010208,5100210,2020,2,11,4,3,5,3,0,0,1,0,0,0,0,1,783711,593,5830379,735
137033,11,2,2010104,2100106,2020,2,19,3,3,3,6,2,1,1,0,0,0,0,0,798961,7729,5825589,948
137034,11,6,6020305,6200315,2020,2,7,4,3,5,2,0,1,1,0,0,0,0,1,795520,309,5817419,594
137035,11,4,4020313,4200311,2020,2,16,6,3,2,6,0,0,1,0,0,0,0,1,790539,3852,5826347,351
137036,11,1,1033102,1300733,2020,2,2,1,3,5,3,2,0,1,0,0,0,0,0,797803,2489,5831334,509
137037,11,5,5010314,5100316,2020,2,11,3,2,6,4,0,0,1,1,0,0,0,1,784835,8428,5829055,502
137038,11,4,4051549,4501146,2020,2,12,7,3,5,7,0,0,1,0,1,0,0,0,793295,6889,5823919,61
137039,11,11,11040925,11400927,2020,2,10,2,3,0,4,0,0,0,1,1,0,0,0,803955,7074,5826407,59
137040,11,10,10040931,10400938,2020,2,8,6,2,2,2,0,0,1,0,1,0,0,1,813135,8026,5828767,317
137041,11,9,9010301,9100304,2020,2,10,7,3,5,7,0,0,1,0,0,0,0,0,804649,489,5822133,988
137042,11,8,8010214,8100209,2020,2,19,4,3,5,3,2,0,1,0,0,0,0,1,801307,184,5822227,79
137043,11,7,7040402,7400822,2020,2,7,4,3,5,3,0,0,1,0,0,0,0,0,796835,6235,5820808,148
137044,11,4,4010103,4100102,2020,2,15,3,3,5,2,0,0,1,0,0,0,0,0,791187,2298,5829177,765
137045,11,11,11051331,11501340,2020,2,0,4,3,5,3,2,0,1,0,0,0,1,0,807549,7858,5824823,687
137046,11,5,5010314,5100316,2020,2,13,7,3,2,6,0,0,1,0,0,0,0,0,784080,1522,5829015,568
137047,11,3,3010102,3100103,2020,3,9,5,3,2,2,0,1,1,0,0,0,0,0,804000,8705,5840809,724
137048,11,6,6020409,6200421,2020,3,14,3,3,2,6,0,0,1,0,0,0,0,1,793478,236,5817690,294
137049,11,9,9020802,9200819,2020,3,16,5,3,5,2,0,0,1,0,0,0,0,0,810055,548,5819465,414
137050,11,3,3050919,3500932,2020,3,14,3,3,0,1,0,1,0,0,0,0,0,0,800998,6581,5832185,234
137051,11,11,11020514,11200513,2020,3,8,2,3,5,3,0,0,1,0,0,0,0,1,804671,5631,5830737,609
137052,11,2,2010103,2100105,2020,3,13,3,3,5,2,0,1,1,0,0,0,0,0,799447,117,5825676,5
137053,11,10,10020413,10200418,2020,3,13,3,3,5,2,0,0,1,0,0,0,0,0,811288,6729,5831561,272
137054,11,1,1011204,1100207,2020,3,8,5,3,0,3,0,0,1,0,1,0,0,0,798557,8897,5826814,406
137055,11,6,6040810,6400844,2020,3,18,6,3,6,2,2,0,1,1,0,0,0,1,790350,6475,5820665,929
137056,11,4,4030931,4501042,2020,3,1,5,2,0,1,2,0,0,0,0,0,1,0,793904,6976,5825880,77
137057,11,3,3040614,3400723,2020,3,13,3,3,3,6,0,0,1,0,0,0,1,0,799320,149,5833878,37
137058,11,1,1011302,1100309,2020,3,13,4,3,5,3,0,1,1,0,0,0,0,0,798625,6117,5828980,599
137059,11,4,4020311,4200310,2020,3,13,3,3,5,7,0,0,1,0,0,0,0,1,789333,2712,5826174,938
137060,11,8,8010404,8100415,2020,3,13,2,2,3,6,0,1,1,0,1,0,1,0,801923,3103,5823547,242
137061,11,9,9041301,9401329,2020,3,15,1,3,2,7,0,0,1,0,0,0,1,0,814685,4083,5818278,317
137062,11,3,3010102,3100103,2020,3,16,2,3,5,3,0,1,1,0,0,0,0,0,804372,7006,5840423,98
137063,11,1,1011303,1100310,2020,3,13,2,3,0,1,0,1,0,0,0,0,0,1,799179,5855,5828190,953
137064,11,1,1011302,1100309,2020,3,6,6,3,5,7,1,0,1,0,1,0,0,1,798351,227,5829034,335
137065,11,12,12214125,12200412,2020,3,0,1,3,0,7,2,0,1,0,0,0,0,1,788116,597,5831269,464
137066,11,8,8010118,8100105,2020,3,20,2,3,6,4,2,0,0,1,1,0,0,0,801002,4877,5822165,268
137067,11,4,4041240,4400831,2020,3,17,2,3,1,5,1,1,1,0,0,0,0,0,791265,3319,5822075,812
137068,11,5,5010311,5100313,2020,3,11,6,3,0,2,0,1,1,0,0,0,0,1,785394,5915,5830307,229
137069,11,1,1011202,1100206,2020,3,19,4,3,0,6,2,1,1,0,0,0,0,0,797735,449,5827609,131
137070,11,1,1011303,1100310,2020,3,15,2,3,6,4,0,0,0,1,0,0,1,0,798715,4034,5828091,554
137071,11,3,3071536,3701554,2020,3,17,4,3,0,1,0,1,0,0,0,0,0,0,798980,3667,5830035,138
137072,11,6,6010205,6100205,2020,3,7,2,3,2,6,0,0,1,0,0,0,0,1,796286,539,5819657,812
137073,11,7,7040405,7400927,2020,3,5,2,3,5,7,2,0,1,0,0,0,1,1,798212,4723,5820948,185
137074,11,1,1011303,1100310,2020,3,9,1,3,5,2,0,1,1,0,0,0,0,0,799240,7186,5828468,318
137075,11,1,1044202,1401046,2020,3,15,2,3,5,2,0,1,0,0,0,0,1,0,794896,4033,5830222,132
137076,11,3,3071537,3701556,2020,3,13,6,3,5,3,0,1,1,0,0,0,0,1,799816,8619,5829571,492
137077,11,4,4030931,4501042,2020,3,19,4,3,1,5,2,1,1,0,0,0,0,0,794344,9099,5825630,574
137078,11,6,6030503,6300526,2020,3,15,2,3,5,3,0,1,0,0,0,0,0,0,789525,6492,5817501,326
137079,11,3,3040614,3400723,2020,3,16,5,3,2,6,0,0,1,0,0,0,0,0,799533,23,5833959,757
137080,11,1,1033203,1300836,2020,3,14,2,2,8,1,0,0,1,0,0,0,0,0,796306,923,5830691,283
137081,11,2,2020206,2200213,2020,3,18,4,3,0,7,1,1,1,0,0,0,0,1,799836,4561,5824990,557
137082,11,4,4030620,4300619,2020,3,15,4,3,6,7,0,0,0,1,0,0,1,0,792254,4867,5827275,635
137083,11,8,8020728,8200833,2020,3,13,2,3,1,5,0,0,1,0,0,0,0,0,802459,3667,5817072,217
137084,11,2,2020203,2200208,2020,3,12,2,3,6,4,0,1,0,1,0,0,0,0,797779,2784,5824942,213
137085,11,2,2050803,2500835,2020,3,8,4,3,5,2,0,1,1,0,0,0,0,0,803104,9216,5826095,522
137086,11,4,4020311,4200310,2020,3,11,2,3,2,6,0,0,1,0,0,1,0,1,789206,2087,5826856,332
137087,11,7,7050505,7501134,2020,3,10,2,2,6,2,0,0,1,1,0,0,0,0,798464,8385,5818380,1
137088,11,9,9020601,9200613,2020,3,14,7,3,5,3,0,1,1,0,0,0,0,0,807693,624,5820976,497
137089,11,4,4020310,4200308,2020,3,10,2,3,2,6,0,0,1,0,0,0,0,1,789692,4845,5827440,48
137090,11,4,4020311,4200310,2020,3,11,6,3,5,7,0,1,1,0,0,0,0,0,789149,3626,5826923,386
137091,11,3,3040614,3400723,2020,3,16,4,3,2,6,0,0,1,0,0,0,0,0,799404,562,5833909,666
137092,11,2,2020202,2200208,2020,3,9,2,3,0,1,0,1,0,0,0,0,0,1,797265,9189,5825057,993
137093,11,7,7020204,7200414,2020,3,16,5,3,2,6,0,1,1,0,0,0,0,0,796554,1391,5823965,994
137094,11,1,1022103,1200517,2020,3,8,2,3,2,6,0,0,1,0,0,1,0,1,793800,7237,5829984,161
137095,11,5,5020625,5200629,2020,3,10,2,3,6,4,0,0,1,1,0,0,0,1,784519,9322,5828164,26
137096,11,9,9030901,9300920,2020,3,7,2,3,3,6,0,1,1,0,0,0,0,1,809516,476,5817193,934
137097,11,6,6030502,6300525,2020,3,13,1,3,7,7,0,1,0,0,0,0,0,0,789616,7347,5814985,386
137098,11,4,4051550,4501147,2020,3,16,4,3,2,6,0,1,0,0,0,0,0,0,793040,9639,5824147,284
137099,11,7,7040401,7400721,2020,3,12,6,3,2,2,0,0,1,0,0,0,0,1,798319,8972,5823949,937
137100,11,5,5040934,5400942,2020,3,14,1,3,0,6,0,1,0,0,0,0,0,1,783849,5391,5823541,949
137101,11,7,7030303,7300619,2020,3,21,1,2,5,7,2,0,1,0,0,0,0,0,795266,1867,5821870,957
137102,11,11,10010203,10100205,2020,3,9,7,3,2,6,0,0,1,0,0,0,0,1,806922,211,5832609,482
137103,11,2,2020205,2200211,2020,3,20,1,3,1,5,2,1,1,0,0,0,0,0,798333,6031,5824027,196
137104,11,5,5010312,5100314,2020,3,19,6,2,1,3,2,0,1,0,0,0,0,1,785075,74,5829873,962
137105,11,3,3040818,3400831,2020,3,15,4,3,2,6,0,0,1,0,0,0,1,0,800223,1224,5834911,195
137106,11,3,3061131,3601142,2020,3,19,1,3,3,6,2,1,0,0,0,0,0,0,799212,6776,5831107,785
137107,11,2,2010103,2100104,2020,3,15,5,3,5,3,0,1,1,0,0,0,0,0,799281,7464,5826219,656
137108,11,1,1011303,1100310,2020,3,18,1,3,0,7,2,0,0,0,1,0,0,1,798763,3206,5828212,639
137109,11,11,11051330,11501339,2020,3,8,2,3,2,6,0,0,1,0,0,0,0,1,807292,2968,5825400,409
137110,11,8,8020622,8200726,2020,3,17,1,3,2,6,0,0,1,0,0,0,0,0,801429,1767,5820264,736
137111,11,7,7070701,7601442,2020,3,16,1,3,6,4,0,0,1,1,0,0,0,0,799566,6073,5815106,946
137112,11,12,12214527,12200515,2020,3,12,4,2,3,6,0,0,1,0,1,0,0,0,790596,9478,5834496,568
137113,11,12,12103117,12100101,2020,3,18,6,3,5,2,2,1,1,0,0,0,0,1,795768,1799,5832571,431
137114,11,10,10010204,10100206,2020,3,12,4,3,5,2,0,0,0,0,0,0,1,0,809671,8478,5833230,198
137115,11,1,1011301,1100308,2020,3,15,1,2,0,1,0,0,0,0,1,0,0,1,797116,1783,5829010,934
137116,11,7,7010104,7100205,2020,3,12,4,3,1,5,0,1,1,0,0,0,0,0,796378,236,5825074,653
137117,11,3,3040512,3400619,2020,3,19,1,3,5,3,2,1,1,0,0,0,0,0,796982,1187,5835832,359
137118,11,8,8020727,8200832,2020,3,16,4,3,5,3,0,0,1,0,1,0,0,0,801030,4378,5817060,144
137119,11,3,3020203,3200204,2020,3,14,1,3,6,4,0,0,1,1,0,0,0,1,798546,2853,5841328,77
137120,11,8,8010406,8100419,2020,3,22,4,3,5,3,2,0,1,0,0,0,0,0,802277,792,5823880,668
137121,11,5,5010313,5100315,2020,3,14,1,2,6,4,0,0,1,1,0,0,0,1,784376,3177,5830006,242
137122,11,1,1022206,1200628,2020,3,13,1,3,0,1,0,0,0,0,1,0,0,1,796219,7558,5828478,147
137123,11,11,11020514,11200513,2020,3,19,1,2,0,1,2,1,0,0,0,0,0,0,804571,1957,5831031,571
137124,11,9,9041301,9401329,2020,3,11,1,3,4,6,0,1,1,0,0,0,0,0,811652,6265,5818573,839
137125,11,8,8030831,8301036,2020,3,11,1,3,5,2,0,1,1,0,0,0,0,1,803793,1035,5818069,202
137126,11,5,5020625,5200629,2020,3,16,6,2,6,4,0,0,1,1,0,0,0,1,783941,3002,5828705,338
137127,11,4,4051652,4501149,2020,3,22,4,3,5,7,2,0,1,0,1,0,0,0,793457,7154,5824496,26
137128,11,8,8020620,8200725,2020,3,9,1,3,3,6,0,0,1,0,1,0,0,1,801247,87,5819676,23
137129,11,2,2040703,2400625,2020,3,22,4,3,2,6,2,0,1,0,0,0,0,0,801356,1045,5826455,272
137130,11,1,1011203,1100206,2020,3,6,1,2,5,3,2,0,1,0,0,0,0,0,798027,6565,5827394,273
137131,11,2,2020206,2200213,2020,3,0,1,2,0,1,2,1,0,0,0,0,0,1,799737,4912,5824839,436
137132,11,9,9020601,9200613,2020,3,0,1,3,5,2,2,1,1,0,0,0,0,1,805902,688,5821817,938
137133,11,11,11030720,11300721,2020,2,18,7,3,2,2,2,0,1,0,1,0,0,1,805532,163,5830048,844
137134,11,6,6010209,6100209,2020,3,14,1,3,0,5,0,0,1,0,0,0,0,0,794157,3157,5821049,443
137135,11,1,1022201,1200623,2020,2,2,7,3,0,2,2,1,1,0,0,0,0,0,795444,8802,5829545,542
137136,11,6,6030610,6300634,2020,2,17,7,2,6,4,1,0,1,1,0,0,0,1,792147,652,5818773,398
137137,11,5,5010101,5100104,2020,3,6,6,2,5,3,2,0,1,0,1,0,0,1,786008,992,5831716,146
137138,11,8,8010211,8100206,2020,3,21,4,3,1,5,2,1,1,0,0,0,0,0,800355,7245,5824299,625
137139,11,4,4030931,4501042,2020,2,5,7,3,5,3,2,0,1,0,0,0,0,1,793915,8181,5825885,632
137140,11,1,1033203,1300836,2020,2,15,7,3,5,3,0,0,1,0,1,0,0,1,796674,6283,5830136,489
137141,11,3,3061228,3601245,2020,3,19,4,3,6,2,2,0,0,1,0,0,1,0,800242,9228,5831180,657
137142,11,1,1022106,1200522,2020,2,16,7,3,6,4,0,0,1,1,0,0,0,0,793815,8978,5828153,133
137143,11,6,6030607,6300631,2020,2,6,7,2,4,6,2,0,0,0,0,0,1,1,792530,7954,5816448,742
137144,11,5,5010314,5100316,2020,3,13,7,3,0,6,0,0,1,0,0,0,1,0,784996,511,5829394,324
137145,11,2,2040703,2500834,2020,2,2,7,2,6,7,2,0,1,1,0,0,0,1,801954,5283,5826797,626
137146,11,1,1011301,1100308,2020,3,8,6,3,5,3,0,0,1,0,0,0,0,1,797431,5965,5828891,147
137147,11,3,3040614,3400723,2020,3,15,4,3,4,6,0,1,0,0,0,0,0,0,798724,7487,5833679,4
137148,11,2,2010104,2100106,2020,2,23,7,3,5,2,2,0,1,0,0,0,0,1,799071,3188,5825609,358
137149,11,7,7010102,7100102,2020,3,14,5,3,1,5,0,0,1,0,1,0,0,0,795195,3184,5825556,309
137150,11,2,2050801,2500830,2020,2,19,7,3,1,5,2,1,1,0,0,0,0,1,802776,5998,5827586,332
137151,11,5,5030730,5300736,2020,3,13,6,3,4,6,0,0,1,0,0,0,0,1,786987,9457,5829773,75
137152,11,8,8010301,8100311,2020,3,13,4,3,5,5,0,1,1,0,0,0,0,0,800783,551,5824389,159
137153,11,1,1033203,1300836,2020,2,19,7,3,5,3,2,0,1,0,0,0,0,1,796798,9292,5831281,122
137154,11,8,8010214,8100209,2020,3,14,5,3,5,2,0,1,1,0,0,0,0,0,801751,484,5822053,831
137155,11,4,4051551,4501148,2020,2,19,7,3,1,5,2,1,1,0,0,0,0,1,792863,6803,5823415,443
137156,11,8,8010301,8100312,2020,3,11,2,3,2,6,0,0,1,0,0,0,0,0,800939,8477,5824235,704
137157,11,2,2040701,2400623,2020,2,19,7,3,5,3,2,1,1,0,0,0,0,1,800910,81,5827525,819
137158,11,12,12301205,12500928,2020,2,18,7,3,5,3,2,0,1,0,0,0,0,1,792606,403,5837531,674
137159,11,3,3061228,3601245,2020,3,0,7,3,1,5,2,1,1,0,0,0,0,1,800376,9622,5831115,464
137160,11,9,9041501,9401534,2020,3,11,6,1,6,4,0,0,0,1,0,0,1,1,811246,5802,5820207,446
137161,11,1,1022206,1200628,2020,2,17,7,3,5,2,0,0,1,0,0,0,1,0,795546,8284,5828216,376
137162,11,7,7050501,7501029,2020,3,13,4,3,6,4,0,0,1,1,0,0,0,0,797688,4566,5819291,973
137163,11,7,7030301,7300517,2020,2,18,7,3,1,5,2,1,1,0,0,0,0,1,794355,1996,5822212,575
137164,11,7,7040403,7400825,2020,3,13,5,3,5,3,0,0,1,0,1,0,0,0,797420,3655,5820802,891
137165,11,2,2020206,2200212,2020,2,16,7,3,6,7,0,0,1,1,0,0,0,0,799302,2312,5824547,917
137166,11,8,8010117,8100103,2020,3,7,2,3,2,7,0,1,1,0,0,0,0,1,800446,5567,5822964,19
137167,11,1,1022104,1200520,2020,3,16,5,3,1,5,0,1,1,0,0,0,0,0,794571,6896,5828585,616
137168,11,8,8041037,8401243,2020,2,15,7,3,6,2,0,0,1,1,0,0,0,0,805309,7713,5817681,145
137169,11,5,5020523,5200527,2020,2,15,7,3,6,4,0,0,1,1,0,0,0,0,783252,2968,5827083,603
137170,11,12,12214125,12200412,2020,2,15,7,3,5,5,0,0,1,0,1,0,0,0,790257,278,5833690,475
137171,11,1,1011303,1100310,2020,3,5,2,3,5,2,1,0,1,0,0,0,0,1,799246,295,5828468,925
137172,11,7,7070704,7601545,2020,3,20,5,2,8,1,2,0,1,0,0,0,0,0,800884,178,5814178,367
137173,11,1,1044101,1400938,2020,2,14,7,3,2,6,0,0,1,0,0,0,0,0,794034,2583,5830236,936
137174,11,10,10020519,10200526,2020,2,14,7,3,6,6,0,0,1,1,0,0,0,0,812279,471,5830166,291
137175,11,12,12224230,12400618,2020,3,11,4,3,5,3,0,0,1,0,0,0,0,0,787033,2,5838266,915
137176,11,6,6010207,6100207,2020,3,18,6,3,2,6,2,0,1,0,0,0,0,1,794197,58,5820123,6
137177,11,7,7020203,7200409,2020,3,11,4,3,5,2,0,1,1,0,0,0,0,0,795813,5359,5824322,812
137178,11,5,5010314,5100316,2020,2,13,7,3,6,7,0,0,1,1,0,0,0,0,783576,6398,5829033,201
137179,11,6,6010210,6100210,2020,3,10,4,3,5,3,0,0,1,0,0,0,0,1,794920,1093,5820931,3
137180,11,11,11040926,11400931,2020,2,13,7,3,6,4,0,0,1,1,0,0,0,0,805741,986,5827188,11
137181,11,8,8041039,8401245,2020,2,12,7,3,5,2,0,1,1,0,0,0,0,0,806487,4381,5815412,163
137182,11,5,5010207,5100209,2020,3,16,1,3,5,2,0,0,1,0,0,0,0,0,783688,4146,5830164,872
137183,11,9,9020702,9200717,2020,3,19,5,3,5,2,2,1,1,0,0,0,0,0,809667,9513,5819039,947
137184,11,2,2030302,2300316,2020,2,11,7,3,2,6,0,0,1,0,0,0,0,0,801454,4037,5826034,465
137185,11,4,4030827,4300623,2020,2,19,6,3,1,5,1,1,1,0,0,0,0,0,792434,2268,5826118,301
137186,11,11,11051229,11501238,2020,3,7,6,3,6,2,0,0,1,1,0,0,0,1,804091,3779,5825979,91
137187,11,3,3050925,3500936,2020,3,10,4,3,6,4,0,0,1,1,0,0,0,0,802703,3895,5831822,417
137188,11,6,6020304,6200314,2020,2,11,6,2,6,6,0,0,1,1,0,0,0,0,794568,9159,5817704,314
137189,11,5,5020626,5200631,2020,3,16,6,3,2,7,0,0,1,0,0,0,0,1,785065,8846,5826959,496
137190,11,1,1022207,1200629,2020,3,10,4,3,5,2,0,1,0,0,0,0,1,0,794491,5596,5827830,442
137191,11,12,12214424,12200309,2020,2,13,6,2,2,6,0,0,1,0,0,0,0,0,793465,2304,5832406,494
137192,11,8,8030831,8301037,2020,3,8,4,3,5,3,0,1,1,0,0,0,0,0,804171,4635,5817808,932
137193,11,7,7010102,7100102,2020,2,8,6,3,2,6,0,0,1,0,0,0,0,0,795164,7489,5825818,168
137194,11,4,4010103,4100102,2020,2,7,6,3,5,3,0,1,0,0,0,1,0,1,791215,249,5829174,16
137195,11,1,1022201,1200623,2020,3,13,1,2,1,1,0,0,1,0,0,0,0,0,794978,8308,5829109,32
137196,11,2,2040701,2400623,2020,3,18,5,3,2,7,2,1,1,0,0,0,0,0,800646,1581,5827576,465
137197,11,5,5020625,5200629,2020,2,18,6,3,5,3,2,1,1,0,0,0,0,0,784655,363,5828500,863
137198,11,5,5030731,5300736,2020,2,19,6,3,2,6,2,0,1,0,0,0,0,0,786807,4854,5830247,992
137199,11,5,5010209,5100211,2020,3,14,6,3,5,2,0,0,1,0,0,0,0,1,783240,9729,5830279,141
137200,11,1,1044101,1400937,2020,3,7,4,3,6,2,0,0,1,1,0,0,0,0,793687,2687,5832241,586
137201,11,3,3071536,3701554,2020,2,21,6,3,5,3,2,1,1,0,0,0,0,0,799002,178,5830073,755
137202,11,1,1033102,1300733,2020,3,12,5,3,6,7,0,0,1,1,0,0,0,0,797048,1274,5831562,854
137203,11,8,8020620,8200624,2020,2,19,6,2,6,4,2,0,1,1,0,0,0,0,801253,9807,5820511,117
137204,11,4,4051445,4500939,2020,3,7,4,3,5,2,0,1,1,0,0,0,0,0,792519,5917,5824139,557
137205,11,7,7020204,7200414,2020,2,18,6,3,5,7,2,0,1,0,1,0,0,0,796408,8313,5823958,567
137206,11,12,12302110,12601235,2020,2,18,6,3,5,2,2,1,1,0,0,0,0,0,795265,323,5836363,339
137207,11,1,1011402,1100416,2020,3,9,7,3,0,1,0,1,0,0,0,0,0,1,798505,98,5829462,72
137208,11,4,4030931,4501042,2020,2,18,6,3,2,6,2,0,1,0,0,0,0,0,793590,9276,5825470,533
137209,11,6,6010101,6100101,2020,3,4,4,2,0,7,2,1,0,0,0,0,0,1,793303,7751,5820750,369
137210,11,10,10010203,10100205,2020,2,17,6,2,0,3,1,1,1,0,0,0,0,0,807561,1947,5831667,137
137211,11,2,2050804,2500836,2020,2,16,6,3,5,3,0,1,1,0,0,0,0,0,803160,609,5825614,872
137212,11,2,2030302,2300316,2020,3,19,7,2,6,4,2,0,1,1,0,0,0,0,801234,2872,5826210,73
137213,11,6,6030609,6300633,2020,2,16,6,3,5,2,0,0,1,0,0,0,1,0,793267,2978,5819089,621
137214,11,2,2020204,2200210,2020,3,12,6,3,5,3,0,1,1,0,0,0,0,1,798489,4079,5825229,441
137215,11,8,8020620,8200624,2020,3,5,4,3,5,2,0,0,1,0,0,0,0,0,800912,2985,5820572,86
137216,11,12,12304314,12500824,2020,2,16,6,3,5,3,0,0,1,0,1,0,0,0,790213,1729,5835830,219
137217,11,8,8020625,8200730,2020,3,11,5,3,0,2,0,1,0,0,0,0,1,0,802239,1798,5818943,633
137218,11,12,12214422,12200310,2020,2,16,6,3,6,2,0,0,1,1,0,0,0,0,792281,4027,5833929,43
137219,11,2,2040701,2400623,2020,3,11,2,2,5,2,0,0,1,0,0,0,0,1,801206,534,5827468,607
137220,11,1,1033202,1300835,2020,3,18,5,3,5,7,2,0,1,0,0,0,1,0,797030,8872,5830053,861
137221,11,1,1022203,1200625,2020,2,15,6,3,2,6,0,0,1,0,0,0,0,0,795136,6564,5828485,33
137222,11,4,4030930,4501041,2020,2,15,6,3,3,6,0,1,1,0,0,0,0,0,793121,4892,5825608,56
137223,11,11,11030721,11300722,2020,3,9,6,3,5,2,0,1,1,0,0,0,0,1,804247,2996,5828697,465
137224,11,10,10040933,10400941,2020,3,18,5,3,5,3,2,1,1,0,0,0,0,0,812394,4545,5824148,915
137225,11,3,3061126,3601141,2020,2,15,6,3,5,3,0,1,1,0,0,0,0,0,798985,6439,5831782,963
137226,11,12,12301205,12500928,2020,2,15,6,3,5,3,0,1,1,0,0,0,0,0,792098,93,5837670,938
137227,11,3,3071536,3701554,2020,3,20,6,3,5,3,2,1,1,0,0,0,0,1,798907,9425,5829087,901
137228,11,4,4030827,4300623,2020,3,1,4,3,0,1,2,0,0,0,0,0,1,1,792237,7427,5826104,237
137229,11,1,1033203,1300836,2020,2,14,6,3,2,6,0,0,1,0,1,0,0,0,796829,6884,5830327,76
137230,11,4,4030519,4300518,2020,3,11,5,3,5,2,0,1,1,0,0,0,0,0,792079,9733,5828579,776