OBJECTID,LAND,BEZ,LOR,LOR_ab_2021,UJAHR,UMONAT,USTUNDE,UWOCHENTAG,UKATEGORIE,UART,UTYP1,ULICHTVERH,IstRad,IstPKW,IstFuss,IstKrad,IstGkfz,IstSonstige,USTRZUSTAND,LINREFX,LINREFY,XGCSWGS84,YGCSWGS84
137231,11,4,4030931,4501042,2020,2,14,6,3,2,6,0,0,1,0,0,0,0,0,793719,155,5825480,646
137232,11,2,2030302,2300316,2020,3,8,2,3,5,3,0,1,1,0,0,0,0,1,800810,2367,5826166,846
137233,11,3,3030715,3300516,2020,2,13,6,3,5,3,0,0,1,0,0,0,0,0,800279,6117,5832680,853
137234,11,2,2020203,2200209,2020,2,13,6,3,3,6,0,0,1,0,0,0,0,0,797102,3773,5824454,433
137235,11,12,12214125,12200414,2020,3,7,4,3,2,6,0,0,0,0,0,1,1,1,791889,6042,5831400,479
137236,11,4,4020313,4200311,2020,3,18,6,3,6,4,2,0,1,1,0,0,0,1,790470,9709,5826075,76
137237,11,1,2040701,2400623,2020,3,9,3,3,5,2,0,1,1,0,0,0,0,0,800241,3807,5827541,841
137238,11,10,10010102,10100104,2020,2,11,6,2,6,4,0,0,1,1,0,0,0,0,809972,393,5834019,632
137239,11,1,1022206,1200628,2020,3,12,3,3,0,1,0,1,0,0,0,0,0,1,795964,7801,5828343,197
137240,11,7,7070701,7601442,2020,2,4,6,1,5,3,2,0,1,0,0,0,0,2,799739,2021,5814500,687
137241,11,1,1011203,1100206,2020,2,10,6,3,5,3,0,0,1,0,0,0,0,0,797753,8523,5827446,858
137242,11,1,1033102,1300733,2020,3,15,1,3,1,5,0,0,1,0,1,0,0,0,797968,2279,5831369,16
137243,11,2,2020203,2200209,2020,3,17,5,3,5,2,1,1,1,0,0,0,0,0,797758,1969,5824293,766
137244,11,6,6010205,6100205,2020,2,9,6,3,0,3,0,0,1,0,1,0,0,1,794878,198,5820039,851
137245,11,10,10010308,10100311,2020,3,8,3,3,5,2,0,1,1,0,0,0,0,0,806458,4641,5829755,431
137246,11,5,5010314,5100316,2020,2,9,6,3,1,5,0,1,1,0,0,0,0,1,784912,1243,5829054,133
137247,11,4,4051446,4501043,2020,2,9,6,3,5,3,0,0,1,0,0,0,0,1,792845,819,5824342,747
137248,11,11,11030721,11300723,2020,3,21,1,2,1,5,2,0,1,0,0,0,0,0,804969,255,5828429,94
137249,11,6,6040804,6400838,2020,2,8,6,3,2,2,0,0,1,0,0,0,0,1,788143,5885,5818729,474
137250,11,12,12214421,12200307,2020,2,7,6,3,6,4,0,0,0,1,0,0,1,0,792961,92,5833869,672
137251,11,2,2020203,2200209,2020,3,15,6,3,3,6,0,1,0,0,0,1,0,1,797101,4224,5824479,527
137252,11,4,4031032,4500937,2020,3,10,3,3,8,7,0,0,1,1,0,0,0,0,791594,2519,5825101,75
137253,11,1,1011201,1100205,2020,2,0,6,3,2,2,2,0,1,0,0,0,0,1,796959,6469,5826713,234
137254,11,9,9051901,9501941,2020,3,17,3,3,4,6,0,1,0,0,0,0,0,1,812163,95,5821353,275
137255,11,7,7030303,7300619,2020,2,18,5,3,0,3,2,0,1,0,1,0,0,0,795994,2214,5822772,59
137256,11,11,11010205,11100204,2020,2,6,5,2,6,7,1,1,0,1,0,0,0,1,806778,6555,5832764,555
137257,11,1,1011203,1100206,2020,3,9,1,3,5,3,0,0,1,0,0,0,0,0,797757,2717,5827447,434
137258,11,4,4030827,4300623,2020,2,22,5,3,6,2,2,0,1,1,0,0,0,1,792408,7753,5826097,503
137259,11,4,4030621,4300620,2020,3,13,6,2,5,2,0,0,1,0,1,0,0,1,793873,935,5827158,862
137260,11,2,2040701,2400521,2020,3,21,3,3,5,3,2,1,1,0,0,0,0,0,800373,5034,5827886,97
137261,11,1,1022104,1200520,2020,2,21,5,3,1,5,2,0,1,0,0,0,0,1,794564,502,5828710,48
137262,11,12,12301203,12500926,2020,3,6,6,3,0,3,1,0,1,0,1,0,0,1,793282,7854,5835536,766
137263,11,9,9010201,9100202,2020,3,8,3,3,5,2,1,1,1,0,0,0,0,0,802663,941,5824424,8
137264,11,7,7020204,7200413,2020,2,20,5,3,4,6,2,0,1,0,0,0,1,1,796112,2423,5823619,937
137265,11,8,8010118,8100104,2020,2,20,5,3,5,2,2,1,1,0,0,0,0,0,800909,6267,5822381,269
137266,11,7,7070701,7601442,2020,3,19,3,3,5,2,2,1,1,0,0,0,0,0,799600,862,5815437,609
137267,11,8,8010509,8100521,2020,2,19,5,2,6,4,2,0,1,1,0,0,0,0,803432,9203,5822492,954
137268,11,1,1011203,1100206,2020,2,19,5,3,5,2,2,1,1,0,0,0,0,0,797953,9358,5827083,846
137269,11,10,10030724,10300731,2020,3,13,7,3,5,3,0,0,1,0,0,0,0,0,808604,4309,5829259,21
137270,11,3,3061131,3601142,2020,3,17,5,3,6,4,1,0,1,1,0,0,0,0,798661,3083,5830299,394
137271,11,5,5020420,5200422,2020,2,16,5,2,8,1,1,0,1,0,0,0,0,0,779842,4645,5828616,773
137272,11,1,1044102,1400940,2020,3,9,6,3,2,6,0,0,1,0,0,0,0,1,795549,7168,5831983,589
137273,11,1,1011402,1100416,2020,3,19,3,3,5,3,2,0,1,0,0,0,1,0,798581,2584,5829514,171
137274,11,5,5010206,5100208,2020,2,19,5,3,2,6,2,0,1,0,0,0,0,1,782050,5551,5829780,858
137275,11,12,12214424,12200309,2020,3,11,5,3,2,6,0,0,1,0,0,0,0,0,793564,668,5832367,389
137276,11,8,8010118,8100105,2020,2,18,5,3,2,7,2,1,1,0,0,0,0,0,800977,1631,5822150,651
137277,11,12,12301203,12500930,2020,3,5,2,3,5,2,1,1,1,0,0,0,0,0,793046,72,5835171,452
137278,11,5,5010312,5100314,2020,2,17,5,3,1,5,2,0,1,0,0,0,0,0,784890,6081,5830147,9
137279,11,5,5010101,5100104,2020,2,18,5,2,5,2,2,1,1,0,0,0,0,0,785203,4084,5831168,48
137280,11,1,1044101,1400938,2020,3,10,5,3,2,6,0,0,1,0,0,1,1,0,794687,9,5831444,601
137281,11,12,12214527,12200515,2020,2,16,5,3,6,4,0,0,1,1,0,0,0,0,790254,6382,5835043,187
137282,11,1,1011204,1100207,2020,2,15,5,3,6,4,0,1,0,1,0,0,0,0,798589,4846,5826885,657
137283,11,8,8010213,8100208,2020,2,14,5,3,2,6,0,0,1,0,0,0,1,0,801645,9587,5822540,67
137284,11,5,5010339,5100317,2020,3,7,7,3,1,7,0,0,1,0,0,0,0,1,786554,4681,5828429,989
137285,11,6,6010101,6100101,2020,2,14,5,3,5,3,0,0,1,0,0,0,0,1,793367,5043,5820717,44
137286,11,12,12301205,12500928,2020,3,19,6,3,5,3,2,1,1,0,0,0,0,1,791772,11,5836891,786
137287,11,2,2010103,2100104,2020,3,19,3,3,5,3,2,1,1,0,0,0,0,0,799342,757,5826192,543
137288,11,4,4030931,4501042,2020,2,13,5,3,5,3,0,1,1,0,0,0,0,0,793979,5059,5825546,185
137289,11,11,11010310,11100309,2020,3,9,5,3,6,4,0,0,1,1,0,0,0,0,805347,2675,5833154,55
137290,11,1,1011101,1100101,2020,2,13,5,3,0,2,0,0,1,0,0,0,1,0,795236,7484,5826633,437
137291,11,3,3030406,3300412,2020,3,8,2,3,5,3,0,0,1,0,0,0,0,1,802657,1773,5838314,548
137292,11,4,4030930,4501041,2020,2,13,5,3,0,6,0,0,1,0,0,0,1,0,792754,5,5825491,619
137293,11,9,9041302,9401330,2020,2,13,5,3,5,3,0,1,1,0,0,0,0,0,811900,6508,5817885,613
137294,11,4,4041241,4400832,2020,3,18,6,2,6,4,2,0,1,1,0,0,0,1,791521,1635,5822493,245
137295,11,7,7040403,7400824,2020,3,19,3,3,5,3,2,1,1,0,0,0,0,0,797766,5649,5821863,504
137296,11,3,3020209,3200205,2020,2,11,5,3,5,3,0,0,1,0,0,0,0,0,797870,7131,5836018,822
137297,11,7,7020203,7200411,2020,2,12,5,3,0,2,0,0,1,0,0,0,1,1,795972,24,5824531,103
137298,11,1,1011303,1100310,2020,3,18,3,3,5,3,2,1,1,0,0,0,0,1,798765,179,5828215,771
137299,11,5,5020628,5200528,2020,3,19,6,3,5,2,2,0,1,0,0,0,0,1,783904,1212,5826604,134
137300,11,8,8010510,8100521,2020,3,10,3,3,5,3,0,1,1,0,0,0,0,1,802481,908,5822560,694
137301,11,1,1044203,1401049,2020,2,11,5,3,2,6,0,0,1,0,0,0,0,0,796107,8622,5831991,115
137302,11,11,11020513,11200512,2020,3,11,3,2,5,7,0,0,1,0,0,0,1,0,803007,7179,5830841,394
137303,11,11,11051331,11501340,2020,2,11,5,2,6,4,0,0,0,1,0,0,1,1,807252,411,5824394,214
137304,11,1,1044203,1401049,2020,2,11,5,3,5,3,0,1,1,0,0,0,0,1,796345,97,5831942,189
137305,11,2,2040502,2400521,2020,3,17,1,3,2,2,1,0,1,0,0,0,0,0,800461,4472,5828433,352
137306,11,11,11051229,11501238,2020,2,10,5,3,2,6,0,0,1,0,0,0,1,1,804787,6485,5825410,169
137307,11,5,5010339,5100317,2020,2,10,5,2,5,2,0,0,1,0,0,1,0,1,785771,4881,5828529,555
137308,11,3,3030711,3300514,2020,3,15,6,3,5,3,0,0,1,0,1,0,0,1,801917,4592,5836361,734
137309,11,12,12214527,12200515,2020,3,11,3,3,1,5,0,1,1,0,0,0,0,0,790215,4993,5835102,993
137310,11,6,6010208,6100208,2020,2,9,5,3,5,3,0,1,1,0,0,0,0,1,794589,6046,5820289,503
137311,11,12,12302211,12601031,2020,3,10,3,3,5,3,0,0,1,0,0,0,0,0,792922,4003,5837074,215
137312,11,7,7070701,7601442,2020,2,7,5,3,6,2,0,0,0,1,0,0,1,1,799254,945,5816248,661
137313,11,4,4020314,4200311,2020,3,9,3,3,3,6,0,0,1,0,0,1,0,0,790415,103,5825817,944
137314,11,8,8010211,8100206,2020,2,7,5,3,2,6,0,0,1,0,0,0,0,0,800410,5414,5823954,989
137315,11,9,9051901,9501939,2020,2,6,5,3,2,6,2,0,1,0,0,0,0,1,809658,676,5821532,545
137316,11,9,9041501,9401534,2020,3,14,1,2,5,3,0,1,1,0,0,0,0,0,810885,5554,5820660,769
137317,11,7,7050503,7400927,2020,2,6,5,3,5,2,2,1,1,0,0,0,0,1,799473,4766,5820522,344
137318,11,11,11030720,11300721,2020,2,5,5,3,2,6,2,0,1,0,0,1,0,1,806134,3608,5830159,363
137319,11,3,3040818,3400829,2020,3,6,6,2,5,3,1,0,1,0,0,0,0,1,799243,6452,5832841,193
137320,11,4,4020311,4200310,2020,3,16,3,3,5,3,0,0,1,0,1,0,0,1,789920,1553,5826701,194
137321,11,4,4030827,4300623,2020,2,12,4,3,1,5,0,1,1,0,0,0,0,1,792285,2517,5826122,302
137322,11,5,5010314,5100316,2020,2,14,4,3,6,7,0,0,0,1,0,0,1,1,784808,5562,5828931,739
137323,11,4,4030929,4501040,2020,3,15,3,3,1,5,0,0,0,0,0,0,1,1,792516,6003,5825433,518
137324,11,10,10030725,10300732,2020,2,15,4,3,2,7,0,0,1,0,0,0,1,1,810211,183,5829516,731
137325,11,3,3030715,3300516,2020,2,8,4,1,4,6,0,0,1,0,1,0,0,0,801092,8815,5833982,63
137326,11,3,3040512,3400619,2020,3,12,7,3,5,3,0,0,1,0,0,0,0,0,795415,6856,5835069,341
137327,11,4,4010101,4100101,2020,2,18,4,3,2,6,2,0,1,0,0,0,0,1,791234,302,5829730,885
137328,11,3,3061227,3601244,2020,3,22,6,3,6,6,2,0,1,1,0,0,0,1,800155,4047,5830954,708
137329,11,12,12302211,12601031,2020,2,17,4,3,2,6,1,0,1,0,0,0,0,1,792900,604,5837015,804
137330,11,6,6010209,6100209,2020,3,20,7,3,6,6,2,0,1,1,0,0,0,0,794448,8104,5821493,195
137331,11,11,11051331,11501340,2020,2,16,4,3,5,3,0,0,1,0,0,0,0,1,807670,2733,5824549,442
137332,11,6,6020304,6200314,2020,3,13,6,3,5,3,0,0,1,0,0,0,0,1,794679,5324,5817421,917
137333,11,6,6030608,6300632,2020,3,15,3,3,5,3,0,1,1,0,0,0,0,1,791944,173,5816876,739
137334,11,2,2030302,2300316,2020,2,15,4,3,5,3,0,1,1,0,0,0,1,1,801413,3972,5826077,113
137335,11,7,7030301,7300517,2020,3,9,5,3,5,3,0,1,1,0,0,0,0,0,794764,3867,5822873,28
137336,11,3,3050920,3500933,2020,2,15,4,3,0,1,0,0,0,0,1,0,0,1,802305,779,5832622,33
137337,11,9,9020701,9200715,2020,3,11,2,3,5,3,0,1,1,0,0,0,0,1,808810,4513,5819001,108
137338,11,1,1011303,1100310,2020,3,17,5,3,6,4,0,0,1,1,0,0,0,0,799093,2789,5828926,629
137339,11,1,1011102,1100102,2020,2,15,4,3,0,6,0,0,1,0,1,0,1,0,795118,986,5827086,923
137340,11,4,4051447,4501044,2020,2,17,4,3,5,7,0,0,1,0,0,0,0,1,793363,119,5824939,228
137341,11,3,3061429,3601449,2020,3,0,7,3,0,1,2,0,0,0,0,0,1,1,801679,7126,5830132,351
137342,11,4,4020209,4200207,2020,3,16,5,3,0,4,0,0,1,1,0,0,0,0,789596,4472,5824993,4
137343,11,1,1011305,1100312,2020,2,8,4,3,5,3,0,1,1,0,0,0,0,1,799454,1937,5827065,24
137344,11,8,8010118,8100104,2020,3,14,3,3,2,6,0,0,1,0,0,0,0,0,800767,7437,5822753,372
137345,11,6,6020408,6200420,2020,2,20,4,3,4,1,2,0,1,0,0,0,0,1,792640,122,5816351,314
137346,11,9,9051801,9501838,2020,3,19,6,3,2,6,2,0,1,0,0,0,0,1,818451,7858,5820557,535
137347,11,7,7010102,7100103,2020,3,10,5,3,1,5,0,1,1,0,0,0,0,1,795713,6127,5825491,406
137348,11,4,4030725,4300416,2020,3,12,4,2,1,5,0,1,1,0,0,0,0,0,791898,294,5826400,258
137349,11,1,1044201,1401045,2020,3,17,4,3,1,5,0,1,1,0,0,0,0,0,796823,2996,5831552,519
137350,11,7,7060604,7601341,2020,3,11,7,2,5,3,0,1,1,0,0,0,0,0,797858,4983,5815725,629
137351,11,1,1011302,1100309,2020,3,12,2,3,5,3,0,1,1,0,0,0,0,0,798737,3973,5828832,29
137352,11,3,3030711,3300514,2020,3,11,5,3,5,3,0,1,1,0,0,0,0,0,801691,5229,5836355,105
137353,11,8,8010117,8100102,2020,3,0,7,3,5,3,2,1,1,0,0,0,0,0,800528,8138,5823369,789
137354,11,8,8020622,8200727,2020,3,11,4,3,2,6,0,0,1,0,0,0,0,0,801310,471,5819584,452
137355,11,1,1011304,1100311,2020,3,9,4,3,5,2,0,1,0,0,0,0,1,0,799572,1947,5828037,814
137356,11,11,11030720,11300721,2020,3,12,6,3,5,2,0,1,1,0,0,0,0,1,805161,996,5829817,325
137357,11,5,5010101,5100104,2020,3,11,4,2,1,5,0,0,1,0,0,0,0,0,785193,6908,5831438,917
137358,11,6,6020305,6200316,2020,3,17,2,3,2,6,0,0,1,0,0,0,0,0,795905,8973,5818059,572
137359,11,2,2050802,2500833,2020,3,18,3,3,0,3,2,0,1,0,0,0,1,0,802674,7971,5827249,847
137360,11,11,11030721,11300722,2020,3,10,4,2,5,3,0,0,1,0,0,0,1,0,804241,9988,5828690,621
137361,11,2,2010101,2100101,2020,3,14,7,3,5,2,0,0,1,0,0,0,0,0,797765,6945,5826033,166
137362,11,3,3020209,3200206,2020,3,8,2,3,5,3,0,1,1,0,0,0,0,0,798342,175,5834830,75
137363,11,1,1044102,1400939,2020,3,15,7,3,5,2,0,0,1,0,1,0,0,0,795117,8433,5831553,112
137364,11,7,7040401,7400721,2020,3,15,4,3,2,6,0,0,1,0,0,0,0,0,797300,9236,5823180,662
137365,11,2,2010103,2100104,2020,3,20,4,3,5,3,2,1,1,0,0,0,0,0,799340,2377,5826193,546
137366,11,1,1033102,1300733,2020,3,18,7,3,1,5,2,1,1,0,0,0,0,0,797150,2723,5831847,422
137367,11,11,11030619,11300620,2020,3,15,4,3,6,7,0,0,1,1,0,0,0,0,803902,1535,5829320,46
137368,11,12,12214421,12200307,2020,3,21,4,3,0,3,2,1,1,0,0,0,0,0,793417,5641,5833278,693
137369,11,9,9030902,9300922,2020,3,10,6,3,5,2,0,1,1,0,0,0,0,1,808174,659,5815763,159
137370,11,3,3061126,3601141,2020,3,8,4,3,5,3,0,1,1,0,0,0,0,0,799236,1725,5831603,815
137371,11,4,4041344,4400835,2020,3,13,2,3,2,6,0,0,1,0,0,0,0,0,793300,8639,5822276,146
137372,11,2,2040701,2400623,2020,3,22,3,3,5,2,2,1,1,0,0,0,0,0,800580,6025,5827051,576
137373,11,8,8010211,8100206,2020,3,8,4,2,6,4,0,0,1,1,0,0,0,0,800523,4175,5823752,281
137374,11,12,12301206,12500929,2020,3,13,6,2,6,4,0,0,1,1,0,0,0,0,793857,9784,5837618,46
137375,11,3,3050920,3500933,2020,3,17,2,3,5,3,0,1,1,0,0,0,0,0,802257,9273,5831625,674
137376,11,12,12302212,12601032,2020,3,13,7,3,0,3,0,0,1,0,1,0,0,0,793028,1628,5837599,159
137377,11,12,12214424,12200411,2020,3,12,4,3,3,6,0,0,1,0,0,1,0,0,792913,6399,5832170,225
137378,11,1,1011401,1100415,2020,3,17,4,2,0,1,0,1,0,0,0,0,0,0,798102,6025,5829340,476
137379,11,4,4030929,4501040,2020,3,15,5,3,5,2,0,1,1,0,0,0,0,0,792721,5773,5825389,746
137380,11,12,12224230,12400618,2020,3,17,3,3,5,2,1,0,1,0,1,0,0,1,786982,2465,5838304,779
137381,11,11,11051332,11501341,2020,3,17,4,3,2,6,1,0,1,0,0,0,0,0,807208,713,5823952,66
137382,11,7,7060601,7601236,2020,3,16,1,3,5,3,0,1,1,0,0,0,0,0,796643,1816,5816439,607
137383,11,11,11041128,11401135,2020,3,7,3,3,5,3,0,1,1,0,0,0,0,0,805968,252,5825367,958
137384,11,6,6010209,6100209,2020,3,23,3,2,0,7,2,0,1,0,0,0,0,1,794697,5607,5821464,825
137385,11,1,1011103,1100103,2020,3,19,5,3,5,2,2,0,1,0,0,0,1,0,795183,589,5825907,34
137386,11,9,9020801,9200818,2020,3,12,3,3,3,3,0,0,1,0,0,0,0,1,809752,1562,5820707,248
137387,11,5,5020524,5200528,2020,3,7,2,3,2,6,0,0,1,0,0,1,0,0,783220,7378,5826795,955
137388,11,12,12214424,12200309,2020,3,8,3,3,1,5,0,0,1,0,0,0,1,0,793250,3102,5832487,27
137389,11,2,2050802,2500833,2020,3,23,3,3,5,3,2,0,1,0,0,0,0,1,802106,9986,5827356,45
137390,11,7,7070703,7601544,2020,3,19,6,2,1,5,2,0,1,0,0,1,0,0,799695,9742,5813971,753
137391,11,6,6030609,6300633,2020,3,7,2,3,2,6,0,0,1,0,0,1,0,0,793281,4062,5819049,458
137392,11,1,1044202,1401047,2020,3,12,7,3,5,2,0,1,1,0,0,0,0,0,795267,716,5830465,711
137393,11,11,11030618,11300619,2020,3,16,3,2,6,4,0,0,1,1,0,0,0,0,803852,3748,5828731,54
137394,11,5,5030731,5300737,2020,3,15,4,3,5,2,0,0,1,0,1,0,0,0,786960,7659,5829591,675
137395,11,7,7010102,7100102,2020,3,13,5,3,5,2,0,0,1,0,0,0,1,0,794949,5228,5825651,645
137396,11,1,1033101,1300732,2020,3,20,3,3,6,4,2,1,0,1,0,0,0,1,797532,6783,5832712,69
137397,11,7,7020201,7200307,2020,3,17,4,3,1,5,0,1,1,0,0,0,0,0,794472,7057,5824208,933
137398,11,11,11041027,11401034,2020,3,11,1,3,0,1,0,0,0,0,1,0,0,0,807401,11,5827363,243
137399,11,7,7060604,7601339,2020,3,13,2,3,5,3,0,0,1,0,1,0,0,0,795754,8241,5815161,925
137400,11,11,11020411,11200410,2020,3,14,5,2,5,2,0,0,1,0,1,0,0,0,806489,4545,5832269,3
137401,11,8,8020619,8200623,2020,3,2,1,3,5,2,2,0,1,0,0,0,0,0,801551,6022,5820651,874
137402,11,1,1044203,1401048,2020,3,20,3,3,2,5,2,0,1,0,0,0,0,1,795511,1453,5831620,398
137403,11,8,8020625,8200730,2020,3,16,5,2,5,3,0,0,0,0,1,0,1,0,801780,771,5817619,464
137404,11,8,8010404,8100417,2020,3,15,6,3,2,6,0,0,1,0,1,0,0,0,802545,5245,5823106,522
137405,11,10,10030725,10300732,2020,3,15,5,3,5,3,0,1,1,0,0,0,0,0,810227,7928,5830024,343
137406,11,6,6030610,6300634,2020,3,12,2,2,3,6,0,1,0,0,0,1,0,0,792242,4229,5818650,971
137407,11,1,1033203,1300836,2020,3,11,5,3,2,2,0,0,1,0,1,0,0,0,796723,6497,5830454,925
137408,11,11,11040925,11400927,2020,3,17,6,2,6,4,1,0,1,1,0,0,0,1,803636,1529,5826592,147
137409,11,2,2040701,2400623,2020,3,12,3,2,6,4,0,1,0,1,0,0,0,0,800846,4521,5826869,566
137410,11,7,7040402,7400822,2020,3,11,4,2,5,3,0,1,1,0,0,0,0,0,796816,8427,5822121,563
137411,11,9,9020501,9200510,2020,3,10,5,3,2,6,0,0,1,0,0,0,0,0,805687,744,5824093,449
137412,11,1,1033102,1300733,2020,3,16,3,3,5,2,0,1,1,0,0,0,0,1,797133,7645,5831801,166
137413,11,4,4051448,4501045,2020,3,16,4,3,6,4,0,0,1,1,0,0,0,0,793470,248,5824758,842
137414,11,3,3061430,3601450,2020,3,5,7,3,0,1,2,1,0,0,0,0,0,0,801747,7084,5830049,919
137415,11,2,2020204,2200210,2020,3,11,2,3,6,4,0,1,0,1,0,0,0,0,798157,5258,5824846,933
137416,11,6,6020303,6200313,2020,3,17,7,3,3,6,0,1,1,0,0,0,0,0,795251,3292,5818338,475
137417,11,1,1022103,1200517,2020,3,22,3,3,0,6,2,0,0,0,0,0,1,1,793396,507,5829565,286
137418,11,7,7040405,7400927,2020,3,6,4,3,5,2,0,1,0,0,0,1,0,0,798894,8336,5821207,589
137419,11,7,7040406,7400928,2020,3,5,6,2,1,5,2,0,1,0,0,0,1,0,800305,77,5821957,625
137420,11,7,7050501,7501030,2020,3,9,3,3,0,1,0,1,0,0,0,0,0,1,797755,889,5819434,288
137421,11,2,2040502,2400521,2020,3,17,2,3,5,3,0,1,1,0,0,0,0,0,801273,4159,5827949,813
137422,11,11,11040926,11400930,2020,3,15,3,3,2,6,0,0,1,0,0,0,0,0,806127,4644,5826692,276
137423,11,5,5020626,5200630,2020,3,19,3,2,5,2,2,1,1,0,0,0,0,1,784137,7606,5827307,537
137424,11,12,12302211,12601031,2020,3,19,3,2,6,2,2,0,1,1,0,0,0,1,792920,4107,5837069,13
137425,11,7,7040406,7400928,2020,3,5,2,2,5,3,2,0,1,0,1,0,0,0,800051,1214,5821914,104
137426,11,8,8020620,8200624,2020,3,4,4,3,5,2,2,0,0,0,1,0,1,0,801354,3631,5820632,995
137427,11,4,4041136,4400728,2020,3,14,4,3,2,2,0,0,1,0,0,0,0,1,790688,312,5822694,722
137428,11,12,12103219,12100204,2020,3,19,3,3,6,4,2,0,1,1,0,0,0,1,795053,6082,5832514,433
137429,11,10,10020414,10200421,2020,3,17,7,3,6,4,0,0,1,1,0,0,0,0,812379,7322,5830947,912
137430,11,12,12103218,12100205,2020,3,9,2,3,3,6,0,0,1,0,0,0,0,0,793790,8371,5832731,653
137431,11,4,4030930,4501041,2020,3,16,7,3,2,6,0,0,1,0,1,0,0,0,792982,5129,5825546,734
137432,11,2,2020202,2200208,2020,3,19,4,3,5,2,2,1,1,0,0,0,0,0,797916,269,5825263,65
137433,11,4,4020311,4200310,2020,3,11,4,3,5,2,0,1,1,0,0,0,0,0,789869,9651,5826217,188
137434,11,4,4031032,4500937,2020,3,1,6,3,2,6,2,0,1,0,0,0,0,0,791283,6138,5825017,535
137435,11,2,2020204,2200210,2020,3,19,3,3,5,3,2,1,1,0,0,0,0,1,798308,4696,5825463,866
137436,11,3,3040512,3400619,2020,3,10,2,3,5,2,0,1,1,0,0,0,0,0,796659,8412,5835658,288
137437,11,10,10040931,10400938,2020,3,19,3,3,2,2,2,0,1,0,1,0,0,0,813468,592,5829438,918
137438,11,1,1011204,1100207,2020,3,19,3,2,5,3,2,1,1,0,0,0,0,1,797872,582,5826759,217
137439,11,12,12214421,12200307,2020,3,13,6,3,3,6,0,0,1,0,1,0,0,0,793391,17,5833193,154
137440,11,6,6010206,6100206,2020,3,16,2,3,6,4,0,0,1,1,0,0,0,0,795018,105,5819652,35
137441,11,3,3010102,3100103,2020,3,12,7,3,5,2,0,1,1,0,0,0,0,0,804241,9563,5840164,125
137442,11,3,3061228,3601245,2020,3,23,6,3,5,2,2,0,1,0,0,0,0,0,800322,4504,5831579,32
137443,11,9,9041501,9401534,2020,3,8,2,3,1,5,0,1,1,0,0,0,0,0,810878,4205,5820616,347
137444,11,12,12231102,12400720,2020,3,15,7,3,5,3,0,0,1,0,1,0,0,0,789631,457,5839732,306
137445,11,6,6020306,6200317,2020,3,14,4,3,1,5,0,1,1,0,0,0,0,0,796833,9587,5817510,732
137446,11,9,9020502,9200511,2020,3,19,4,3,6,2,2,0,1,1,0,0,0,0,806943,8306,5822307,618
137447,11,4,4030620,4300619,2020,3,18,5,2,6,4,2,0,1,1,0,0,0,0,792751,4159,5827016,851
137448,11,7,7060601,7601236,2020,3,19,3,2,6,2,2,0,1,1,0,0,0,1,797295,6125,5817291,136
137449,11,5,5040934,5400942,2020,3,16,2,3,0,1,0,0,0,0,1,0,0,0,783880,8477,5822782,659
137450,11,5,5010313,5100315,2020,3,15,3,3,1,5,0,0,1,0,0,0,0,0,784674,1942,5830338,992
137451,11,12,12301205,12500928,2020,3,18,3,2,6,2,2,0,1,1,0,0,0,1,792457,105,5837313,747
137452,11,7,7030301,7300515,2020,3,8,5,3,3,6,0,1,1,0,0,0,0,0,793442,3675,5822420,653
137453,11,10,10010102,10100102,2020,3,14,2,3,5,2,0,0,1,0,0,0,0,0,809785,5214,5834077,33
137454,11,1,1011201,1100205,2020,3,14,5,3,0,1,0,1,0,0,0,0,0,0,796971,7454,5826719,956
137455,11,3,3061332,3601348,2020,3,20,6,2,5,3,2,0,1,0,0,0,0,1,799864,1236,5830464,394
137456,11,9,9010402,9100408,2020,3,14,3,2,0,7,0,0,1,0,0,0,0,0,806321,7908,5819664,288
137457,11,7,7050505,7501134,2020,3,13,4,2,6,4,0,0,1,1,0,0,0,0,798782,4669,5819086,751
137458,11,7,7060604,7601341,2020,3,12,5,3,3,6,0,0,1,0,0,0,0,1,797050,8661,5815619,393
137459,11,1,1033202,1300835,2020,3,18,3,3,5,3,2,1,1,0,0,0,0,1,796972,1168,5830137,81
137460,11,6,6020411,6200423,2020,3,16,4,3,0,7,0,0,1,0,0,0,0,0,793633,9903,5815854,94
137461,11,3,3010102,3100102,2020,3,11,7,3,5,2,0,1,1,0,0,0,0,0,804405,4338,5841212,507
137462,11,3,3050923,3500934,2020,3,12,2,3,5,3,0,1,1,0,0,0,0,0,801247,1316,5831802,494
137463,11,1,1044101,1400937,2020,3,12,3,3,5,2,0,1,1,0,0,0,0,0,793673,6741,5832254,885
137464,11,5,5030832,5300838,2020,3,15,4,2,5,2,0,0,1,0,1,0,0,0,787972,1496,5830556,249
137465,11,6,6010207,6100207,2020,3,13,5,2,5,2,0,0,0,0,1,0,1,0,793946,967,5820447,158
137466,11,1,1011204,1100207,2020,3,18,3,3,5,2,2,1,1,0,0,0,0,1,798909,592,5827335,546