OBJECTID,LAND,BEZ,LOR,LOR_ab_2021,UJAHR,UMONAT,USTUNDE,UWOCHENTAG,UKATEGORIE,UART,UTYP1,ULICHTVERH,IstRad,IstPKW,IstFuss,IstKrad,IstGkfz,IstSonstige,USTRZUSTAND,LINREFX,LINREFY,XGCSWGS84,YGCSWGS84
137703,11,8,8020727,8200832,2020,4,16,1,2,0,1,0,0,0,0,1,0,0,0,800907,4242,5816578,158
137704,11,8,8020622,8200726,2020,4,18,5,3,2,6,0,0,1,0,0,0,0,0,802601,4082,5819912,861
137705,11,3,3050925,3500936,2020,4,14,5,3,0,2,0,1,0,0,0,0,1,0,801700,7131,5831083,824
137706,11,7,7060604,7601341,2020,4,15,4,3,1,5,0,1,1,0,0,0,0,0,796661,3276,5814658,227
137707,11,7,7040401,7400721,2020,4,17,5,2,0,1,0,1,0,0,0,0,0,0,798744,8604,5823946,562
137708,11,2,2020203,2200209,2020,4,16,5,3,5,2,0,1,1,0,0,0,0,0,797481,148,5824555,98
137709,11,6,6040807,6400841,2020,4,15,4,3,2,6,0,0,1,0,0,0,0,0,789669,2136,5818294,22
137710,11,2,2010104,2100106,2020,4,17,5,3,5,2,0,1,1,0,0,0,0,0,799859,8836,5825690,71
137711,11,3,3040818,3400826,2020,4,16,3,3,5,2,0,1,1,0,0,0,0,0,798929,5028,5832400,82
137712,11,7,7040404,7400826,2020,4,16,5,3,2,7,0,1,1,0,0,0,0,0,796671,4,5820000,311
137713,11,4,4020313,4200311,2020,4,18,7,2,5,3,0,0,1,0,0,0,0,0,790492,3604,5826556,731
137714,11,1,1022106,1200522,2020,4,15,5,2,5,2,0,1,1,0,0,0,0,0,794543,6193,5828344,802
137715,11,9,9020701,9200715,2020,4,15,5,3,5,2,0,0,1,0,0,0,0,0,809099,1587,5818227,687
137716,11,7,7070701,7601442,2020,4,13,4,3,5,2,0,0,1,0,1,0,0,0,799278,5775,5816259,73
137717,11,4,4020206,4200204,2020,4,16,6,3,5,2,0,1,1,0,0,0,0,0,786549,397,5826170,451
137718,11,1,1044102,1400939,2020,4,15,5,3,5,3,0,0,1,0,0,0,0,0,795277,8342,5831732,453
137719,11,9,9020501,9200510,2020,4,10,4,3,0,2,0,1,0,0,0,0,1,0,806273,2322,5822159,695
137720,11,2,2020206,2200212,2020,4,17,6,3,2,6,0,0,1,0,1,0,0,0,799731,4493,5824482,631
137721,11,9,9051901,9501939,2020,4,13,4,3,5,2,0,0,1,0,1,0,0,0,811123,3309,5821876,365
137722,11,8,8020620,8200624,2020,4,15,5,3,6,4,0,0,1,1,0,0,0,0,800714,5426,5821077,24
137723,11,10,10020413,10200418,2020,4,12,4,3,0,1,0,0,0,0,1,0,0,0,811333,4504,5831058,853
137724,11,4,4010102,4100101,2020,4,15,5,3,5,2,0,0,1,0,0,0,0,0,793352,7784,5829679,724
137725,11,8,8041037,8401243,2020,4,13,5,3,0,2,0,0,0,0,1,1,0,0,805549,589,5818558,237
137726,11,9,9020702,9200716,2020,4,10,4,3,6,2,0,0,1,1,0,0,0,0,809089,5853,5819483,236
137727,11,2,2030302,2300315,2020,4,13,5,3,2,6,0,0,1,0,1,0,0,0,800262,7274,5825754,588
137728,11,1,1011305,1100312,2020,4,13,3,3,2,6,0,0,1,0,0,0,0,0,798823,7764,5826675,57
137729,11,5,5020521,5200524,2020,4,12,5,3,5,2,0,0,1,0,0,0,0,0,780873,8684,5827770,405
137730,11,2,2050602,2500727,2020,4,12,5,3,2,6,0,0,1,0,0,0,0,0,802212,3971,5827742,382
137731,11,6,6020304,6200313,2020,4,17,4,3,3,6,0,1,0,0,0,0,1,0,795166,172,5818813,321
137732,11,1,1011304,1100311,2020,4,10,4,3,5,3,0,1,1,0,0,0,0,0,800224,5859,5827910,405
137733,11,3,3040512,3400619,2020,4,14,6,3,1,5,0,1,1,0,0,0,0,0,796097,1041,5835654,794
137734,11,4,4030622,4300621,2020,4,17,4,3,6,4,0,1,0,1,0,0,0,0,792062,4707,5826944,867
137735,11,6,6020303,6200313,2020,4,18,4,3,1,5,0,1,1,0,0,0,0,0,795204,9322,5818734,177
137736,11,3,3061434,3601451,2020,4,15,6,3,5,2,0,1,1,0,0,0,0,0,801470,275,5829800,487
137737,11,4,4051446,4501043,2020,4,22,4,3,0,1,2,1,0,0,0,0,0,0,792771,3573,5824433,622
137738,11,6,6020306,6200317,2020,4,9,1,2,5,3,0,0,1,0,1,0,0,0,796517,8018,5817312,648
137739,11,5,5010313,5100315,2020,4,9,4,3,6,2,0,0,1,1,0,0,0,0,785073,253,5829871,512
137740,11,1,1011304,1100311,2020,4,20,4,3,3,3,2,0,1,0,1,0,0,0,799693,6293,5827831,71
137741,11,12,12302109,12601133,2020,4,18,4,2,0,1,0,0,0,0,0,0,1,0,795806,4048,5836967,754
137742,11,8,8020625,8200730,2020,4,14,2,2,5,2,0,1,0,0,0,0,0,0,801429,3006,5818839,616
137743,11,1,1011303,1100310,2020,4,17,4,3,5,2,0,1,1,0,0,0,0,0,799519,36,5827573,515
137744,11,7,7050503,7501031,2020,4,16,4,3,2,6,0,0,1,0,0,1,1,0,799263,6038,5820118,589
137745,11,9,9051702,9501737,2020,4,10,4,3,1,5,0,0,1,0,0,0,0,0,815385,106,5820979,713
137746,11,9,9052001,9502043,2020,4,16,4,3,0,7,0,1,0,0,0,0,0,0,810689,163,5823646,619
137747,11,6,6040702,6400736,2020,4,9,6,3,4,2,0,0,1,0,0,0,1,0,787228,4784,5816535,285
137748,11,8,8010510,8100521,2020,4,15,4,3,0,6,0,1,1,0,0,0,0,0,802989,789,5822430,636
137749,11,12,12214424,12200309,2020,4,13,4,3,6,7,0,0,1,1,0,0,0,0,793324,7471,5832679,306
137750,11,8,8020622,8200727,2020,4,9,6,3,2,6,0,0,1,0,0,0,0,0,801367,2852,5819296,232
137751,11,10,10030724,10300731,2020,4,14,4,3,5,3,0,1,1,0,0,0,0,0,808662,4679,5828636,624
137752,11,1,1044102,1400941,2020,4,19,1,3,4,6,0,0,1,0,1,0,0,0,794038,5497,5832489,758
137753,11,10,10030726,10300733,2020,3,9,3,2,0,1,0,1,0,0,0,0,0,0,809534,6797,5827679,836
137754,11,9,9020702,9200717,2020,4,14,4,3,1,5,0,1,1,0,0,0,0,0,809144,8888,5819516,952
137755,11,12,12103218,12100205,2020,3,12,3,3,2,6,0,0,1,0,0,0,0,0,794816,1923,5833041,484
137756,11,12,12301203,12500930,2020,4,14,4,3,5,3,0,0,1,0,0,0,0,0,793552,9976,5834245,228
137757,11,4,4020311,4200310,2020,4,16,5,3,0,7,0,1,1,0,0,0,0,1,789646,64,5826523,936
137758,11,12,12302110,12601235,2020,3,9,3,2,6,4,0,0,1,1,0,0,0,0,794994,2562,5835850,309
137759,11,4,4061757,4200207,2020,3,8,3,3,2,7,0,0,1,0,1,0,0,0,789205,3406,5824001,247
137760,11,11,11020513,11200512,2020,4,14,4,3,5,2,0,1,1,0,0,0,0,0,804070,7836,5831453,499
137761,11,6,6040701,6400735,2020,4,14,4,3,5,3,0,1,1,0,0,0,0,0,783928,3196,5815909,635
137762,11,10,10010204,10100206,2020,3,7,3,3,5,3,0,0,1,0,0,0,1,0,809656,9698,5833230,314
137763,11,4,4030415,4300412,2020,4,13,4,3,2,6,0,0,1,0,0,0,1,0,790663,3535,5827366,809
137764,11,9,9052001,9502043,2020,4,12,3,3,2,6,0,0,1,0,0,0,0,0,811356,3982,5822538,317
137765,11,12,12301203,12500926,2020,4,20,5,3,5,3,1,1,1,0,0,0,0,0,793227,7901,5835953,437
137766,11,2,2040502,2400521,2020,4,13,4,3,5,7,0,0,1,0,1,0,0,0,801249,809,5827829,115
137767,11,8,8010406,8100419,2020,4,15,1,2,3,6,0,1,0,0,1,0,0,0,802530,1844,5824116,998
137768,11,5,5010206,5100208,2020,4,12,4,3,2,6,0,0,1,0,0,0,0,0,781539,4722,5830704,615
137769,11,3,3030716,3300517,2020,4,12,4,3,5,7,0,1,1,0,0,0,0,0,802921,3879,5833393,28
137770,11,11,11030720,11300721,2020,3,17,3,3,5,3,0,1,0,0,0,0,0,0,805147,6666,5829103,111
137771,11,1,1044203,1401049,2020,4,12,4,3,2,6,0,0,1,0,0,0,0,0,796103,74,5831991,509
137772,11,1,1022206,1200628,2020,4,15,5,3,5,2,0,1,1,0,0,0,0,0,795467,1275,5827765,191
137773,11,3,3030406,3300412,2020,3,15,3,3,5,3,0,0,1,0,0,0,0,0,802877,5073,5838280,59
137774,11,4,4051654,4501150,2020,4,11,4,3,6,7,0,0,1,1,0,0,0,0,793439,7127,5823787,912
137775,11,3,3030405,3300411,2020,4,15,3,3,5,3,0,0,1,0,1,0,0,0,803696,6402,5839176,438
137776,11,11,11020412,11200411,2020,4,9,4,3,5,3,0,0,1,0,0,0,0,0,805695,6529,5831380,454
137777,11,4,4051445,4500939,2020,4,7,4,3,5,2,0,0,1,0,0,0,0,0,792052,5948,5824061,764
137778,11,1,1011102,1100102,2020,4,17,3,3,0,1,0,1,0,0,0,0,0,0,796509,5905,5827657,373
137779,11,1,1011204,1100207,2020,4,7,4,3,5,3,0,1,0,0,0,0,1,0,798671,2483,5827599,489
137780,11,9,9052001,9502043,2020,4,22,7,3,8,1,2,0,1,0,0,0,0,0,810265,1902,5822726,37
137781,11,11,11030619,11300620,2020,4,4,4,3,5,2,2,0,1,0,1,0,0,0,803547,232,5829751,882
137782,11,2,1011304,1100311,2020,4,17,3,3,3,6,0,1,1,0,0,0,0,0,800104,2005,5827369,575
137783,11,10,10010308,10100311,2020,3,15,3,3,2,6,0,0,1,0,0,1,1,0,807612,607,5830735,391
137784,11,9,9052001,9502043,2020,4,8,3,2,5,2,0,0,1,0,1,0,0,0,811329,1,5822438,24
137785,11,5,5020419,5200423,2020,4,9,5,3,2,1,0,0,1,0,0,0,0,0,782090,8761,5828087,977
137786,11,1,1011303,1100310,2020,4,17,6,3,1,6,0,1,1,0,0,0,0,0,799344,1271,5828911,1
137787,11,4,4020313,4200311,2020,3,12,3,3,6,7,0,1,0,1,0,0,0,0,790333,6454,5826460,362
137788,11,11,11040926,11400931,2020,4,16,3,3,2,7,0,1,1,0,0,0,0,0,806678,2956,5826943,552
137789,11,1,1011304,1100311,2020,4,14,2,3,5,3,0,1,1,0,0,0,0,0,799888,6162,5827799,665
137790,11,5,5020524,5200528,2020,4,15,3,3,5,3,0,1,0,0,0,0,1,0,783273,9535,5826761,403
137791,11,12,12214424,12200411,2020,4,14,3,2,5,3,0,1,1,0,0,0,0,0,792900,675,5832166,526
137792,11,12,12302108,12601134,2020,4,13,3,3,0,1,0,0,0,0,1,0,0,0,794905,89,5837259,34
137793,11,6,6020303,6200313,2020,3,11,3,3,2,2,0,0,1,0,0,0,0,0,795348,7067,5818457,837
137794,11,1,1033101,1300731,2020,4,2,6,3,1,5,2,0,1,0,0,0,0,0,797192,4806,5832256,342
137795,11,4,4010102,4100101,2020,4,16,3,2,5,3,0,1,1,0,0,0,0,0,792573,9871,5829985,237
137796,11,8,8010301,8100312,2020,4,17,4,3,6,4,0,1,0,1,0,0,0,0,801336,4994,5824690,198
137797,11,1,1011201,1100205,2020,4,16,3,3,5,3,0,1,1,0,0,0,0,0,796945,22,5826780,999
137798,11,8,8030830,8300935,2020,4,16,3,3,0,2,0,0,1,0,1,0,0,0,802386,374,5817896,428
137799,11,6,6020303,6200313,2020,3,17,2,3,5,3,0,0,1,0,0,0,0,1,795597,3785,5818544,159
137800,11,6,6040805,6400839,2020,4,0,6,3,8,1,2,0,1,0,0,0,0,0,789135,4737,5818784,759
137801,11,7,7050502,7501133,2020,4,17,3,3,5,3,0,1,1,0,0,0,0,0,797088,9539,5818571,9
137802,11,8,8010118,8100104,2020,4,20,4,3,1,5,2,1,1,0,0,0,1,0,800782,2057,5822704,906
137803,11,2,2030302,2300316,2020,4,16,6,3,6,7,0,0,1,1,0,0,0,0,801613,6005,5826048,634
137804,11,6,6020410,6200422,2020,4,18,3,3,5,3,0,1,1,0,0,0,0,0,794475,2114,5816588,988
137805,11,10,10040830,10400837,2020,4,14,1,3,1,5,0,1,1,0,0,0,0,0,810740,5784,5825441,943
137806,11,9,9010302,9100306,2020,4,16,7,3,2,2,0,0,1,0,0,0,0,0,804496,4279,5819983,853
137807,11,11,11010205,11100204,2020,4,22,3,3,5,3,2,1,1,0,0,0,0,0,806856,4886,5832573,632
137808,11,12,12224230,12400618,2020,4,12,3,3,1,5,0,1,1,0,0,0,0,0,786254,751,5838962,611
137809,11,2,2010101,2100101,2020,4,12,3,3,5,2,0,1,1,0,0,0,0,0,797844,167,5825634,55
137810,11,3,3010102,3100103,2020,3,13,2,3,5,3,0,1,1,0,0,0,0,1,804356,7981,5840432,639
137811,11,9,9052001,9502043,2020,4,17,5,3,2,6,0,0,1,0,0,0,0,0,809202,3243,5822900,417
137812,11,12,12103218,12100205,2020,4,12,3,3,0,7,0,0,1,0,0,0,1,0,794354,3203,5834572,169
137813,11,4,4020310,4200308,2020,4,12,4,3,5,2,0,0,1,0,1,0,0,0,790210,7992,5827298,93
137814,11,9,9010302,9100306,2020,4,13,5,2,2,6,0,0,1,0,1,0,0,0,805014,3594,5820676,228
137815,11,7,7050502,7501133,2020,4,14,7,3,6,4,0,0,1,1,0,0,0,0,797910,5944,5818566,38
137816,11,11,11030721,11300722,2020,4,11,3,3,5,3,0,0,1,0,0,0,0,0,804251,2887,5828690,842
137817,11,3,3040508,3400618,2020,4,17,1,3,3,6,0,1,0,0,0,0,0,0,796265,9944,5837341,488
137818,11,1,1044101,1400938,2020,4,14,6,3,5,2,0,1,1,0,0,0,0,0,794020,3428,5830176,297
137819,11,12,12103220,12100206,2020,4,13,7,3,6,4,0,0,1,1,0,0,0,0,793845,5456,5833399,924
137820,11,2,2050802,2500833,2020,4,11,3,3,0,3,0,0,1,0,1,0,0,0,802545,3149,5827381,978
137821,11,9,9041601,9401635,2020,4,20,1,2,0,7,2,0,0,0,1,0,0,1,817009,4965,5817089,961
137822,11,8,8020619,8200623,2020,3,11,2,2,0,7,0,1,0,0,0,0,0,0,801814,7111,5820916,25
137823,11,5,5030730,5300736,2020,4,10,3,3,5,3,0,0,1,0,1,0,0,0,785966,9788,5829204,803
137824,11,4,4010101,4100101,2020,3,11,2,2,8,1,0,0,1,0,0,0,0,0,791213,3538,5829720,853
137825,11,11,11041128,11401137,2020,4,10,3,3,9,1,0,0,1,0,0,0,0,0,806992,6231,5826008,698
137826,11,7,7050503,7501031,2020,4,17,5,3,0,3,0,0,1,0,1,0,0,0,798382,4939,5819892,922
137827,11,4,4030827,4300623,2020,4,9,3,2,6,4,0,1,0,1,0,0,0,0,792413,4249,5826224,566
137828,11,10,10010203,10100205,2020,3,9,2,3,5,2,0,1,1,0,0,0,0,0,808064,7464,5832312,521
137829,11,9,9030901,9300920,2020,4,9,3,3,1,5,0,1,1,0,0,0,0,0,807908,1057,5817697,725
137830,11,12,12304313,12500825,2020,4,7,3,2,5,3,0,0,1,0,0,0,0,0,792387,1303,5835224,843
137831,11,2,2010104,2100106,2020,4,13,7,2,5,2,0,0,1,0,1,0,0,0,799070,8547,5825608,174
137832,11,1,1044202,1401047,2020,4,16,2,3,3,6,0,1,1,0,0,1,0,0,795638,5632,5830644,398
137833,11,9,9051901,9501939,2020,4,15,1,2,5,2,0,1,1,0,0,0,0,0,810515,2102,5821126,45
137834,11,11,11030720,11300721,2020,4,13,2,3,0,1,0,0,0,0,1,0,0,1,805136,599,5829983,673
137835,11,11,11030721,11300724,2020,4,13,2,3,5,3,0,1,1,0,0,0,0,0,804746,5441,5827955,861
137836,11,1,1022104,1200519,2020,3,9,2,2,0,1,0,0,0,0,1,0,0,0,793881,8822,5829141,5
137837,11,12,12231101,12400723,2020,4,13,2,2,6,4,0,1,0,1,0,0,0,0,792747,2363,5838414,389
137838,11,8,8010510,8100521,2020,4,14,5,2,5,7,0,0,1,0,1,0,0,0,802331,825,5822098,879
137839,11,1,1033101,1300732,2020,4,12,2,3,5,2,0,1,1,0,0,0,0,0,797421,3474,5832531,171
137840,11,8,8030829,8300934,2020,4,11,2,3,0,6,0,0,1,0,0,0,1,0,802919,2999,5818294,439
137841,11,6,6030606,6300630,2020,3,8,2,3,5,7,0,1,1,0,0,0,0,0,793677,978,5819140,834
137842,11,12,12214126,12200413,2020,4,11,2,3,5,3,0,0,1,0,0,0,0,0,790219,2357,5834014,985
137843,11,12,12301203,12500930,2020,4,16,5,3,6,7,0,0,1,1,0,0,0,0,793597,2015,5834903,13
137844,11,7,7070704,7601545,2020,3,8,2,3,5,2,0,1,1,0,0,0,0,0,800543,1322,5814125,739
137845,11,2,2050601,2500726,2020,4,20,2,3,6,4,1,0,0,1,0,0,1,0,801969,3134,5829037,68
137846,11,6,6030609,6300633,2020,4,16,3,3,6,2,0,0,1,1,0,0,0,0,793263,5378,5819084,398
137847,11,12,12302211,12601031,2020,4,12,7,3,5,3,0,1,1,0,0,0,0,0,792920,2742,5837068,656
137848,11,10,10010308,10100311,2020,4,11,2,3,5,2,0,1,1,0,0,0,0,0,807184,7707,5829119,681
137849,11,7,7030303,7300619,2020,4,18,7,2,0,5,0,1,1,0,0,0,0,0,795305,2526,5821757,307
137850,11,5,5010209,5100211,2020,4,11,2,3,5,3,0,1,1,0,0,0,0,0,782907,2657,5830341,252
137851,11,5,5030730,5300735,2020,4,19,2,3,6,4,1,0,1,1,0,0,0,0,786496,5904,5831386,528
137852,11,7,7040405,7400927,2020,3,10,2,1,4,6,0,0,0,0,1,1,0,0,798898,3764,5821379,927
137853,11,12,12103218,12100205,2020,4,8,5,3,0,3,0,1,0,0,0,0,1,0,794569,8949,5832978,404
137854,11,11,11020515,11200514,2020,4,11,2,3,5,2,0,0,1,0,0,0,0,0,805033,3674,5830423,664
137855,11,7,7050501,7501030,2020,4,7,5,3,6,4,0,0,1,1,0,0,0,0,797691,3323,5819588,489
137856,11,11,11040925,11400927,2020,4,16,6,3,5,3,0,1,1,0,0,0,0,0,803782,627,5826622,634
137857,11,5,5010207,5100209,2020,3,17,1,3,1,5,0,1,1,0,0,0,0,0,783336,1904,5830768,14
137858,11,4,4041136,4400728,2020,4,10,2,3,6,2,0,0,1,1,0,0,0,0,790662,722,5822761,981
137859,11,9,9031101,9301126,2020,4,9,2,3,0,7,0,0,1,0,1,0,0,1,811032,2556,5818083,726
137860,11,7,7010102,7100102,2020,3,0,1,3,5,2,2,0,1,0,0,0,0,0,794958,1529,5825654,926
137861,11,5,5020625,5200629,2020,4,10,2,3,1,5,0,0,1,0,1,0,0,0,784389,4796,5828603,193
137862,11,4,4020310,4200308,2020,4,15,3,3,2,6,0,0,1,0,0,0,0,0,789609,4492,5828391,873
137863,11,2,2040503,2400522,2020,4,6,2,3,5,2,0,0,1,0,1,0,0,0,801466,6474,5828625,394
137864,11,7,7050505,7501134,2020,4,18,2,3,5,2,1,0,1,0,1,0,0,0,799174,5995,5819063,45
137865,11,10,10010203,10100205,2020,4,18,2,3,5,3,0,1,1,0,0,0,0,0,807546,3716,5831668,483
137866,11,4,6040703,6400737,2020,3,11,7,3,0,1,0,1,0,0,0,0,0,0,785047,605,5821462,188
137867,11,1,1011301,1100308,2020,4,17,5,3,2,6,0,0,1,0,1,0,0,0,797083,8674,5828992,63
137868,11,1,1044103,1400942,2020,4,2,2,3,8,1,2,0,1,0,0,0,0,0,795157,5448,5830614,472
137869,11,2,2030301,2300314,2020,4,19,4,2,5,3,1,0,1,0,0,0,0,0,800213,601,5826108,907
137870,11,1,1044101,1400938,2020,4,15,6,3,2,6,0,0,1,0,1,0,0,0,794425,4485,5829907,683
137871,11,6,6040804,6400838,2020,4,11,7,3,0,2,0,1,1,0,0,0,0,0,787649,8886,5818150,111
137872,11,12,12302110,12601235,2020,4,18,2,3,5,7,0,0,1,0,1,0,0,0,795319,9311,5836371,469
137873,11,6,6030503,6300527,2020,4,10,1,3,1,5,0,1,1,0,0,0,0,0,790975,8604,5818625,543
137874,11,4,4020311,4200310,2020,4,9,7,3,5,3,0,0,1,0,0,0,0,0,789453,4208,5826661,624
137875,11,2,2020203,2200208,2020,4,2,2,2,5,3,2,1,1,0,0,0,0,0,797801,6081,5824910,423
137876,11,3,3051022,3501038,2020,4,17,2,3,2,6,0,0,1,0,0,0,0,0,803465,5696,5831765,92
137877,11,5,5030730,5300736,2020,4,16,2,3,0,6,0,0,1,0,0,0,1,0,785448,6753,5829251,57
137878,11,4,4030518,4300517,2020,4,17,2,3,5,7,0,1,1,0,0,0,0,0,791932,421,5828573,233
137879,11,6,6040807,6400841,2020,4,15,2,3,1,5,0,0,1,0,0,0,0,0,789914,8722,5818894,558
137880,11,9,9020501,9200510,2020,4,15,2,3,5,2,0,1,0,0,0,1,0,0,806554,9536,5822318,83
137881,11,1,1011303,1100310,2020,3,13,7,3,0,2,0,0,0,0,1,0,1,0,799113,834,5828309,341
137882,11,10,10040933,10400940,2020,4,11,5,3,2,2,0,0,1,0,0,0,1,0,812400,3633,5824665,78
137883,11,6,6040806,6400840,2020,4,14,2,3,8,1,0,0,1,0,0,0,0,0,789494,3745,5819660,738
137884,11,4,4030931,4501042,2020,4,15,4,3,5,2,0,0,1,0,0,0,0,0,793981,94,5826174,861
137885,11,1,1022104,1200519,2020,4,19,6,3,5,3,0,1,1,0,0,0,0,0,794053,3612,5828530,44
137886,11,9,9010101,9100101,2020,4,13,2,2,5,2,0,0,1,0,1,0,0,0,802359,9734,5825338,753
137887,11,2,2030302,2300316,2020,4,19,1,3,5,3,1,0,1,0,1,0,0,0,800812,6862,5826156,163
137888,11,6,6040808,6400842,2020,3,15,7,2,5,3,0,1,1,0,0,0,0,0,790166,551,5819757,978
137889,11,9,9010301,9100304,2020,4,17,1,3,3,6,0,1,1,0,0,0,0,0,804457,6726,5821727,937
137890,11,5,5020626,5200631,2020,3,16,7,3,5,3,0,1,0,0,0,0,0,0,784769,6398,5826817,377
137891,11,4,4041136,4400728,2020,4,14,1,3,5,3,0,1,0,0,1,0,0,0,789613,354,5823370,986
137892,11,1,1022206,1200628,2020,4,17,5,3,5,2,0,1,1,0,0,0,0,0,795946,6745,5828332,571
137893,11,7,7040406,7400928,2020,3,18,7,3,1,5,0,0,1,0,0,0,0,0,800279,3606,5821515,443
137894,11,4,4030519,4300518,2020,4,14,1,3,0,3,0,0,1,0,1,0,0,0,792333,4364,5828249,571
137895,11,8,8020622,8200727,2020,4,18,3,3,5,3,0,1,1,0,0,0,0,0,802628,8923,5819291,19
137896,11,6,6020410,6200422,2020,4,7,7,3,0,1,0,0,0,0,1,0,0,0,794098,4028,5817424,4
137897,11,6,6040701,6400735,2020,3,18,7,2,0,6,1,1,0,0,0,0,1,0,781834,1351,5813445,274
137898,11,6,6040701,6400735,2020,4,13,1,3,5,2,0,1,1,0,0,0,0,0,781668,1168,5813210,633
137899,11,3,3061131,3601142,2020,4,11,3,3,6,2,0,0,1,1,0,0,0,0,799184,1028,5830843,449
137900,11,11,11010207,11100206,2020,4,8,5,3,6,4,0,0,1,1,0,0,0,0,805508,5865,5834600,482
137901,11,10,10040933,10400941,2020,4,12,1,3,1,3,0,1,1,0,0,0,1,0,813234,1247,5826400,543
137902,11,1,1011402,1100416,2020,4,15,1,3,0,1,0,1,0,0,0,0,0,0,798556,8736,5829215,31
137903,11,4,4010102,4100101,2020,4,12,1,3,2,6,0,0,1,0,0,0,0,0,793340,8289,5829719,525
137904,11,2,2050801,2500831,2020,4,19,1,3,0,1,1,1,0,0,0,0,0,0,803189,5087,5827266,803
137905,11,1,1011302,1100309,2020,3,12,7,3,1,5,0,0,1,0,0,0,0,0,798654,151,5828766,768
137906,11,8,8010118,8100104,2020,4,19,1,3,5,7,1,1,1,0,0,0,0,0,800838,42,5822556,376
137907,11,1,1011103,1100103,2020,4,15,5,3,5,2,0,0,1,0,0,0,0,0,795196,8042,5825885,89
137908,11,12,12103116,12100102,2020,3,12,7,2,5,3,0,0,1,0,1,0,0,0,795970,5227,5833230,416
137909,11,8,8010213,8100208,2020,4,17,1,3,5,3,0,1,1,0,0,0,0,0,801143,484,5822843,549
137910,11,1,1044103,1400942,2020,4,15,3,3,2,6,0,0,1,0,0,0,0,0,794911,3096,5831089,81
137911,11,2,2050602,2500727,2020,4,16,7,3,3,6,0,0,1,0,1,0,0,0,802227,2768,5827740,945
137912,11,12,12214125,12200411,2020,4,17,7,3,2,6,0,0,1,0,0,0,1,0,792671,611,5832100,918
137913,11,12,12301203,12500926,2020,4,10,7,3,5,2,0,1,0,0,0,0,1,0,793005,8446,5835639,755
137914,11,9,9041403,9401433,2020,4,13,7,3,0,5,0,0,1,0,0,0,0,0,812467,2669,5819846,762
137915,11,8,8020622,8200726,2020,3,12,7,3,5,2,0,1,1,0,0,0,0,0,801304,2086,5819926,423
137916,11,12,12103115,12100103,2020,4,17,7,3,1,6,0,1,1,0,0,0,0,0,795511,4706,5833438,777
137917,11,1,1033101,1300730,2020,4,21,7,3,2,6,2,0,1,0,1,0,0,0,796665,7813,5831973,27
137918,11,11,11030619,11300620,2020,4,18,7,2,5,2,0,1,1,0,0,0,0,0,803555,4404,5829758,647
137919,11,3,3061435,3601452,2020,4,17,7,3,4,6,0,1,0,0,0,0,0,0,802053,513,5829075,29
137920,11,6,6010208,6100208,2020,3,10,7,3,5,2,0,0,1,0,1,0,0,0,794756,3919,5820284,508
137921,11,12,12103220,12100206,2020,4,16,7,2,1,7,0,0,1,0,1,0,0,0,793688,445,5833531,881
137922,11,9,9051901,9501939,2020,4,11,5,3,5,3,0,0,1,0,0,0,0,0,810608,836,5822102,958
137923,11,4,4030724,4300415,2020,4,18,6,3,0,3,0,1,1,0,0,0,0,0,790676,8229,5825982,704
137924,11,12,12214422,12200310,2020,3,7,7,3,5,3,0,0,1,0,0,0,0,0,792184,1767,5832949,729
137925,11,2,2040502,2400521,2020,4,16,7,2,5,3,0,1,1,0,0,0,0,0,800759,3318,5828456,807
137926,11,4,4030415,4300412,2020,4,12,3,3,6,2,0,0,1,1,0,0,0,0,790596,4222,5827341,165
137927,11,6,6020304,6200314,2020,4,23,6,3,1,5,2,1,1,0,0,0,0,0,794784,898,5818004,459
137928,11,9,9020601,9200613,2020,4,16,7,3,2,6,0,0,1,0,0,0,0,0,806789,2691,5821064,957
137929,11,2,2050802,2500833,2020,4,15,7,3,2,1,0,1,1,0,0,0,0,0,802077,2251,5827158,132
137930,11,11,11041128,11401137,2020,4,15,7,3,0,1,0,1,0,0,0,0,0,0,806881,52,5826302,283
137931,11,8,8020623,8200728,2020,3,2,7,2,1,5,2,0,1,0,1,0,0,0,803651,8112,5819475,155
137932,11,10,10020414,10200421,2020,4,11,5,3,3,6,0,0,0,0,0,1,1,0,812226,1928,5830727,573
137933,11,2,2040502,2400521,2020,4,14,7,3,5,2,0,1,1,0,0,0,0,0,800454,8023,5828446,591
137934,11,4,4030930,4501041,2020,4,17,4,3,6,7,0,1,0,1,0,0,0,0,792964,4169,5825791,236
137935,11,7,7020204,7200414,2020,4,15,6,3,5,2,0,1,1,0,0,0,0,0,796618,1449,5823969,671
137936,11,4,4061757,4200207,2020,4,13,7,3,5,7,0,1,0,0,0,0,0,0,788445,679,5825026,936
137937,11,7,7050502,7501133,2020,4,2,1,2,1,1,2,0,1,0,0,0,0,0,797885,448,5818024,619
137938,11,10,10040931,10400938,2020,4,11,5,3,5,3,0,1,1,0,0,0,0,0,815210,9903,5829127,87