OBJECTID,LAND,BEZ,LOR,LOR_ab_2021,UJAHR,UMONAT,USTUNDE,UWOCHENTAG,UKATEGORIE,UART,UTYP1,ULICHTVERH,IstRad,IstPKW,IstFuss,IstKrad,IstGkfz,IstSonstige,USTRZUSTAND,LINREFX,LINREFY,XGCSWGS84,YGCSWGS84
138175,11,4,4031032,4500937,2020,4,14,6,2,1,5,0,1,1,0,0,0,0,0,790931,5893,5825029,62
138176,11,1,1044102,1400940,2020,4,14,3,3,2,6,0,1,0,0,0,0,0,0,794965,6665,5832108,681
138177,11,2,2020203,2200209,2020,4,8,5,2,5,2,0,1,0,0,0,0,1,0,797768,9529,5824598,14
138178,11,1,1033202,1300835,2020,4,19,5,3,6,4,0,0,1,1,0,0,0,0,797664,1443,5830663,431
138179,11,7,7040403,7400823,2020,4,13,5,3,5,2,0,0,1,0,1,0,0,0,797254,225,5820955,747
138180,11,1,1044202,1401046,2020,4,10,2,3,5,3,0,0,1,0,0,0,0,0,794895,9367,5830229,114
138181,11,9,9010401,9100407,2020,4,22,4,2,9,1,2,0,1,0,0,0,0,1,805147,69,5821478,417
138182,11,6,6030503,6300526,2020,4,8,2,3,3,6,0,1,0,0,0,0,1,0,789566,107,5817328,505
138183,11,8,8010211,8100206,2020,4,14,4,3,1,5,0,1,1,0,0,0,0,0,800432,4412,5823761,633
138184,11,8,8010301,8100310,2020,4,15,7,3,1,5,0,1,1,0,0,0,0,0,800506,1029,5825140,91
138185,11,3,3040614,3400723,2020,4,18,4,3,0,5,0,1,1,0,0,0,0,0,799510,4834,5834222,174
138186,11,1,1044202,1401047,2020,4,16,2,3,1,5,0,1,1,0,0,0,0,0,795382,4409,5830399,271
138187,11,11,11030618,11300617,2020,4,13,4,2,8,1,0,0,0,0,1,0,0,0,803106,4313,5829562,594
138188,11,7,7040401,7400720,2020,4,1,1,3,0,1,2,0,0,0,1,0,0,0,797365,9202,5823623,292
138189,11,3,3040512,3400619,2020,4,17,7,3,5,2,0,1,1,0,0,0,0,0,796399,979,5834692,328
138190,11,8,8010510,8100521,2020,4,13,4,3,0,3,0,0,1,0,1,0,0,0,802033,381,5822156,648
138191,11,11,11030721,11300722,2020,4,12,6,3,5,2,0,1,1,0,0,0,0,0,803792,754,5827707,433
138192,11,1,1011105,1100102,2020,4,12,2,3,5,2,0,1,1,0,0,0,0,0,796171,5097,5826735,257
138193,11,2,2040703,2400625,2020,4,20,5,3,1,5,1,0,0,0,0,0,1,0,801743,9946,5826564,65
138194,11,2,2050803,2500835,2020,4,18,5,3,5,2,0,1,1,0,0,0,0,0,803012,1476,5825739,391
138195,11,1,1011304,1100311,2020,4,17,5,3,5,2,0,1,1,0,0,0,0,0,799727,2583,5827762,843
138196,11,2,2010104,2100106,2020,4,8,2,2,3,6,0,1,1,0,0,0,0,0,799762,902,5825710,301
138197,11,1,1011301,1100308,2020,4,16,4,3,1,5,0,1,1,0,0,0,0,0,796705,3377,5829720,986
138198,11,1,1022206,1200628,2020,4,14,2,2,2,2,0,0,1,0,0,0,0,0,795950,5192,5828334,817
138199,11,3,3061126,3601141,2020,4,13,4,3,5,2,0,1,0,0,0,0,1,0,799233,457,5831604,617
138200,11,11,11010308,11100307,2020,4,15,7,3,5,3,0,0,1,0,0,0,0,0,805212,2181,5833664,107
138201,11,9,9010301,9100304,2020,4,10,5,3,5,3,0,1,1,0,0,0,0,0,804400,1152,5821751,8
138202,11,9,9041402,9401432,2020,4,21,3,3,5,3,2,0,1,0,0,0,0,0,812256,3128,5820069,804
138203,11,11,11010204,10100205,2020,4,13,6,3,5,3,0,1,1,0,0,0,0,0,807663,522,5833599,355
138204,11,4,4020310,4200308,2020,4,11,4,3,2,6,0,0,1,0,1,0,0,0,790347,7849,5827463,928
138205,11,11,11051331,11501340,2020,4,18,6,3,0,1,0,1,1,0,0,0,0,0,807250,4634,5824261,954
138206,11,8,8020727,8200832,2020,4,18,2,3,5,3,0,1,1,0,0,0,0,0,801083,344,5817441,939
138207,11,10,10010308,10100311,2020,4,17,5,2,5,3,0,1,0,0,0,0,1,0,806699,3892,5829159,21
138208,11,1,1044202,1401046,2020,4,9,4,3,2,6,0,0,1,0,0,0,1,0,794916,8218,5830255,592
138209,11,12,12214424,12200309,2020,4,14,7,3,3,6,0,1,1,0,0,0,0,0,793483,7349,5832435,704
138210,11,4,4020314,4200311,2020,4,11,4,3,3,6,0,0,1,0,1,0,0,0,790361,7558,5825549,874
138211,11,8,8010211,8100206,2020,4,10,6,3,5,7,0,0,1,0,1,0,0,0,801009,1433,5823876,922
138212,11,6,6020305,6200316,2020,4,19,2,3,5,3,0,1,1,0,0,0,0,0,796504,8633,5817652,332
138213,11,5,5030832,5300839,2020,4,17,5,3,5,3,0,0,1,0,1,0,0,0,788945,843,5829965,502
138214,11,4,4030930,4501041,2020,4,22,2,3,0,1,2,1,0,0,0,0,0,0,793497,1496,5825728,63
138215,11,10,10040933,10400940,2020,4,15,4,2,5,3,0,1,1,0,0,0,0,0,812630,343,5825283,15
138216,11,6,6030610,6300634,2020,4,18,2,2,5,2,0,0,1,0,0,0,0,0,792767,4539,5817962,698
138217,11,5,5010206,5100208,2020,4,11,4,3,2,6,0,0,1,0,0,0,0,0,781603,7866,5830695,409
138218,11,3,3030405,3300411,2020,4,13,7,3,5,2,0,1,1,0,0,0,0,0,803741,257,5839258,6
138219,11,4,4030620,4300619,2020,4,10,5,3,5,2,0,1,1,0,0,0,0,0,792286,5411,5827242,727
138220,11,4,4030417,4300414,2020,4,10,3,3,5,3,0,1,0,0,1,0,0,0,790842,8047,5826549,178
138221,11,3,3040614,3400721,2020,4,12,6,3,2,6,0,0,1,0,0,0,0,0,798243,3019,5833453,975
138222,11,3,3040614,3400723,2020,4,16,5,3,1,5,0,1,1,0,0,0,0,0,799487,3755,5833942,278
138223,11,4,4030417,4300414,2020,4,15,6,3,2,1,0,1,1,0,0,0,0,0,791444,1818,5827463,498
138224,11,3,3061430,3601450,2020,4,15,2,2,5,3,0,0,1,0,1,0,0,0,802654,8609,5829616,392
138225,11,10,10010203,10100205,2020,4,17,4,2,0,1,0,0,0,0,1,0,0,1,807134,1945,5832516,736
138226,11,12,12214421,12200307,2020,4,18,5,3,2,7,0,0,1,0,1,0,0,0,793424,9133,5833862,236
138227,11,9,9020701,9200715,2020,4,6,3,3,2,2,0,0,1,0,0,0,1,0,807853,3144,5818113,851
138228,11,1,1044201,1401044,2020,4,13,1,3,0,7,0,1,1,0,0,0,0,0,796297,3884,5830965,265
138229,11,3,3020209,3200205,2020,4,13,1,3,5,3,0,0,1,0,0,0,0,0,797878,8008,5836018,239
138230,11,2,2040701,2400623,2020,4,10,3,3,0,1,0,1,0,0,0,0,0,0,801201,5487,5827476,798
138231,11,4,4030726,4300416,2020,4,12,2,3,2,6,0,0,1,0,0,1,0,0,791503,43,5825693,266
138232,11,1,1011301,1100308,2020,4,12,4,3,0,3,0,0,1,0,0,0,1,0,797066,2358,5828286,302
138233,11,1,1044201,1401045,2020,4,16,1,3,2,6,0,0,1,0,0,0,0,0,796625,3846,5831744,14
138234,11,9,9031101,9301126,2020,4,10,4,2,0,1,0,1,0,0,0,0,0,0,811049,9597,5818047,37
138235,11,1,1011103,1100103,2020,4,18,7,3,5,3,0,1,1,0,0,0,0,0,795433,68,5826181,756
138236,11,1,1011304,1100311,2020,4,9,5,3,5,2,0,1,1,0,0,0,0,0,799730,7703,5827546,9
138237,11,2,2040703,2400624,2020,4,19,3,3,6,4,0,1,0,1,0,0,0,0,801467,7486,5827276,13
138238,11,1,1011301,1100308,2020,4,12,6,3,3,6,0,1,1,0,0,0,0,0,797012,9116,5828951,602
138239,11,12,12214424,12200309,2020,4,16,5,3,5,2,0,1,0,0,0,0,1,0,793274,9342,5832571,391
138240,11,4,4020310,4200308,2020,4,14,2,3,5,2,0,1,0,0,0,0,0,0,789731,7372,5827431,37
138241,11,11,10010203,10100205,2020,4,9,4,3,5,3,0,1,1,0,0,0,0,0,807667,6861,5833597,482
138242,11,4,4051445,4500939,2020,4,5,4,3,2,2,0,0,1,0,1,0,0,1,792039,6209,5824075,318
138243,11,6,6020303,6200313,2020,4,18,2,3,1,3,0,1,1,0,0,0,0,0,795787,9771,5818434,446
138244,11,1,1011201,1100205,2020,4,7,4,3,5,2,0,1,1,0,0,0,0,0,796970,3211,5826730,348
138245,11,1,1011304,1100311,2020,4,13,1,3,5,2,0,0,1,0,0,0,0,0,799730,882,5827547,138
138246,11,7,7040405,7400927,2020,4,3,7,3,0,1,2,1,0,0,0,0,0,0,797895,8906,5820803,685
138247,11,2,2040701,2400623,2020,4,7,4,3,5,2,0,0,1,0,1,0,0,0,800312,8292,5827614,124
138248,11,7,7050501,7501029,2020,4,13,6,3,6,2,0,0,1,1,0,0,0,0,797224,505,5819538,169
138249,11,4,4041136,4400728,2020,4,14,3,3,2,7,0,0,1,1,0,0,0,0,790668,5708,5823332,707
138250,11,2,2020205,2200211,2020,4,7,5,3,0,7,0,0,0,0,1,1,0,1,798177,6439,5824316,501
138251,11,12,12301203,12500926,2020,4,18,5,3,5,2,0,1,1,0,0,0,0,0,793540,8226,5835454,272
138252,11,8,8020621,8200624,2020,4,12,5,3,0,1,0,1,0,0,0,0,0,0,800184,496,5820492,87
138253,11,3,3010101,3100102,2020,4,14,3,3,0,6,0,1,0,0,0,0,1,0,804502,4229,5841573,958
138254,11,6,6010206,6100206,2020,4,12,6,3,2,3,0,1,0,0,0,0,0,0,794952,8529,5819448,249
138255,11,1,1033102,1300733,2020,4,16,3,3,5,3,0,1,1,0,0,0,0,0,797522,3893,5831850,968
138256,11,4,4030416,4300413,2020,4,12,6,3,5,2,0,1,1,0,0,0,0,0,790880,814,5827048,891
138257,11,5,5040935,5400942,2020,4,12,5,3,5,2,0,1,1,0,0,0,0,1,782219,6728,5820361,895
138258,11,1,1011102,1100102,2020,4,13,5,2,9,1,0,0,0,0,1,0,0,0,796576,6481,5827869,882
138259,11,12,12214125,12200412,2020,4,14,2,3,5,3,0,0,1,0,1,0,0,0,791831,7817,5833968,504
138260,11,7,7040401,7400721,2020,4,18,4,3,5,2,0,1,0,0,0,0,1,1,797835,902,5822577,683
138261,11,6,6040809,6400843,2020,4,15,2,3,5,2,0,1,1,0,0,0,0,0,791710,2829,5819380,14
138262,11,3,3040614,3400725,2020,4,19,3,3,1,5,0,1,1,0,0,0,0,0,799684,2016,5834985,926
138263,11,4,4041136,4400728,2020,4,17,1,3,2,6,0,0,1,0,0,0,0,0,790670,1288,5822717,861
138264,11,5,5020626,5200631,2020,4,17,7,3,1,5,0,1,1,0,0,0,0,0,784705,2705,5827674,988
138265,11,6,6020410,6200422,2020,4,18,3,2,5,3,0,1,1,0,0,0,0,0,794720,1045,5816715,308
138266,11,10,10010203,10100205,2020,4,11,6,3,5,7,0,0,1,0,0,0,0,0,807740,8044,5833564,597
138267,11,9,9041501,9401534,2020,4,21,2,2,0,1,2,0,0,0,1,0,0,0,810770,9701,5820317,279
138268,11,1,1011201,1100205,2020,4,17,5,3,5,3,0,1,1,0,0,0,0,0,797157,6352,5826452,467
138269,11,5,5010339,5100317,2020,4,8,2,3,5,2,0,1,0,0,0,1,0,0,788107,2292,5827862,378
138270,11,4,4030518,4300517,2020,4,16,4,3,5,2,0,0,1,0,0,0,0,0,791390,6072,5828585,558
138271,11,11,11030720,11300721,2020,4,20,2,2,3,6,1,0,1,0,1,0,0,0,805309,7106,5830021,377
138272,11,11,11010204,11100203,2020,4,18,3,3,2,2,0,0,1,0,1,0,0,0,807656,8187,5833605,325
138273,11,8,8020625,8200730,2020,4,9,2,3,5,2,0,1,1,0,0,0,0,0,801442,73,5818563,137
138274,11,6,6010205,6100205,2020,4,21,4,3,5,3,2,0,1,0,0,0,0,0,795531,9547,5819963,24
138275,11,12,12302211,12601031,2020,4,15,2,3,2,2,0,0,1,0,0,0,0,0,792921,1549,5837070,959
138276,11,6,6020408,6200420,2020,4,18,3,3,5,7,0,0,1,0,0,0,1,0,792822,7787,5816439,889
138277,11,7,7070703,7601544,2020,4,21,7,2,5,2,2,0,1,0,0,0,0,0,799790,233,5813976,983
138278,11,7,7020202,7200308,2020,4,7,4,3,1,5,0,1,1,0,0,0,0,1,794674,9797,5823492,599
138279,11,9,9020701,9200715,2020,4,10,6,3,5,7,0,0,1,0,1,0,0,0,807960,6769,5819011,78
138280,11,7,6010210,6100210,2020,4,17,3,2,5,3,0,1,1,0,0,0,0,0,795323,3935,5820992,619
138281,11,1,1044102,1400939,2020,4,19,6,3,5,2,0,1,1,0,0,0,0,0,795064,5525,5831487,957
138282,11,3,3061126,3601140,2020,4,18,2,3,5,2,0,1,1,0,0,0,0,0,798411,9276,5831802,81
138283,11,10,10010102,10100102,2020,4,16,5,3,5,3,0,1,1,0,0,0,0,1,809450,9119,5834611,838
138284,11,5,5010313,5100315,2020,4,17,5,2,1,5,0,0,1,0,0,0,0,0,784720,2679,5830098,856
138285,11,12,12214424,12200309,2020,4,12,2,3,1,5,0,0,1,0,1,0,0,0,792566,6653,5833272,933
138286,11,6,6030503,6300526,2020,4,14,4,3,1,5,0,1,1,0,0,0,0,0,789557,3222,5817916,331
138287,11,6,6030610,6300634,2020,4,21,1,2,5,2,2,0,1,0,0,0,0,0,792935,9392,5817749,196
138288,11,4,4041134,4400726,2020,4,17,3,3,2,6,0,0,1,0,0,0,0,0,790889,933,5824731,465
138289,11,4,4051448,4501045,2020,4,12,7,3,1,5,0,1,1,0,0,0,0,0,793660,1833,5825431,589
138290,11,10,10040830,10400837,2020,4,7,5,3,4,6,0,1,1,0,0,0,0,0,810755,8434,5825978,469
138291,11,2,2050802,2500834,2020,4,22,3,3,6,2,2,0,0,1,0,0,1,0,801980,6698,5826926,712
138292,11,2,2020206,2200212,2020,4,9,6,3,3,6,0,1,0,0,0,0,0,0,799272,3944,5824566,579
138293,11,1,1022102,1200518,2020,4,17,6,3,2,6,0,0,1,0,0,0,0,0,793545,7404,5829012,865
138294,11,9,9051901,9501941,2020,4,14,7,3,5,2,0,1,1,0,0,0,0,0,812067,661,5821203,944
138295,11,7,7060604,7601340,2020,4,7,5,3,5,2,0,1,1,0,0,0,0,0,796394,8067,5815912,813
138296,11,7,7030303,7300619,2020,4,12,3,2,2,6,0,0,1,0,1,0,0,0,795483,9149,5822744,162
138297,11,3,3061228,3601245,2020,4,8,6,2,6,4,0,0,1,1,0,0,0,0,801069,6481,5831181,523
138298,11,1,1011101,1100101,2020,4,17,6,3,5,3,0,1,1,0,0,0,0,0,795264,3929,5826626,177
138299,11,12,12103117,12100101,2020,4,17,2,3,5,3,0,1,1,0,0,0,0,0,796317,3031,5832460,459
138300,11,11,11030619,11300620,2020,4,10,4,3,0,2,0,1,0,0,0,0,1,0,804145,127,5829822,8
138301,11,1,1011401,1100415,2020,4,8,3,3,0,7,0,0,1,0,0,0,1,0,797803,7566,5829122,25
138302,11,9,9010202,9100203,2020,4,22,1,3,1,5,2,0,1,0,0,0,0,0,804294,2397,5823135,319
138303,11,6,6030610,6300634,2020,4,11,4,3,5,2,0,0,1,0,0,0,1,0,792950,1106,5817757,837
138304,11,11,11040926,11400931,2020,4,18,1,3,5,3,0,0,1,0,1,0,0,0,806623,2707,5827334,778
138305,11,12,12301203,12500930,2020,4,16,3,3,5,2,0,0,1,0,1,0,0,0,793944,503,5835295,312
138306,11,3,3040818,3400831,2020,4,9,7,3,5,2,0,0,1,0,0,0,0,0,800071,8602,5833884,802
138307,11,2,2010104,2100106,2020,4,14,4,3,0,7,0,1,0,0,0,0,0,0,799954,84,5825469,135
138308,11,11,11030824,11300826,2020,4,17,3,3,5,2,0,1,1,0,0,0,0,0,803887,6532,5826860,145
138309,11,11,11030720,11300721,2020,4,8,6,3,5,3,0,1,1,0,0,0,0,0,804919,5305,5829938,668
138310,11,1,1011301,1100308,2020,4,14,5,3,5,3,0,0,1,0,0,0,1,0,796917,6175,5828138,219
138311,11,4,4030620,4300619,2020,4,17,5,3,5,2,0,0,1,0,1,0,0,0,792144,637,5827324,525
138312,11,8,8010301,8100310,2020,4,11,2,3,5,2,0,1,1,0,0,0,0,0,800544,4167,5825153,244
138313,11,5,5010311,5100313,2020,4,18,4,3,2,6,1,0,1,0,0,0,0,1,785958,743,5830415,703
138314,11,8,8010508,8100520,2020,4,17,2,3,6,4,0,0,1,1,0,0,0,0,803268,9998,5823463,52
138315,11,12,12103220,12100206,2020,4,16,3,3,3,6,0,0,1,0,1,0,0,0,794142,1808,5833882,983
138316,11,7,7020203,7200410,2020,4,1,1,3,9,1,2,0,1,0,0,0,0,0,795527,166,5823819,656
138317,11,4,4020311,4200310,2020,4,15,2,3,6,4,0,0,1,1,0,0,0,0,789503,826,5826794,37
138318,11,11,11041023,11401033,2020,4,16,3,3,1,5,0,0,1,0,0,0,1,0,807045,9715,5827808,27
138319,11,3,3040508,3400618,2020,4,17,4,3,5,2,0,0,1,0,1,0,0,1,797278,5432,5836374,724
138320,11,3,3020307,3200310,2020,4,6,3,3,9,1,0,0,1,0,0,0,0,0,799348,2963,5837715,404
138321,11,10,10030724,10300731,2020,4,16,3,2,0,3,0,0,0,0,1,0,1,0,809569,3411,5828034,69
138322,11,8,8010510,8100521,2020,4,19,1,2,6,7,0,0,0,1,1,0,0,0,803108,88,5822334,318
138323,11,1,1011303,1100310,2020,4,2,1,3,0,1,2,1,0,0,0,0,0,0,799016,9677,5827870,955
138324,11,8,8020625,8200730,2020,4,16,3,3,5,2,0,1,1,0,0,1,0,0,801370,7987,5819267,247
138325,11,8,8020619,8200622,2020,4,7,6,3,5,3,0,1,1,0,0,0,0,0,802259,5409,5821610,163
138326,11,1,1033201,1300834,2020,4,15,3,3,2,6,0,0,1,0,0,0,0,0,797675,5588,5830716,97
138327,11,3,3050925,3500936,2020,4,8,6,3,0,1,0,1,0,0,0,0,0,0,801648,356,5831110,865
138328,11,11,11020514,11200513,2020,4,9,5,3,0,1,0,1,0,0,0,0,0,0,804569,1621,5831032,332
138329,11,1,1011302,1100309,2020,4,13,5,3,3,6,0,1,1,0,0,0,0,0,798491,2126,5829067,667
138330,11,2,2020204,2200210,2020,4,14,2,3,3,5,0,0,1,0,1,0,0,0,798189,8225,5824980,644
138331,11,1,1011103,1100103,2020,4,14,4,3,2,3,0,0,1,0,1,0,0,0,795293,2516,5826169,231
138332,11,1,1011304,1100311,2020,4,10,2,3,5,2,0,0,1,0,0,0,0,0,799731,2741,5827550,46
138333,11,2,2020204,2200210,2020,4,15,3,2,5,3,0,1,0,0,1,0,0,0,798176,4687,5824842,93
138334,11,4,4051655,4501153,2020,4,15,1,2,5,3,0,0,1,0,1,0,0,0,794030,7203,5823089,255
138335,11,5,5030731,5300737,2020,4,14,7,3,2,6,0,0,1,0,1,0,1,0,787515,67,5829899,111
138336,11,7,7010104,7100206,2020,4,15,3,3,5,2,0,1,1,0,0,0,0,0,796685,4176,5824819,925
138337,11,2,2030302,2300316,2020,4,10,6,3,5,2,0,1,0,0,0,0,1,0,801470,657,5826032,482
138338,11,1,1044101,1400938,2020,4,16,7,3,1,5,0,1,1,0,0,0,0,0,793874,7143,5830235,91
138339,11,8,8041037,8401243,2020,4,15,3,3,5,2,0,0,1,0,0,0,1,0,805546,882,5818559,479
138340,11,12,12214422,12200310,2020,4,13,6,3,5,2,0,1,0,0,0,1,0,0,792081,322,5832942,495
138341,11,9,9010101,9100101,2020,4,19,3,3,1,5,0,1,0,0,0,0,1,0,802164,6169,5824938,326
138342,11,8,8010301,8100312,2020,4,20,5,3,3,6,1,1,0,0,0,0,0,1,801262,5649,5824587,69
138343,11,6,6030503,6300527,2020,4,11,5,3,5,3,0,1,0,0,0,0,1,0,790947,1343,5818105,229
138344,11,7,7060604,7601341,2020,4,14,2,3,5,3,0,0,1,0,0,0,0,0,797744,9205,5815400,623
138345,11,4,4041344,4400835,2020,4,7,4,3,6,2,0,0,1,1,0,0,0,0,792944,298,5821915,576
138346,11,9,9010301,9100305,2020,4,20,2,3,5,2,1,0,1,0,0,0,0,0,805016,4709,5822703,253
138347,11,8,8010404,8100415,2020,4,15,3,3,1,5,0,0,1,0,0,0,0,0,801458,1132,5823633,243
138348,11,6,6040701,6400735,2020,4,16,7,3,0,1,0,0,0,0,1,0,0,0,782020,6019,5815648,8
138349,11,4,4030519,4300518,2020,4,8,3,3,3,6,0,0,1,0,0,0,0,0,791236,2418,5828955,961
138350,11,4,4030931,4501042,2020,4,8,6,3,5,3,0,1,1,0,0,0,0,0,793978,1507,5825543,667
138351,11,12,12214422,12200310,2020,4,14,3,3,5,2,0,1,0,0,0,0,1,0,792266,4735,5833931,572
138352,11,4,4030415,4300412,2020,4,18,6,3,1,5,0,0,1,0,1,0,0,0,791074,4739,5827430,332
138353,11,8,8010117,8100102,2020,4,17,2,3,2,7,0,0,1,0,1,0,0,0,800376,834,5823626,841
138354,11,2,2050602,2500728,2020,4,16,5,3,5,3,0,1,1,0,0,0,0,0,803198,9008,5828285,8
138355,11,11,11040926,11400929,2020,4,11,3,3,2,2,0,0,1,0,0,0,0,0,804907,5328,5826255,789
138356,11,8,8010509,8100521,2020,4,12,2,3,5,2,0,0,1,0,0,0,0,0,803662,2124,5822279,683
138357,11,7,7030301,7300516,2020,4,13,4,3,2,6,0,1,1,0,0,0,0,0,794005,3303,5821605,66
138358,11,1,1011202,1100206,2020,4,19,2,3,2,2,0,1,1,0,0,0,0,0,797201,9517,5827496,533
138359,11,7,7040402,7400822,2020,4,17,5,2,8,1,0,1,0,0,0,0,0,0,796044,254,5820811,138
138360,11,4,4030417,4300414,2020,4,8,2,3,0,2,0,1,1,0,0,0,0,0,790945,2785,5826751,364
138361,11,3,3061228,3601245,2020,4,15,4,3,5,3,0,0,1,0,1,0,0,0,801152,8326,5831129,121
138362,11,8,8020622,8200727,2020,4,18,2,3,1,5,0,0,1,0,0,0,0,0,802241,6279,5819087,86
138363,11,2,2030301,2300417,2020,4,12,3,3,1,5,0,1,1,0,0,0,0,0,800019,4467,5825498,591
138364,11,12,12301203,12500926,2020,4,13,7,3,0,2,0,0,1,0,0,0,1,0,793646,678,5836127,85
138365,11,8,8020620,8200624,2020,4,12,4,3,0,2,0,1,1,0,0,0,0,0,800546,1033,5820558,8
138366,11,9,9041501,9401534,2020,4,10,3,3,2,6,0,0,1,0,0,0,0,0,811119,382,5820270,894
138367,11,4,4051445,4500939,2020,4,8,6,3,5,2,0,0,1,0,0,0,0,0,792439,5283,5824108,623
138368,11,1,1022204,1200626,2020,4,15,5,3,4,6,0,1,0,0,0,0,0,0,795048,4161,5828276,241
138369,11,6,6020411,6200423,2020,4,8,6,3,2,6,0,0,1,0,0,0,0,0,793930,6811,5815475,91
138370,11,1,1011202,1100206,2020,4,16,2,3,5,2,0,1,1,0,0,0,0,0,797160,1669,5827687,541
138371,11,6,6040703,6400737,2020,4,17,4,3,0,1,0,1,0,0,0,0,0,1,784950,763,5817740,417
138372,11,9,9020802,9200819,2020,4,15,5,3,5,2,0,1,1,0,0,0,0,0,810003,7842,5819362,632
138373,11,9,9010101,9100101,2020,4,19,3,3,2,2,0,1,1,0,0,0,0,0,802354,6184,5824745,953
138374,11,7,7050504,7501032,2020,4,10,1,3,0,1,0,1,0,0,0,0,0,0,799582,9143,5819560,685
138375,11,2,2020205,2200211,2020,4,18,1,3,0,1,0,1,0,0,0,0,0,0,798309,176,5824460,692
138376,11,12,12302212,12601032,2020,4,12,3,3,1,5,0,0,1,0,0,0,0,0,793458,4389,5837804,553
138377,11,8,8010404,8100415,2020,4,21,6,3,5,2,2,1,1,0,0,0,0,0,801991,6831,5823302,276
138378,11,6,6010210,6100210,2020,4,7,6,3,5,7,0,0,1,0,0,0,0,0,794865,9534,5821509,97
138379,11,11,11020411,11200410,2020,4,16,3,3,5,7,0,1,0,0,0,0,1,0,806051,2674,5832677,429
138380,11,1,1011306,1100313,2020,5,16,1,3,6,4,0,1,0,1,0,0,0,0,800327,798,5826549,361
138381,11,7,7040403,7400825,2020,5,19,7,2,5,3,0,0,1,0,0,0,0,0,797424,7787,5820799,365
138382,11,5,5020524,5200528,2020,5,12,6,3,2,6,0,0,1,0,0,0,0,0,783805,1137,5826333,149
138383,11,2,2050802,2500833,2020,5,17,2,3,5,3,0,0,1,0,0,0,0,1,802665,296,5827243,86
138384,11,9,9051901,9501939,2020,5,9,2,3,5,3,0,1,1,0,0,0,0,1,810932,7429,5821586,156
138385,11,12,12103218,12100205,2020,5,8,6,3,0,1,0,0,1,0,0,0,0,0,794308,3617,5835479,53
138386,11,1,1044202,1401047,2020,5,13,6,3,5,3,0,0,0,0,1,0,1,0,795332,894,5830379,147
138387,11,1,1011203,1100206,2020,5,2,6,3,5,3,2,0,1,0,0,0,1,0,797877,5819,5827467,335
138388,11,1,1011302,1100309,2020,5,20,5,3,0,1,1,1,0,0,0,0,0,0,798881,4705,5828574,678
138389,11,7,7040406,7400928,2020,5,13,1,3,0,2,0,1,1,0,0,0,0,0,800250,8343,5821580,434
138390,11,11,11020514,11200513,2020,5,16,4,3,0,1,0,1,0,0,0,0,0,0,804592,9018,5831060,192
138391,11,10,10020415,10200422,2020,5,15,1,3,0,7,0,0,0,1,1,0,0,0,812407,8114,5831289,291
138392,11,8,8010404,8100417,2020,5,8,5,2,5,3,0,0,1,0,1,0,0,0,802074,5785,5822682,6
138393,11,9,9051801,9501838,2020,5,15,3,3,7,7,0,0,1,0,0,0,0,0,821235,7408,5819450,968
138394,11,7,7010103,7100204,2020,5,20,1,3,5,3,0,0,1,0,0,0,0,1,795487,5347,5824675,181
138395,11,7,7050501,7501029,2020,5,17,6,2,0,7,0,1,0,0,0,0,0,0,797733,8624,5819137,554
138396,11,11,11020411,11200410,2020,5,11,5,3,6,4,0,0,1,1,0,0,0,0,804923,9395,5833089,752
138397,11,11,11030824,11300826,2020,5,20,5,3,5,3,0,1,1,0,0,0,0,0,804354,8259,5826851,525
138398,11,2,2030302,2300315,2020,5,17,5,3,0,1,0,1,0,0,0,0,0,0,800653,1804,5825820,8
138399,11,12,12214424,12200309,2020,5,17,5,3,2,6,0,0,1,0,0,0,0,0,793208,4578,5832608,18
138400,11,3,3010102,3100103,2020,5,17,5,3,5,3,0,1,1,0,0,0,0,0,804395,587,5841005,239
138401,11,1,1044101,1400937,2020,5,13,4,3,5,3,0,1,1,0,0,0,0,0,793850,5679,5830086,21
138402,11,6,6030608,6300632,2020,5,10,6,3,2,2,0,0,1,0,0,0,0,0,792516,256,5817077,457
138403,11,6,6020304,6200314,2020,5,16,5,3,5,2,0,1,1,0,0,0,0,0,794563,5909,5817695,466
138404,11,1,1011202,1100206,2020,5,16,5,3,5,2,0,1,1,0,0,0,0,0,797160,403,5827688,286
138405,11,4,4051652,4501149,2020,5,16,4,3,5,7,0,0,1,0,1,0,0,0,793451,5307,5824372,478
138406,11,3,3071537,3701555,2020,5,19,1,3,5,3,0,0,1,0,0,0,0,1,799721,3324,5830080,383
138407,11,8,8010301,8100311,2020,5,15,5,3,5,2,0,0,1,0,0,0,1,0,800601,8443,5824422,424
138408,11,7,7020202,7200308,2020,5,9,3,3,2,6,0,1,1,0,0,0,0,0,794861,7336,5823412,261
138409,11,1,1011102,1100102,2020,5,19,1,3,2,2,0,0,1,0,0,0,0,1,795192,242,5827241,18