OBJECTID,LAND,BEZ,LOR,LOR_ab_2021,UJAHR,UMONAT,USTUNDE,UWOCHENTAG,UKATEGORIE,UART,UTYP1,ULICHTVERH,IstRad,IstPKW,IstFuss,IstKrad,IstGkfz,IstSonstige,USTRZUSTAND,LINREFX,LINREFY,XGCSWGS84,YGCSWGS84
138410,11,6,6040806,6400840,2020,5,8,6,3,0,3,0,0,0,0,0,0,1,0,789114,2898,5819585,929
138411,11,9,9030901,9300920,2020,5,15,5,3,2,6,0,0,1,0,1,0,0,0,807705,2907,5815828,227
138412,11,1,1022204,1200626,2020,5,15,5,3,2,6,0,0,1,0,1,0,0,0,795178,1155,5828257,944
138413,11,4,4010101,4100101,2020,5,15,5,2,3,6,0,0,1,0,1,0,0,0,790511,1524,5829036,28
138414,11,5,5030730,5300735,2020,5,15,5,3,5,2,0,0,1,0,0,0,0,0,786433,461,5831177,955
138415,11,5,5030730,5300735,2020,5,12,4,3,5,3,0,0,1,0,0,0,0,0,786538,3728,5831592,191
138416,11,7,7040405,7400927,2020,5,18,1,3,5,3,0,0,1,0,0,0,0,1,799075,8682,5821704,937
138417,11,2,2050801,2500831,2020,5,13,1,3,4,6,0,1,1,0,0,0,1,0,802971,492,5827456,82
138418,11,9,9030901,9300920,2020,5,14,5,3,5,3,0,1,1,0,0,0,0,0,808926,8709,5817992,921
138419,11,1,1011201,1100205,2020,5,17,2,2,6,4,0,0,1,1,0,0,0,1,797889,7728,5826568,918
138420,11,1,1011104,1100104,2020,5,13,2,3,5,2,0,0,1,1,0,0,0,1,796078,4161,5825576,129
138421,11,7,7040403,7400823,2020,5,13,5,3,5,3,0,1,1,0,0,0,0,0,797288,6471,5821212,4
138422,11,12,12214125,12200412,2020,5,17,1,3,5,7,0,0,1,0,0,0,0,0,791272,711,5834144,454
138423,11,9,9031001,9301025,2020,5,14,6,3,5,3,0,0,1,0,0,0,0,0,810865,6462,5814521,379
138424,11,2,2050602,2500729,2020,5,17,1,3,1,5,0,1,1,0,0,0,0,0,803226,61,5827777,89
138425,11,5,5030832,5300839,2020,5,15,1,3,3,6,0,1,0,0,0,0,0,0,788140,5125,5830427,114
138426,11,3,3020203,3200204,2020,5,20,5,3,5,2,2,0,1,0,0,0,0,0,798051,5539,5837196,512
138427,11,8,8010117,8100103,2020,5,0,3,3,1,5,2,0,1,0,0,0,0,0,800666,2246,5823002,14
138428,11,10,10030724,10300731,2020,5,19,5,3,2,6,0,0,1,0,0,0,0,0,809656,1612,5829662,752
138429,11,5,5010206,5100208,2020,5,16,1,3,5,3,0,0,1,0,0,0,0,0,781956,2814,5830596,457
138430,11,7,7010104,7100206,2020,5,7,6,3,5,2,0,1,0,0,0,0,0,0,796854,6202,5824775,944
138431,11,12,12302211,12601031,2020,5,18,5,3,1,5,0,1,1,0,0,0,0,0,793636,7469,5836339,862
138432,11,1,1044103,1400942,2020,5,18,5,3,6,2,0,0,1,1,0,0,0,0,794935,164,5830797,445
138433,11,12,12301203,12500926,2020,5,13,5,3,2,6,0,0,1,0,0,0,0,0,793047,651,5835761,601
138434,11,2,2050802,2500834,2020,5,13,5,3,1,5,0,1,0,0,0,0,1,0,802608,1466,5826968,466
138435,11,9,9051901,9501941,2020,5,7,4,3,5,3,0,0,1,0,1,0,0,1,811638,6695,5821149,29
138436,11,7,7040401,7400720,2020,5,16,1,3,5,3,0,1,1,0,0,0,0,0,797382,9848,5823797,361
138437,11,1,1033102,1300733,2020,5,20,7,3,1,5,1,1,1,0,0,0,0,0,797103,8037,5831416,426
138438,11,2,2020202,2200208,2020,5,13,5,3,5,2,0,1,1,0,0,0,0,0,797756,544,5825302,48
138439,11,5,5020417,5200420,2020,5,12,2,3,0,7,0,0,0,0,1,0,0,1,783253,8037,5828608,45
138440,11,11,11040926,11400931,2020,5,11,2,3,5,2,0,1,1,0,0,0,0,1,805600,979,5827249,6
138441,11,12,12301204,12500927,2020,5,13,5,2,4,6,0,0,1,0,1,0,0,0,791876,367,5835423,587
138442,11,7,7040401,7400721,2020,5,13,6,3,5,3,0,1,1,0,0,0,0,0,797289,2377,5823176,92
138443,11,12,12304314,12500824,2020,5,12,5,3,2,2,0,0,1,0,0,0,0,0,790621,1959,5835979,589
138444,11,2,2020202,2200208,2020,5,8,5,3,5,2,0,1,1,0,0,0,0,0,797318,4737,5825372,439
138445,11,3,3061227,3601243,2020,5,14,1,2,5,3,0,1,0,0,0,0,0,0,799870,4541,5831731,86
138446,11,10,10020415,10200422,2020,5,6,5,2,6,4,0,0,1,1,0,0,0,0,812195,1887,5831009,257
138447,11,11,11040926,11400931,2020,5,12,5,3,5,2,0,0,1,0,0,0,0,0,806599,8653,5827311,743
138448,11,9,9020702,9200716,2020,5,11,5,3,5,3,0,1,1,0,0,0,0,0,809224,7433,5819303,813
138449,11,2,2010102,2100102,2020,5,14,5,3,1,5,0,1,1,0,0,0,0,0,798416,8434,5826460,34
138450,11,6,6030504,6300528,2020,5,10,5,2,0,6,0,1,1,0,0,0,0,0,790374,2374,5816732,102
138451,11,7,7030301,7300517,2020,5,10,3,3,5,2,0,1,1,0,0,0,0,0,794245,2372,5822015,862
138452,11,5,5010314,5100316,2020,5,12,1,3,3,6,0,0,1,0,0,0,0,0,785018,4459,5829398,655
138453,11,7,7060604,7601340,2020,5,18,7,3,5,2,0,1,1,0,0,0,0,0,796476,19,5815895,7
138454,11,9,9010101,9100101,2020,5,10,5,3,5,3,0,1,1,0,0,0,0,0,801796,3388,5825317,404
138455,11,5,5010101,5100103,2020,5,16,2,3,2,6,0,0,1,0,0,0,0,1,785323,816,5832475,271
138456,11,7,7070705,7601546,2020,5,9,2,3,2,2,0,0,1,0,0,0,0,1,799073,3938,5813141,542
138457,11,5,5010314,5100316,2020,5,7,5,2,5,3,0,0,1,0,1,0,0,0,785023,3372,5828882,979
138458,11,12,12224230,12400618,2020,5,11,6,3,5,2,0,1,1,0,0,0,0,0,785984,527,5839221,89
138459,11,6,6010207,6100207,2020,5,7,5,2,5,2,0,1,0,0,0,0,1,0,794266,7017,5820262,707
138460,11,10,10030724,10300731,2020,5,14,4,3,6,7,0,1,0,1,0,0,0,0,809066,6013,5828966,951
138461,11,11,11051331,11501340,2020,5,12,1,2,0,1,0,1,0,0,0,0,0,0,807252,4491,5824291,314
138462,11,11,11030721,11300722,2020,5,22,4,3,5,3,2,0,1,0,0,0,0,0,804287,7477,5828425,82
138463,11,6,6030504,6300528,2020,5,9,1,3,1,5,0,1,1,0,0,0,0,0,789267,5783,5816365,381
138464,11,7,7040405,7400927,2020,5,14,4,3,5,2,0,0,0,0,1,0,1,0,797893,729,5821929,311
138465,11,1,1011302,1100309,2020,5,10,3,3,1,5,0,1,0,0,0,0,1,0,798103,7653,5828952,785
138466,11,2,2040701,2400623,2020,5,9,1,3,5,3,0,1,1,0,0,0,0,0,800312,3241,5827613,63
138467,11,3,3071633,3701657,2020,5,7,6,2,0,6,0,1,1,0,0,0,0,0,800122,4855,5830732,143
138468,11,8,8020619,8200623,2020,5,14,4,3,5,7,0,0,1,0,1,0,0,0,801458,6418,5820946,801
138469,11,8,8030831,8301036,2020,5,8,1,3,5,3,0,1,1,0,0,0,0,0,803523,3891,5817786,906
138470,11,8,8010301,8100311,2020,5,14,4,3,5,3,0,1,1,0,0,0,0,0,800593,6279,5824432,634
138471,11,1,1033203,1300836,2020,5,18,3,3,1,7,0,0,1,0,0,0,0,0,796728,1333,5830685,534
138472,11,5,5010313,5100315,2020,5,21,7,2,6,4,2,0,1,1,0,0,0,0,784420,612,5829916,986
138473,11,1,1011402,1100416,2020,5,19,6,3,0,1,0,1,0,0,0,0,0,0,798539,9723,5829177,323
138474,11,9,9010402,9100408,2020,5,13,4,3,5,2,0,0,1,0,0,0,0,0,806309,4633,5819450,872
138475,11,10,10030724,10300731,2020,5,12,4,3,2,6,0,0,1,0,0,0,0,0,809576,21,5828177,421
138476,11,7,7030303,7300619,2020,5,21,5,3,0,1,2,0,0,0,1,0,0,0,794776,69,5821837,531
138477,11,4,4020312,4200308,2020,5,12,4,3,5,3,0,0,1,0,0,0,0,0,789821,4385,5827303,76
138478,11,6,6010205,6100205,2020,5,11,4,2,2,6,0,0,1,0,1,0,0,0,794859,1046,5820042,71
138479,11,11,11020412,11200411,2020,5,15,4,3,2,6,0,0,1,0,0,1,0,0,805730,8748,5831346,223
138480,11,11,11041128,11401137,2020,5,17,7,2,8,1,0,1,0,0,1,0,0,0,807097,2242,5825821,741
138481,11,7,7010102,7100102,2020,5,9,4,3,5,2,0,0,0,0,1,0,1,0,794951,5498,5825651,71
138482,11,2,2030302,2300315,2020,5,7,3,3,1,5,0,1,0,0,0,1,0,0,800311,362,5825825,14
138483,11,8,8041037,8401243,2020,5,12,7,3,5,2,0,1,1,0,0,0,0,0,805548,1859,5818553,3
138484,11,3,3061227,3601244,2020,5,7,6,3,5,2,0,1,0,0,0,0,0,0,800043,913,5831022,709
138485,11,3,3050924,3500935,2020,5,9,4,3,5,2,0,0,1,0,0,0,0,0,801536,5402,5831439,368
138486,11,2,2010102,2100102,2020,5,8,4,3,1,5,0,1,1,0,0,0,0,0,798004,7265,5825937,826
138487,11,5,5020417,5200420,2020,5,14,5,3,4,7,0,1,0,0,0,0,1,0,782700,4267,5828556,221
138488,11,9,9030901,9300920,2020,5,6,4,3,1,5,0,0,1,0,1,0,0,0,807857,426,5817873,312
138489,11,7,7060604,7601340,2020,5,17,5,3,2,3,0,0,1,0,0,0,0,0,796583,8766,5815878,385
138490,11,6,6040807,6400841,2020,5,12,4,3,5,3,0,0,1,0,0,0,0,0,789871,4506,5818784,84
138491,11,7,7020203,7200409,2020,5,21,4,3,0,5,2,1,1,0,0,0,0,0,795674,6964,5824089,621
138492,11,12,12214424,12200309,2020,5,14,4,3,0,2,0,0,0,0,0,0,1,0,793232,5855,5832486,183
138493,11,3,3020307,3200309,2020,5,11,7,3,5,3,0,0,1,0,0,0,0,0,800002,7708,5838587,61
138494,11,3,3020203,3200204,2020,5,13,1,3,5,2,0,1,0,0,0,0,0,0,796425,9171,5840463,678
138495,11,4,4030620,4300619,2020,5,20,4,3,5,3,0,0,1,0,0,0,0,0,792767,3287,5827045,962
138496,11,10,10040931,10400938,2020,5,20,2,3,5,3,1,0,1,0,0,0,0,0,812881,46,5828236,689
138497,11,2,2050802,2500833,2020,5,18,4,3,1,1,0,1,1,0,0,0,0,0,802387,1275,5827080,657
138498,11,5,5010314,5100316,2020,5,11,7,3,2,6,0,0,1,0,0,0,0,0,784069,377,5829020,63
138499,11,12,12214424,12200309,2020,5,15,6,3,5,3,0,0,1,0,1,0,0,0,793322,2106,5832664,55
138500,11,2,2050602,2500727,2020,5,17,4,3,5,2,0,1,1,0,0,0,0,0,802604,76,5827776,757
138501,11,3,3040818,3400831,2020,5,17,4,3,5,2,0,1,1,0,0,0,0,0,799301,3478,5833431,83
138502,11,3,3050923,3500934,2020,5,12,5,3,2,6,0,0,1,0,0,0,0,0,801240,5055,5831960,475
138503,11,1,1022104,1200520,2020,5,16,4,3,5,3,0,0,1,0,0,0,0,0,794302,76,5828635,926
138504,11,2,2040502,2400521,2020,5,13,4,3,0,2,0,1,1,0,0,0,0,0,801114,4845,5828087,864
138505,11,12,12214424,12200309,2020,5,10,7,3,3,6,0,0,0,0,1,0,1,0,792578,2587,5832824,986
138506,11,1,1011305,1100312,2020,5,0,7,3,0,1,2,1,0,0,0,0,0,0,799669,4928,5827122,48
138507,11,4,4031032,4500937,2020,5,16,4,3,1,5,0,1,1,0,0,0,0,0,790903,6908,5825039,401
138508,11,6,6040703,6400737,2020,5,16,2,3,5,3,0,0,1,0,0,0,0,1,785764,9799,5816919,364
138509,11,2,2020206,2200213,2020,5,9,2,3,0,2,0,1,1,0,0,0,0,1,799844,8769,5824797,92
138510,11,2,2020202,2200208,2020,5,9,3,3,0,7,0,1,0,0,0,0,0,0,797279,7161,5825551,539
138511,11,4,4010101,4100101,2020,5,11,4,3,2,2,0,0,1,0,0,0,0,0,790409,8158,5829041,715
138512,11,6,6030609,6300633,2020,5,19,7,3,1,5,0,0,1,0,0,0,0,0,793283,3057,5818939,519
138513,11,6,6040809,6400843,2020,5,12,7,3,1,5,0,0,1,0,0,0,0,0,792122,5827,5820346,766
138514,11,10,10030726,10300733,2020,5,21,3,3,2,3,1,1,1,0,0,0,0,1,809535,9217,5827564,737
138515,11,7,7040403,7400825,2020,5,16,2,3,2,6,0,0,1,0,0,0,0,1,797510,767,5820792,947
138516,11,3,3050925,3500936,2020,5,11,2,3,2,6,0,0,1,0,0,0,0,1,801650,4052,5831283,795
138517,11,7,7020204,7200414,2020,5,19,3,3,2,6,0,1,1,0,0,0,0,1,796515,34,5823964,128
138518,11,4,4020311,4200309,2020,5,14,6,2,2,6,0,0,1,0,1,0,0,0,789037,802,5826999,86
138519,11,1,1011103,1100103,2020,5,17,3,3,5,3,0,0,1,0,0,0,0,0,795174,5889,5825896,865
138520,11,9,9020802,9200819,2020,5,10,3,2,6,4,0,0,1,1,0,0,0,0,810568,98,5819935,328
138521,11,4,4051550,4501147,2020,5,10,5,3,3,6,0,1,0,0,0,0,0,0,793124,4102,5824079,864
138522,11,11,11030721,11300722,2020,5,8,2,3,5,3,0,0,1,0,0,0,0,0,804297,2125,5828218,454
138523,11,12,12231102,12400720,2020,5,10,3,2,5,3,0,1,1,0,0,0,0,0,789442,4433,5840425,75
138524,11,2,2030301,2300314,2020,5,16,3,3,5,2,0,1,1,0,0,0,0,0,799901,1958,5825710,861
138525,11,1,1011302,1100309,2020,5,19,7,3,3,6,0,1,0,0,1,0,0,0,798110,479,5828955,954
138526,11,2,2050801,2500832,2020,5,17,7,3,2,6,0,1,1,0,0,0,0,0,803362,896,5826792,273
138527,11,1,1044203,1401048,2020,5,9,3,3,2,3,0,0,1,0,0,0,1,0,795456,9106,5831567,982
138528,11,4,4031032,4500938,2020,5,16,2,3,5,2,0,1,1,0,0,0,0,1,791916,4578,5824767,624
138529,11,7,7050501,7501030,2020,5,8,3,3,5,2,0,0,1,0,0,0,0,0,798019,162,5819648,38
138530,11,6,6020408,6200420,2020,5,10,6,2,5,3,0,0,1,0,0,0,0,0,792759,7122,5816343,73
138531,11,3,3061126,3601141,2020,5,7,2,3,5,2,0,1,1,0,0,0,0,1,798961,2812,5831449,173
138532,11,1,1011304,1100311,2020,5,5,3,3,2,6,1,0,1,0,0,0,0,0,799622,2799,5828268,79
138533,11,8,8010301,8100310,2020,5,17,3,3,2,6,0,1,1,0,0,0,0,1,800558,7741,5824951,303
138534,11,6,6010101,6100101,2020,5,16,3,3,6,4,0,0,1,1,0,0,0,1,792460,2779,5820802,75
138535,11,2,2050802,2500833,2020,5,13,6,3,5,3,0,0,1,0,0,0,0,0,802042,9028,5827166,472
138536,11,4,4010102,4100101,2020,5,6,2,3,5,2,1,0,1,0,0,1,1,1,793353,82,5829679,71
138537,11,6,6010205,6100205,2020,5,16,3,3,2,6,0,0,1,0,1,0,0,1,795995,7221,5819451,84
138538,11,9,9051901,9501940,2020,5,15,3,3,5,2,0,1,1,0,0,0,0,1,811844,6083,5821600,191
138539,11,9,9031101,9301126,2020,5,18,7,3,3,6,0,1,1,0,0,0,0,0,811547,4754,5817156,212
138540,11,10,10010102,10100102,2020,5,10,5,3,5,3,0,1,1,0,0,0,0,0,809555,896,5834186,815
138541,11,6,6020409,6200421,2020,5,17,7,3,2,6,0,0,1,0,0,0,0,0,793206,6742,5816457,973
138542,11,4,4030623,4300622,2020,5,15,3,2,2,6,0,0,1,0,0,0,1,0,793440,5,5826569,842
138543,11,2,2050801,2500830,2020,5,17,3,3,1,5,0,1,1,0,0,0,0,0,802267,2841,5827501,259
138544,11,6,6040703,6400737,2020,5,17,7,2,5,2,0,1,1,0,0,0,0,0,784747,6413,5817552,146
138545,11,7,7010102,7100103,2020,5,22,6,3,1,5,2,1,1,0,0,0,0,0,795892,5176,5825166,57
138546,11,5,5010311,5100313,2020,5,14,3,3,2,6,0,0,1,0,0,0,0,0,785855,54,5830256,748
138547,11,4,4051445,4500939,2020,5,14,3,3,2,6,0,1,1,0,0,0,0,1,792518,6795,5824139,45
138548,11,7,7010102,7100102,2020,5,15,5,3,0,2,0,1,1,0,0,0,0,0,795471,8632,5825556,67
138549,11,3,3061430,3601450,2020,5,11,2,3,5,3,0,0,1,0,0,0,0,1,802341,5557,5829703,4
138550,11,3,3020307,3200308,2020,5,14,3,3,5,3,0,0,1,0,0,0,0,1,799525,405,5837456,275
138551,11,4,4020310,4200308,2020,5,14,3,3,6,6,0,1,0,1,0,0,0,0,790374,1632,5827296,14
138552,11,11,11020412,11200411,2020,5,14,4,3,2,6,0,0,1,0,0,0,0,0,805730,8748,5831346,223
138553,11,3,3040614,3400724,2020,5,17,7,3,5,2,0,1,1,0,0,0,0,0,799981,5081,5835110,52
138554,11,12,12224230,12400617,2020,5,16,1,3,5,7,0,1,0,0,0,0,1,0,785063,336,5836795,289
138555,11,6,6010209,6100209,2020,5,12,3,3,0,3,0,0,1,0,1,0,0,0,794194,662,5821438,436
138556,11,6,6020303,6200313,2020,5,6,3,3,5,2,2,1,0,0,0,0,1,0,795355,8592,5818457,348
138557,11,1,1011305,1100312,2020,5,19,4,2,0,6,0,0,1,0,1,0,0,0,799641,1799,5827021,388
138558,11,2,2010102,2100102,2020,5,17,7,3,0,7,0,1,0,0,0,0,0,0,798044,2482,5825487,954
138559,11,4,4041137,4400727,2020,5,12,3,3,6,7,0,0,1,1,0,0,0,0,791596,6145,5823648,798
138560,11,9,9020602,9200614,2020,5,10,3,1,6,4,0,0,1,1,0,0,0,0,808417,3452,5820877,388
138561,11,7,7040403,7400823,2020,5,17,7,3,5,3,0,0,1,0,0,0,0,0,797267,5133,5820724,542
138562,11,1,1044101,1400937,2020,5,9,6,2,2,7,0,0,1,0,0,0,1,0,793945,7829,5832037,532
138563,11,6,6020302,6200312,2020,5,11,3,3,2,6,0,0,1,0,0,0,0,0,794932,7015,5819267,578
138564,11,8,8010405,8100418,2020,5,10,2,3,5,3,0,1,1,0,0,0,0,0,802179,8731,5823394,94
138565,11,2,2040502,2400521,2020,5,15,5,3,5,2,0,1,1,0,0,0,0,0,801250,8166,5827844,229
138566,11,8,8020620,8200725,2020,5,20,2,2,0,1,1,0,0,0,1,0,0,1,801209,3018,5819650,31
138567,11,8,8010117,8100102,2020,5,16,2,2,6,4,0,1,0,1,0,0,0,1,800557,4629,5823308,213
138568,11,4,4030518,4300517,2020,5,16,2,2,5,2,0,0,1,0,1,0,0,1,791382,3541,5828591,145
138569,11,7,7030301,7300517,2020,5,12,4,2,0,4,0,1,0,1,0,0,0,0,793988,171,5822944,275
138570,11,8,8010118,8100104,2020,5,16,7,3,2,2,0,0,1,0,0,0,0,0,800878,4986,5822453,848
138571,11,8,8040933,8401139,2020,5,13,1,2,5,2,0,0,1,0,1,0,0,0,803006,8476,5819362,836
138572,11,12,12301205,12500928,2020,5,15,2,3,5,2,0,0,1,0,0,0,0,0,792606,403,5837531,674
138573,11,2,2020206,2200213,2020,5,15,2,3,2,6,0,0,1,0,1,0,0,1,800173,5053,5825046,877
138574,11,1,1044101,1400938,2020,5,13,2,3,5,2,0,1,1,0,0,0,0,1,794830,994,5831327,327
138575,11,4,4041137,4400727,2020,5,15,2,3,0,6,0,0,1,0,1,0,0,1,791229,8101,5823280,546
138576,11,3,3061430,3601450,2020,5,15,7,3,6,4,0,0,0,1,0,0,1,0,802563,8472,5829389,451
138577,11,12,12304313,12500825,2020,5,14,6,3,1,5,0,0,1,0,1,0,0,0,791980,38,5834091,854
138578,11,1,1033203,1300836,2020,5,15,2,3,0,2,0,0,0,0,1,0,1,1,796290,9804,5830599,663
138579,11,8,8010117,8100102,2020,5,14,2,3,6,4,0,0,0,1,1,0,0,1,800423,8149,5823712,311
138580,11,3,3010101,3100101,2020,5,11,5,3,4,6,0,0,1,0,0,0,0,0,800207,3177,5841207,429
138581,11,10,10020412,10200417,2020,5,13,2,2,6,4,0,0,0,1,0,0,1,0,810941,174,5831987,44
138582,11,4,4041344,4400835,2020,5,13,7,3,1,1,0,1,1,0,0,0,0,0,793385,1066,5822041,425
138583,11,1,1044101,1400937,2020,5,18,6,3,0,2,0,1,1,0,0,0,0,0,794020,7694,5831275,549
138584,11,1,1044201,1401045,2020,5,13,2,3,6,4,0,0,0,1,1,0,0,1,796725,9486,5831949,689
138585,11,1,1044102,1400939,2020,5,12,2,3,2,6,0,0,1,0,0,0,0,1,795236,8017,5831698,517
138586,11,1,1011202,1100206,2020,5,13,5,3,1,5,0,1,1,0,0,0,0,0,797723,2198,5827683,693
138587,11,2,2020205,2200211,2020,5,11,2,3,5,2,0,1,1,0,0,0,0,1,797996,348,5824565,695
138588,11,9,9052001,9502043,2020,5,10,4,3,1,5,0,1,1,0,0,0,0,0,810262,577,5822752,63
138589,11,11,11051331,11501340,2020,5,15,7,3,0,7,0,1,1,0,0,0,0,0,807546,1975,5825487,396
138590,11,5,5020417,5200420,2020,5,23,7,2,1,1,2,0,1,0,0,0,0,0,782512,2309,5828533,7
138591,11,12,12214424,12200309,2020,5,11,2,3,0,1,0,0,0,0,1,0,0,1,793384,7483,5832518,192
138592,11,4,4020311,4200309,2020,5,15,2,3,2,6,0,0,1,0,0,0,0,1,788727,5116,5827339,97
138593,11,4,4020313,4200311,2020,5,11,2,3,5,2,0,0,1,0,0,0,1,1,790455,1358,5825990,734
138594,11,1,1033101,1300731,2020,5,22,2,3,5,2,2,0,1,0,1,0,0,0,797091,8599,5833198,911
138595,11,2,2040701,2400521,2020,5,18,6,3,5,2,0,1,1,0,0,0,0,0,800718,2648,5827875,416
138596,11,11,11020412,11200411,2020,5,12,2,3,6,2,0,0,1,1,0,0,0,1,805725,4725,5831358,498
138597,11,4,4030828,4300624,2020,5,19,2,3,2,6,0,0,1,0,0,0,0,1,792857,83,5826614,63
138598,11,10,10020413,10200420,2020,5,17,2,3,5,2,0,1,1,0,0,0,0,0,811829,957,5830490,133
138599,11,9,9010202,9100203,2020,5,9,5,3,2,6,0,0,1,0,0,1,0,0,804148,5491,5822934,111
138600,11,7,7010101,7100101,2020,5,20,2,3,0,1,1,0,0,0,1,0,0,1,794597,307,5824872,488
138601,11,1,1011102,1100102,2020,5,16,2,1,8,1,0,1,0,0,0,0,0,0,796787,3064,5828064,665
138602,11,4,4030827,4300623,2020,5,18,3,3,2,6,0,0,1,0,0,0,0,0,792689,2355,5826111,86
138603,11,1,1033102,1300733,2020,5,16,2,3,5,2,0,1,1,0,0,0,0,0,797649,5347,5831843,198
138604,11,9,9031101,9301126,2020,5,7,3,3,6,4,0,1,0,1,0,0,0,0,811558,108,5817345,472
138605,11,2,2020201,2200207,2020,5,20,7,3,5,2,1,1,1,0,0,0,0,0,796768,304,5826034,349
138606,11,3,3020307,3200309,2020,5,18,7,2,8,1,0,0,0,0,1,0,0,0,800237,9446,5836500,842
138607,11,3,3040818,3400830,2020,5,16,2,2,6,4,0,0,1,1,0,0,0,1,799614,414,5833319,589
138608,11,9,9051901,9501939,2020,5,15,2,3,5,3,0,0,1,0,0,0,0,1,810984,7894,5821728,45
138609,11,7,7010104,7100205,2020,5,8,2,3,0,1,0,0,0,0,1,0,0,1,796337,5905,5824936,307
138610,11,11,11030618,11300618,2020,5,10,2,3,5,2,0,1,1,0,0,0,0,1,802433,6748,5828907,21
138611,11,12,12231102,12400721,2020,5,12,6,3,6,4,0,0,1,1,0,0,0,0,790894,884,5841235,995
138612,11,1,1011204,1100207,2020,5,9,2,3,1,5,0,1,1,0,0,0,0,0,798356,7384,5826693,501
138613,11,3,3061228,3601245,2020,5,8,2,3,0,7,0,1,0,0,0,0,0,0,800832,924,5830563,316
138614,11,1,1044101,1400938,2020,5,20,7,2,6,4,0,0,0,1,1,0,0,0,793984,7362,5830188,853
138615,11,4,4030931,4501042,2020,5,22,4,3,1,5,2,0,1,0,0,0,0,0,793575,7026,5825452,73
138616,11,2,2030302,2300315,2020,5,13,7,2,0,1,0,1,0,0,0,0,0,0,800151,1732,5825759,533
138617,11,2,2050803,2500835,2020,5,8,2,3,2,6,0,0,1,0,0,0,1,1,802913,6493,5825953,925
138618,11,7,7070706,7601547,2020,5,14,3,3,1,5,0,1,1,0,0,0,0,0,800014,9865,5812800,63
138619,11,1,1022104,1200520,2020,5,18,7,3,3,6,0,1,1,0,0,0,0,0,794575,1794,5828691,139
138620,11,8,8020622,8200727,2020,5,10,6,3,5,2,0,1,1,0,0,0,0,0,801299,511,5819621,43
138621,11,8,8041037,8401243,2020,5,8,2,3,0,4,0,0,1,1,0,0,0,0,805661,8648,5817020,205
138622,11,12,12214125,12200412,2020,5,13,1,3,2,6,0,0,1,0,0,0,0,0,789348,7767,5833662,275
138623,11,6,6040810,6400844,2020,5,18,5,3,2,6,0,0,1,0,0,0,0,0,792556,4567,5821656,583
138624,11,8,8010509,8100521,2020,5,19,2,3,6,4,0,0,1,1,0,0,0,1,803859,1187,5822153,543
138625,11,6,6020302,6200312,2020,5,17,1,3,6,4,0,0,1,1,0,0,0,0,794256,576,5819375,968
138626,11,8,8010214,8100209,2020,5,15,7,3,0,3,0,0,1,0,1,0,0,0,801579,8583,5822305,854
138627,11,11,11040926,11400931,2020,5,17,6,3,4,6,0,1,0,0,0,0,0,0,805827,117,5827151,1
138628,11,5,5010209,5100211,2020,5,16,1,3,5,3,0,0,1,0,0,0,0,0,781905,5299,5829564,557
138629,11,1,1044103,1400942,2020,5,15,1,3,6,4,0,0,1,1,0,0,0,0,795141,4142,5830737,444
138630,11,10,10010102,10100104,2020,5,19,5,3,1,5,0,0,1,0,1,0,0,0,809912,2884,5833744,318
138631,11,6,6010205,6100205,2020,5,11,1,3,2,2,0,1,1,0,0,0,0,0,795515,1217,5819614,265
138632,11,2,2030302,2300316,2020,5,0,1,3,5,3,2,0,1,0,0,0,0,1,801437,3177,5826070,223
138633,11,10,10030724,10300731,2020,5,16,4,3,5,3,0,0,1,0,0,0,1,0,809120,1642,5829711,674
138634,11,5,5020523,5200528,2020,5,13,7,3,5,2,0,1,1,0,0,0,0,0,782385,9626,5827030,266
138635,11,2,2030302,2300316,2020,5,13,1,3,5,2,0,1,1,0,0,0,0,0,801470,657,5826032,482
138636,11,6,6020301,6200311,2020,5,8,3,2,0,6,0,0,0,0,0,1,1,0,796542,3345,5818351,945
138637,11,4,4030725,4300416,2020,5,16,6,3,6,6,0,1,0,1,0,0,0,0,791334,5502,5825958,452
138638,11,8,8010406,8100419,2020,5,19,6,3,5,7,0,0,1,0,0,0,0,0,801882,7998,5824409,569
138639,11,5,5020417,5200420,2020,5,13,1,3,1,5,0,0,1,0,0,0,0,0,781884,771,5828592,516
138640,11,6,6040809,6400843,2020,5,12,1,3,0,1,0,1,0,0,0,0,0,0,792217,3204,5820714,652
138641,11,5,5030832,5300839,2020,5,14,5,3,2,6,0,0,1,0,0,0,0,0,788129,13,5830424,693
138642,11,5,5020417,5200420,2020,5,11,1,3,5,3,0,1,1,0,0,0,0,0,783571,5295,5828661,555
138643,11,8,8041037,8401243,2020,5,12,4,2,6,4,0,0,1,1,0,0,0,0,805094,7753,5817928,436
138644,11,12,12302110,12601235,2020,5,22,6,3,0,7,2,1,0,0,0,0,0,0,795080,2322,5835862,849
138645,11,7,7030301,7300517,2020,5,9,7,2,5,2,0,1,1,0,0,0,0,0,793940,4335,5822505,724
138646,11,9,9051702,9501737,2020,5,7,1,3,9,1,0,0,1,0,0,0,0,0,814172,6766,5821924,609