OBJECTID,LAND,BEZ,LOR,LOR_ab_2021,UJAHR,UMONAT,USTUNDE,UWOCHENTAG,UKATEGORIE,UART,UTYP1,ULICHTVERH,IstRad,IstPKW,IstFuss,IstKrad,IstGkfz,IstSonstige,USTRZUSTAND,LINREFX,LINREFY,XGCSWGS84,YGCSWGS84
138647,11,6,6010208,6100208,2020,5,15,4,3,6,4,0,1,0,1,0,0,0,0,793902,9351,5820575,517
138648,11,12,12214422,12200310,2020,5,19,6,3,2,2,0,0,1,0,0,0,1,0,792245,1079,5833320,382
138649,11,2,2010103,2100104,2020,5,14,1,3,5,3,0,1,1,0,0,0,0,0,799343,1557,5826192,384
138650,11,8,8010303,8100314,2020,5,22,7,2,5,3,2,0,1,0,0,0,1,1,801070,2866,5824001,568
138651,11,4,4030620,4300619,2020,5,16,2,3,5,3,0,0,1,0,1,0,0,1,792842,7684,5827220,261
138652,11,3,3061228,3601245,2020,5,21,7,3,5,3,2,1,1,0,0,0,0,1,800218,232,5831193,1
138653,11,2,2010101,2100101,2020,5,15,6,3,3,6,0,0,1,0,1,0,0,0,797865,1126,5825573,186
138654,11,1,1011301,1100308,2020,5,17,6,3,1,5,0,1,1,0,0,0,0,0,797402,8326,5828685,668
138655,11,7,7030301,7300517,2020,5,12,7,3,5,3,0,0,1,0,0,0,0,1,793981,702,5822279,161
138656,11,1,1033202,1300835,2020,5,16,7,3,2,6,0,0,1,0,0,0,0,0,797557,9914,5830113,302
138657,11,6,6030501,6300524,2020,5,12,5,3,2,2,0,0,1,0,1,0,0,0,787515,5513,5817400,281
138658,11,1,1044101,1400937,2020,5,19,2,3,5,2,0,0,1,0,0,0,0,1,793972,8723,5832033,138
138659,11,8,8010118,8100104,2020,5,13,7,3,1,5,0,1,1,0,0,0,0,0,800723,6435,5822857,946
138660,11,1,1011101,1100101,2020,5,7,4,3,0,2,0,1,1,0,0,0,0,0,794582,359,5826069,503
138661,11,2,2020203,2200208,2020,5,22,6,3,0,1,2,1,0,0,0,0,0,0,797801,3323,5824910,485
138662,11,10,10030724,10300731,2020,5,18,7,2,5,3,1,0,1,0,0,0,1,0,809638,3939,5829695,582
138663,11,9,9051901,9501939,2020,5,13,7,3,2,6,0,0,1,0,0,0,0,0,810436,609,5821243,85
138664,11,1,1011306,1100313,2020,5,14,2,3,5,3,0,1,1,0,0,0,0,1,800062,7935,5826416,979
138665,11,3,3030711,3300514,2020,5,10,2,3,0,7,0,0,1,0,0,0,0,1,801613,5291,5836187,534
138666,11,2,2010103,2100104,2020,5,12,7,3,5,3,0,1,1,0,0,0,0,1,799326,9125,5826235,581
138667,11,11,11020515,11200514,2020,5,13,6,2,5,3,0,0,1,0,1,0,0,0,803446,6526,5830133,128
138668,11,6,6020410,6200422,2020,5,12,7,3,6,7,0,1,0,1,0,0,0,0,794220,7,5817537,539
138669,11,11,11041128,11401135,2020,5,9,7,3,0,3,0,1,0,0,0,0,1,0,805526,228,5825987,951
138670,11,7,7060601,7601236,2020,5,14,2,3,0,1,0,0,0,0,1,0,0,1,797135,7883,5817017,7
138671,11,12,12214527,12200515,2020,5,10,2,2,6,2,0,0,1,1,0,0,0,1,790372,2494,5834885,678
138672,11,10,10010308,10100311,2020,5,13,7,3,2,6,0,0,1,0,0,0,0,1,806569,8286,5827988,214
138673,11,12,12214527,12200515,2020,5,7,6,3,5,2,0,1,0,0,0,1,0,0,790608,3527,5834475,73
138674,11,3,3061332,3601348,2020,5,14,7,3,0,6,0,0,1,0,1,0,0,1,799843,3279,5830802,774
138675,11,7,7020202,7200308,2020,5,11,7,2,5,3,0,0,1,0,0,0,0,1,794828,6372,5823178,153
138676,11,1,1011303,1100310,2020,5,14,5,3,0,1,0,1,0,0,0,0,0,0,799609,9813,5828510,543
138677,11,9,9020701,9200715,2020,5,15,7,3,2,6,0,0,1,0,0,0,0,1,808616,4089,5819192,284
138678,11,6,6030502,6300525,2020,5,13,3,3,5,3,0,1,1,0,0,0,0,0,788987,2803,5816093,577
138679,11,5,5010311,5100313,2020,5,21,6,3,2,7,2,0,1,0,0,0,0,0,785961,2445,5830417,55
138680,11,2,2020204,2200210,2020,5,17,7,3,2,6,0,1,0,0,0,0,0,0,798278,28,5825307,329
138681,11,7,7040405,7400927,2020,5,16,7,3,2,2,0,0,1,0,0,0,0,1,797996,4438,5820848,82
138682,11,9,9051901,9501939,2020,5,18,1,3,0,2,0,1,1,0,0,0,0,0,810776,4892,5821266,276
138683,11,5,5020419,5200423,2020,5,16,7,3,2,6,0,0,1,0,0,0,0,0,781474,3019,5828409,369
138684,11,3,3040818,3400826,2020,5,11,6,2,5,3,0,0,1,0,0,0,0,0,798936,7218,5832601,53
138685,11,10,10010311,10100316,2020,5,17,7,3,0,7,0,0,1,0,0,0,1,0,810319,279,5831796,998
138686,11,7,7030303,7300619,2020,5,18,7,3,5,3,0,0,1,0,0,0,0,1,795988,384,5822763,411
138687,11,8,8010404,8100415,2020,5,20,4,3,5,2,1,1,1,0,0,0,0,0,801644,6516,5823758,831
138688,11,5,5040937,5400944,2020,5,20,6,2,0,1,1,1,0,0,0,0,0,0,781339,7863,5820475,392
138689,11,3,3040508,3400618,2020,5,3,7,3,6,6,2,0,1,1,0,0,0,0,795760,5774,5836274,369
138690,11,9,9051901,9501940,2020,5,14,6,3,2,6,0,0,1,0,0,0,0,0,811178,6551,5821572,76
138691,11,11,11020412,11200411,2020,5,18,6,2,0,1,0,0,1,0,1,0,0,0,805050,9228,5831216,351
138692,11,12,12301204,12500927,2020,5,2,5,2,0,1,2,0,1,0,0,0,0,0,793055,3671,5836538,248
138693,11,4,4030519,4300518,2020,5,15,6,3,3,6,0,1,0,0,0,0,1,0,791357,6744,5828713,944
138694,11,7,7010102,7100103,2020,5,20,6,3,0,6,2,0,1,0,1,0,0,1,795630,608,5824975,108
138695,11,7,7010102,7100102,2020,5,17,3,3,5,5,0,0,1,0,1,0,0,0,795235,6454,5824967,257
138696,11,5,5020419,5200423,2020,5,15,6,2,5,2,0,0,1,0,0,0,0,0,780873,5973,5828324,105
138697,11,12,12214424,12200309,2020,5,13,6,3,5,2,0,1,1,0,0,0,0,0,793117,4331,5832637,846
138698,11,9,9051702,9501737,2020,5,15,6,3,5,2,0,0,1,0,0,0,0,0,816062,6857,5822760,451
138699,11,9,9051901,9501939,2020,5,10,6,3,3,6,0,0,1,0,1,0,0,0,809674,6083,5821537,485
138700,11,1,1044102,1400939,2020,5,21,5,3,0,1,2,1,0,0,0,0,0,0,795261,1438,5831728,258
138701,11,3,3040513,3400620,2020,5,2,6,3,8,7,2,0,1,0,0,0,0,0,796806,907,5833953,78
138702,11,11,11040925,11400927,2020,5,23,6,3,6,7,2,1,0,1,0,0,0,0,803712,7889,5826310,986
138703,11,5,5020625,5200629,2020,5,14,4,3,5,3,0,1,0,0,0,0,1,0,784697,6416,5828599,58
138704,11,5,5020629,5200634,2020,5,15,6,3,2,6,0,0,1,0,0,0,0,0,785048,5854,5826293,19
138705,11,9,9041501,9401534,2020,5,17,1,3,2,6,0,0,1,0,0,0,0,0,811362,5462,5820103,101
138706,11,6,6010102,6100102,2020,5,22,6,3,0,1,2,0,0,0,1,0,0,1,793683,9011,5820649,551
138707,11,8,8041036,8401242,2020,5,7,3,3,5,3,0,0,1,0,0,0,0,0,804630,3878,5816380,791
138708,11,8,8010404,8100417,2020,5,15,6,3,5,3,0,0,1,0,0,0,0,0,802463,8735,5822870,455
138709,11,2,2020206,2200212,2020,5,18,6,3,2,6,0,0,1,0,0,0,0,0,799991,7488,5824444,722
138710,11,3,3050919,3500932,2020,5,16,6,2,7,7,0,1,0,0,0,0,0,0,800845,4636,5832335,566
138711,11,5,5010339,5100317,2020,5,10,3,3,2,6,0,0,1,0,0,0,0,0,786462,4824,5828442,398
138712,11,9,9051701,9501736,2020,5,13,6,3,3,6,0,1,0,0,0,0,0,0,812308,3976,5821343,54
138713,11,9,9010301,9100304,2020,5,9,6,3,5,2,0,1,1,0,0,0,0,0,804531,5583,5822523,307
138714,11,7,7040406,7400928,2020,5,19,6,3,2,6,0,0,1,0,1,0,0,0,800254,5871,5821578,282
138715,11,1,1044102,1400939,2020,5,17,6,3,6,4,0,0,1,1,0,0,0,0,795253,4052,5831718,812
138716,11,6,6020409,6200421,2020,5,16,5,3,3,2,0,0,1,0,1,0,0,0,793081,2771,5816627,836
138717,11,6,6040703,6400737,2020,5,16,6,2,1,5,0,1,1,0,0,0,0,0,785363,5034,5818291,81
138718,11,6,6030501,6300524,2020,5,15,6,3,4,6,0,1,1,0,0,0,0,0,787560,5322,5816264,815
138719,11,12,12214424,12200309,2020,5,12,4,3,5,7,0,0,0,0,1,0,1,0,792524,6063,5833026,886
138720,11,2,2050802,2500833,2020,5,12,6,3,0,7,0,0,1,0,1,0,0,1,802471,456,5827177,988
138721,11,5,5030731,5300737,2020,5,13,1,3,0,5,0,0,1,0,1,0,0,0,787228,7037,5830343,475
138722,11,1,1044202,1401046,2020,5,14,6,3,6,4,0,0,1,1,0,0,0,0,795040,151,5829937,148
138723,11,10,10020517,10200524,2020,5,14,2,3,6,4,0,0,1,1,0,0,0,0,812305,107,5830610,82
138724,11,12,12214421,12200307,2020,5,13,6,3,5,2,0,1,1,0,0,0,0,0,793249,8187,5833866,977
138725,11,4,4020208,4200206,2020,5,12,6,3,5,2,0,1,1,0,0,0,0,0,786955,6004,5825630,172
138726,11,12,12301203,12500926,2020,5,14,6,3,0,1,0,0,0,0,1,0,0,0,792881,557,5835208,466
138727,11,7,7040404,7400826,2020,5,4,6,2,9,1,2,0,1,0,0,0,0,0,796403,9584,5819731,942
138728,11,9,9051702,9501737,2020,5,11,6,2,0,1,0,1,0,0,0,0,0,0,814206,7404,5821708,84
138729,11,8,8020620,8200624,2020,5,12,5,3,2,6,0,0,1,0,0,0,1,0,801392,5972,5820254,867
138730,11,1,1044203,1401048,2020,5,17,6,2,0,1,0,0,0,0,1,0,0,0,795370,4278,5831533,334
138731,11,2,2040701,2400623,2020,5,19,3,3,5,2,0,1,1,0,0,0,0,0,800576,7008,5827015,5
138732,11,3,3020307,3200309,2020,4,9,5,3,6,7,0,0,1,1,0,0,0,1,800157,9494,5837983,432
138733,11,1,1033102,1300733,2020,5,14,5,3,2,6,0,0,0,0,0,0,1,0,797210,1523,5831915,66
138734,11,5,5010311,5100313,2020,4,14,5,3,2,6,0,0,1,0,0,0,0,1,786012,2781,5830447,292
138735,11,3,3061441,3601453,2020,5,10,4,3,5,3,0,0,1,0,0,0,0,0,802931,4403,5828619,448
138736,11,12,12214125,12200412,2020,5,11,6,3,5,3,0,1,1,0,0,0,0,0,790134,793,5833685,988
138737,11,4,4030417,4300414,2020,5,2,7,3,1,5,2,1,1,0,0,0,0,0,791705,3512,5827377,742
138738,11,4,4030726,4500936,2020,4,14,5,3,5,2,0,1,1,0,0,0,0,1,791958,17,5825248,17
138739,11,3,3020209,3200206,2020,5,21,1,3,5,3,2,0,1,0,0,0,1,0,797897,4585,5834639,842
138740,11,5,5010103,5100105,2020,5,11,2,2,7,7,0,0,1,0,0,0,0,1,784499,9145,5831406,646
138741,11,10,10030727,10300734,2020,4,15,5,2,5,3,0,1,1,0,0,0,0,0,809399,7513,5825604,444
138742,11,4,4030725,4300416,2020,5,14,6,2,5,2,0,1,1,0,0,0,0,0,791925,3599,5826232,701
138743,11,11,11010205,11100204,2020,5,17,2,2,6,4,0,0,0,1,0,0,1,1,805781,8682,5833582,842
138744,11,4,4051653,4501152,2020,4,15,5,3,2,6,0,0,1,0,1,0,0,1,793976,6675,5824693,999
138745,11,1,1011301,1100308,2020,4,15,5,3,5,3,0,1,1,0,0,0,0,1,796350,3082,5829441,538
138746,11,7,7010102,7100102,2020,5,10,5,3,6,7,0,0,0,1,0,1,0,0,795202,8786,5825583,619
138747,11,12,12214424,12200309,2020,5,17,2,3,5,2,0,1,0,0,0,0,1,0,793152,56,5832636,139
138748,11,4,4030930,4501041,2020,4,15,5,3,5,3,0,1,1,0,0,0,0,1,792849,72,5825770,312
138749,11,1,1044103,1400942,2020,5,19,3,3,2,2,0,0,1,0,0,0,0,0,794489,1166,5830676,523
138750,11,5,5010209,5100211,2020,5,11,6,2,0,6,0,0,1,0,1,0,0,0,783420,5519,5829187,98
138751,11,1,1033203,1300836,2020,5,12,7,3,2,6,0,0,1,0,0,0,1,0,796565,4855,5830500,828
138752,11,7,7070701,7601442,2020,4,15,5,2,5,2,0,0,1,0,0,0,0,1,798708,726,5816017,768
138753,11,12,12214421,12200307,2020,4,14,5,3,2,2,0,0,1,0,0,0,0,1,793385,363,5833154,983
138754,11,8,8010510,8100521,2020,5,15,3,3,3,6,0,0,1,1,0,1,0,0,802343,2312,5822093,207
138755,11,8,8010118,8100104,2020,5,16,5,3,6,4,0,0,1,1,0,0,0,0,800740,367,5822813,521
138756,11,5,5030730,5300736,2020,5,20,3,3,6,4,1,0,1,1,0,0,0,0,787039,1406,5830361,151
138757,11,6,6020410,6200422,2020,5,10,4,2,5,3,0,1,1,0,0,0,0,0,794502,879,5817197,113
138758,11,8,8020622,8200727,2020,5,12,2,3,5,3,0,0,1,0,0,0,0,1,801315,423,5819540,193
138759,11,7,7060604,7601341,2020,5,16,4,3,0,1,0,1,0,0,0,0,0,0,797619,8312,5815536,105
138760,11,9,9010202,9100203,2020,5,16,4,3,5,3,0,0,0,0,1,0,0,0,804141,7307,5822927,7
138761,11,7,7070703,7601544,2020,5,18,7,2,0,7,0,1,0,0,0,0,0,0,799727,905,5813527,556
138762,11,8,8010118,8100105,2020,5,15,3,3,1,7,0,0,1,1,0,0,0,0,800999,1591,5822173,141
138763,11,5,5020627,5200632,2020,5,13,7,2,3,6,0,0,1,0,0,0,0,0,785718,7323,5828022,272
138764,11,4,4030518,4300517,2020,5,19,3,2,5,2,0,1,1,0,0,0,0,0,791472,4995,5828291,553
138765,11,8,8020621,8200725,2020,5,15,3,3,2,6,0,1,1,0,0,0,0,0,800267,8612,5819688,306
138766,11,10,10020414,10200421,2020,5,16,6,2,6,4,0,0,1,1,0,0,0,0,812264,9529,5830690,593
138767,11,6,6020303,6200313,2020,5,18,5,3,3,6,0,1,1,0,0,0,0,0,795691,1243,5818965,79
138768,11,2,2040702,2400624,2020,5,14,3,3,2,2,0,0,1,0,1,0,0,0,801478,1725,5827277,883
138769,11,4,4030930,4501041,2020,5,16,2,3,0,4,0,1,0,1,0,0,0,0,792959,4603,5825627,993
138770,11,12,12103218,12100205,2020,5,13,5,3,5,3,0,1,1,0,0,0,0,0,794893,7717,5833871,422
138771,11,4,4051446,4501043,2020,5,16,4,3,5,2,0,1,1,0,0,0,0,0,792927,5561,5825024,955
138772,11,5,5010103,5100105,2020,5,22,1,3,5,3,2,0,1,0,0,0,0,1,784589,946,5831095,726
138773,11,7,7040401,7400721,2020,5,7,4,3,0,7,0,0,1,0,0,0,1,0,797018,1189,5823301,9
138774,11,9,9041501,9401534,2020,5,12,7,3,2,6,0,0,1,0,0,0,0,0,811362,5613,5820103,259
138775,11,3,3030715,3300516,2020,5,0,6,3,0,1,2,1,0,0,0,0,0,0,800563,324,5832871,69
138776,11,9,9020501,9200510,2020,5,15,3,3,8,7,0,1,1,0,0,0,0,0,805861,29,5823703,45
138777,11,11,11051331,11501340,2020,5,10,2,3,0,6,0,1,1,0,0,0,0,0,807251,8062,5824281,809
138778,11,5,5010206,5100208,2020,5,14,4,2,5,7,0,0,1,0,1,0,0,0,782131,2811,5830547,398
138779,11,10,10040933,10400941,2020,5,16,7,3,5,3,0,0,1,0,0,0,0,0,812722,7868,5824262,651
138780,11,8,8020622,8200726,2020,5,1,7,3,2,6,2,0,1,0,0,0,0,1,802487,8061,5820675,572
138781,11,11,11030721,11300722,2020,5,17,3,3,2,6,0,0,1,0,0,0,0,0,803880,9848,5827874,399
138782,11,12,12214421,12200307,2020,5,15,3,3,0,7,0,0,0,0,1,0,1,1,793418,1129,5833369,845
138783,11,6,6030609,6300633,2020,5,14,6,3,5,2,0,1,1,0,0,0,0,0,793257,325,5819088,495
138784,11,5,5020628,5200633,2020,5,14,5,3,5,2,0,0,1,0,0,0,0,0,783760,5,5826933,541
138785,11,7,7020203,7200409,2020,5,12,7,3,0,6,0,1,0,0,0,0,0,0,795531,2766,5824330,765
138786,11,4,4010101,4100101,2020,5,14,3,3,5,3,0,0,1,0,0,0,0,0,791291,296,5830682,874
138787,11,1,1022206,1200628,2020,5,17,2,3,6,4,0,1,0,1,0,0,0,0,796350,5204,5828583,487
138788,11,1,1044101,1400938,2020,5,12,5,3,2,3,0,0,1,0,1,0,0,0,794139,3072,5831098,892
138789,11,5,5020417,5200420,2020,5,16,4,3,2,6,0,0,1,0,0,0,0,0,783417,3252,5828616,367
138790,11,7,7070703,7601544,2020,5,13,1,3,4,1,0,0,1,0,0,0,0,1,798689,7468,5814477,235
138791,11,9,9031202,9301228,2020,5,16,4,2,0,7,0,0,1,0,0,1,0,0,816594,995,5812976,76
138792,11,6,6010206,6100206,2020,5,8,6,2,2,6,0,1,0,0,0,0,0,0,794282,8842,5819446,938
138793,11,4,4010102,4100101,2020,5,18,6,3,5,2,0,0,1,0,0,0,0,0,793341,186,5829717,405
138794,11,4,4051447,4501044,2020,5,14,3,3,5,3,0,1,1,0,0,0,0,0,793363,27,5824936,995
138795,11,8,8020619,8200623,2020,5,14,3,3,0,2,0,1,1,0,0,0,0,0,802822,5338,5820820,178
138796,11,8,8010510,8100521,2020,5,10,5,3,5,7,0,0,1,0,0,0,0,0,803315,8668,5821649,898
138797,11,1,1011306,1100313,2020,5,20,3,3,2,2,0,0,1,0,0,0,0,0,799981,4814,5826928,971
138798,11,9,9052001,9502043,2020,5,10,4,2,5,3,0,1,1,0,0,0,0,0,810363,6782,5822669,175
138799,11,12,12214421,12200307,2020,5,14,3,3,0,7,0,0,0,0,1,0,1,1,793398,8725,5833244,342
138800,11,10,10010309,10100312,2020,5,15,2,3,2,6,0,0,1,0,0,0,0,1,807841,8946,5830175,553
138801,11,4,4051655,4501153,2020,5,20,4,3,5,3,1,0,1,0,1,0,0,0,794310,3148,5823912,288
138802,11,1,1044202,1401046,2020,5,12,3,3,2,6,0,0,1,0,0,0,1,0,794989,9031,5830283,871
138803,11,4,4030827,4300623,2020,5,12,5,2,1,5,0,1,1,0,0,0,0,0,792020,734,5826460,964
138804,11,1,1011301,1100308,2020,5,10,5,3,0,1,0,0,0,0,1,0,0,0,796996,1602,5829382,875
138805,11,2,2050802,2500833,2020,5,18,7,3,5,7,0,0,1,0,1,0,0,0,802516,7914,5827262,138
138806,11,3,3040513,3400620,2020,5,11,3,3,6,7,0,0,1,1,0,0,0,0,796620,3935,5834176,11
138807,11,4,4031032,4500938,2020,5,8,2,3,6,2,0,0,1,1,0,0,0,0,791587,585,5825066,994
138808,11,4,4010102,4100101,2020,5,8,5,3,5,2,0,0,1,0,0,0,1,0,793353,276,5829678,31
138809,11,3,3040508,3400618,2020,5,16,4,2,6,4,0,0,1,1,0,0,0,0,795870,757,5836440,513
138810,11,7,7020203,7200411,2020,5,0,7,2,6,4,2,0,1,1,0,0,0,1,795966,4395,5824532,73
138811,11,9,9041501,9401534,2020,5,14,4,3,5,3,0,0,1,0,0,1,0,0,811002,2454,5820318,803
138812,11,12,12214125,12200414,2020,5,11,6,3,2,6,0,0,1,0,0,0,0,0,788048,3526,5831012,142
138813,11,1,1044202,1401047,2020,5,21,6,3,2,6,1,0,1,0,0,0,0,1,795554,6351,5830733,127
138814,11,12,12302107,12601236,2020,5,10,3,3,0,3,0,0,1,0,1,0,0,0,794184,6192,5836203,314
138815,11,5,5040934,5400942,2020,5,9,3,3,1,6,0,1,1,0,0,0,1,0,784001,324,5823226,891
138816,11,7,7040404,7400826,2020,5,5,5,2,0,6,0,0,1,0,1,0,0,0,796994,144,5820360,515
138817,11,10,10020621,10200628,2020,5,20,3,3,5,3,0,1,1,0,0,0,0,0,811702,5103,5829892,66
138818,11,8,8010115,8100102,2020,5,17,4,3,5,3,0,1,1,0,0,0,0,0,799853,1733,5823654,169
138819,11,1,1011304,1100311,2020,5,13,2,3,2,6,0,0,1,0,0,0,1,1,800126,3571,5827357,968
138820,11,11,11030721,11300724,2020,5,17,4,3,2,6,0,0,1,0,1,0,0,0,804620,946,5827640,954
138821,11,3,3030715,3300516,2020,5,14,4,3,5,3,0,1,1,0,0,0,0,0,800337,6581,5833771,74
138822,11,4,4010102,4100101,2020,5,9,3,3,5,2,0,0,1,0,0,0,0,0,793341,3024,5829716,812
138823,11,10,10040931,10400938,2020,5,13,7,3,2,6,0,0,1,0,0,0,0,0,813185,3622,5828868,16
138824,11,2,2020204,2200210,2020,5,20,3,3,5,3,0,0,1,0,0,0,0,0,798424,9884,5824768,379
138825,11,6,6040804,6400838,2020,5,15,4,3,5,2,0,1,1,0,0,0,0,0,788378,6283,5819139,419
138826,11,1,1011306,1100313,2020,5,19,7,3,3,6,0,1,1,0,0,0,0,0,799844,75,5826537,582
138827,11,7,7010102,7100102,2020,5,11,4,3,5,7,0,0,1,0,0,0,0,0,795445,76,5825670,97
138828,11,6,6040703,6400737,2020,5,7,6,2,5,2,0,1,1,0,0,0,0,0,787769,744,5821679,917
138829,11,10,10010204,10100206,2020,5,16,6,3,5,2,0,1,0,0,0,0,1,0,809674,446,5833230,17
138830,11,10,10010207,10100210,2020,5,13,3,3,5,3,0,1,1,0,0,0,0,0,808968,219,5831698,923
138831,11,4,4030621,4300620,2020,5,8,3,3,5,2,0,1,0,0,0,0,0,0,793193,7661,5827783,51
138832,11,10,10010309,10100312,2020,5,16,5,3,5,2,0,1,1,0,0,0,0,0,807934,6072,5829198,169
138833,11,3,3020209,3200205,2020,5,19,3,3,5,3,0,1,1,0,0,0,0,0,797429,74,5835037,436
138834,11,12,12301206,12500929,2020,5,10,4,3,5,3,0,1,1,0,0,0,0,0,794741,7021,5838685,52
138835,11,10,10010206,10100209,2020,5,11,2,3,2,6,0,0,1,0,0,0,0,0,809975,5512,5832063,413
138836,11,9,9020802,9200819,2020,5,16,4,3,5,3,0,1,0,0,0,0,1,0,810368,5336,5820336,127
138837,11,11,11030721,11300722,2020,5,17,7,3,5,2,0,1,1,0,0,0,0,0,803785,3743,5827703,101
138838,11,2,2020203,2200209,2020,5,8,3,3,5,7,0,0,1,0,1,0,0,0,797235,8628,5824001,387
138839,11,3,3040614,3400725,2020,5,11,7,3,5,3,0,0,1,0,1,0,0,0,799900,1656,5835627,76
138840,11,11,11030824,11300826,2020,5,18,3,3,9,1,0,0,1,0,1,0,0,0,803680,2171,5827465,166
138841,11,8,8041036,8401242,2020,5,7,3,3,5,3,0,1,1,0,0,0,0,0,804610,7044,5816576,172
138842,11,2,2020202,2200208,2020,5,15,6,3,5,3,0,1,1,0,0,0,0,0,797556,7671,5825153,32
138843,11,6,6040804,6400838,2020,5,17,5,2,0,1,0,0,0,0,1,0,0,0,787066,7807,5818444,86
138844,11,1,1011306,1100313,2020,5,23,7,3,5,3,2,0,1,0,0,0,0,0,799902,6124,5826514,19
138845,11,12,12304313,12500825,2020,5,6,3,3,1,5,0,1,1,0,0,0,0,0,791253,2093,5834364,555
138846,11,4,4030929,4501040,2020,5,20,2,3,1,5,1,1,1,0,0,0,0,0,792476,307,5825406,25
138847,11,5,5040937,5400944,2020,5,12,5,3,2,6,0,0,1,0,0,0,0,0,781810,3355,5819930,985
138848,11,8,8020728,8200833,2020,5,6,3,2,3,5,0,0,1,0,1,0,0,0,802073,286,5817670,99
138849,11,9,9010401,9100407,2020,5,20,6,3,5,3,0,0,1,0,0,0,0,0,806121,4474,5820098,667
138850,11,9,9051801,9501838,2020,5,22,5,3,0,1,2,1,0,0,0,0,0,0,818151,195,5820737,249
138851,11,10,10020413,10200418,2020,5,6,3,3,0,3,1,0,1,0,1,0,0,0,811312,9345,5831177,197
138852,11,6,6010103,6100103,2020,5,7,3,3,5,3,0,1,1,0,0,0,0,0,793882,1996,5821381,989
138853,11,6,6030605,6300629,2020,5,14,5,2,3,6,0,1,0,0,0,0,0,0,791430,22,5819078,643
138854,11,8,8020620,8200624,2020,5,8,4,3,2,6,0,0,1,0,0,0,0,0,800419,3678,5820549,394
138855,11,1,1033102,1300733,2020,5,9,2,3,2,6,0,1,0,0,0,0,0,0,797233,8781,5831913,917
138856,11,2,2030302,2300315,2020,5,8,4,3,5,2,0,1,1,0,0,0,0,0,800787,5296,5825815,253
138857,11,1,1011402,1100416,2020,5,14,7,3,1,5,0,1,1,0,0,0,0,0,798622,8088,5829352,458
138858,11,6,6020411,6200423,2020,5,11,6,3,0,4,0,1,0,1,0,0,0,0,793351,9964,5816256,819
138859,11,4,4051445,4500939,2020,5,15,3,3,5,2,0,1,1,0,0,0,0,0,792030,4163,5824085,771
138860,11,7,7060604,7601340,2020,5,5,3,3,5,3,0,0,1,0,0,0,1,0,796161,5242,5815922,829
138861,11,11,11010204,10100205,2020,5,13,6,3,5,3,0,1,1,0,0,0,0,0,807663,522,5833599,355
138862,11,6,6040701,6400735,2020,5,13,5,3,0,4,0,1,0,1,0,0,0,0,782029,2903,5815164,879
138863,11,6,6030610,6300634,2020,5,0,7,3,2,6,2,0,1,0,0,0,0,0,792264,8922,5817835,17
138864,11,8,8010115,8100102,2020,5,4,3,3,0,7,1,1,0,0,0,0,0,0,799427,2611,5823776,297
138865,11,4,4030415,4300412,2020,5,17,2,3,5,2,0,1,1,0,0,0,0,1,791403,446,5827477,565
138866,11,7,7040401,7400720,2020,5,10,5,3,5,3,0,0,1,0,0,0,0,0,797033,9307,5823574,726
138867,11,6,6010209,6100209,2020,5,15,4,3,1,5,0,0,1,0,0,0,0,0,793935,9152,5821028,23
138868,11,1,1011402,1100416,2020,5,19,1,3,0,1,1,0,0,0,1,0,0,1,798800,3865,5829708,392
138869,11,11,11051229,11501238,2020,5,13,4,3,0,2,0,1,0,0,0,1,0,0,805468,564,5824454,119
138870,11,9,9010301,9100304,2020,5,12,6,3,6,4,0,0,1,1,0,0,0,0,804898,89,5822518,968
138871,11,3,3030716,3300517,2020,5,19,4,3,5,3,0,1,1,0,0,0,0,0,803373,1492,5833510,493
138872,11,9,9052001,9502043,2020,5,16,1,3,2,6,0,0,1,0,0,0,0,1,811306,7788,5822450,94
138873,11,9,9010401,9100407,2020,5,6,4,3,1,5,0,1,1,0,0,0,0,0,804789,3234,5821614,491
138874,11,1,1011204,1100207,2020,5,9,7,3,5,3,0,0,1,0,0,0,0,0,798033,59,5826582,141
138875,11,12,12214422,12200310,2020,5,12,6,3,5,2,0,0,1,0,1,0,0,0,792313,8301,5833748,998
138876,11,9,9010301,9100304,2020,5,15,3,3,1,1,0,0,1,0,0,0,0,0,804556,615,5821707,621
138877,11,1,1011402,1100416,2020,5,9,3,3,0,1,0,1,0,0,0,0,0,0,798604,3714,5829316,603
138878,11,3,3071536,3701554,2020,5,8,5,3,0,1,0,1,0,0,0,0,0,0,799228,155,5829413,773
138879,11,4,4020310,4200308,2020,5,9,5,3,1,5,0,0,1,0,0,0,0,0,789994,2884,5827349,612
138880,11,1,1011302,1100309,2020,5,20,7,3,5,2,0,1,1,0,0,0,0,0,798858,9224,5828961,742
138881,11,7,7040405,7400927,2020,5,14,3,3,0,1,0,0,0,0,1,0,0,0,799082,4005,5820863,741
138882,11,1,1033202,1300835,2020,5,6,2,3,5,3,0,0,1,0,0,0,1,1,797403,3877,5830013,675