OBJECTID,LAND,BEZ,LOR,LOR_ab_2021,UJAHR,UMONAT,USTUNDE,UWOCHENTAG,UKATEGORIE,UART,UTYP1,ULICHTVERH,IstRad,IstPKW,IstFuss,IstKrad,IstGkfz,IstSonstige,USTRZUSTAND,LINREFX,LINREFY,XGCSWGS84,YGCSWGS84
138883,11,3,3061228,3601245,2020,5,10,4,3,5,2,0,1,1,0,0,0,0,0,800293,1085,5831595,723
138884,11,9,9010301,9100304,2020,5,16,4,3,2,6,0,0,1,0,0,0,0,0,804856,9516,5822453,885
138885,11,4,4051448,4501045,2020,5,20,7,2,5,7,1,1,1,0,0,0,0,0,794168,2856,5825307,15
138886,11,1,1033203,1300836,2020,5,12,4,3,5,3,0,0,1,0,0,0,0,0,796806,947,5831270,429
138887,11,10,10030724,10300731,2020,5,11,6,3,5,3,0,1,1,0,0,0,0,0,809061,554,5828645,354
138888,11,9,9020701,9200715,2020,5,15,6,3,5,2,0,1,1,0,0,0,0,0,809334,7806,5818491,173
138889,11,1,1044201,1401043,2020,5,13,3,3,3,6,0,0,1,0,1,0,0,0,795648,4435,5830876,479
138890,11,10,10010308,10100311,2020,5,13,2,1,5,2,0,1,0,0,0,1,0,0,806301,626,5830198,209
138891,11,9,9030901,9300920,2020,5,17,5,3,0,6,0,1,0,0,0,0,0,0,807929,6868,5816500,828
138892,11,7,7050506,7501135,2020,5,18,3,3,5,7,0,0,1,0,0,0,0,0,798266,47,5817111,593
138893,11,6,6030503,6300527,2020,5,11,4,3,3,6,0,1,0,0,0,1,0,0,790609,114,5817905,736
138894,11,2,2050802,2500834,2020,5,18,6,3,1,5,0,1,1,0,0,0,0,0,803127,9371,5826595,113
138895,11,3,3051022,3501038,2020,5,14,3,3,5,2,0,1,1,0,0,0,0,0,803316,8133,5831996,402
138896,11,4,4030621,4300620,2020,5,17,2,3,0,7,0,1,0,0,0,0,1,0,793898,6307,5826990,373
138897,11,8,8010303,8100314,2020,5,8,5,3,5,3,0,1,1,0,0,0,0,0,801098,5278,5823793,47
138898,11,8,8010404,8100415,2020,5,18,3,3,3,6,0,1,1,0,0,0,1,0,801932,875,5823540,962
138899,11,2,2040701,2400623,2020,5,20,4,3,5,3,1,1,1,0,0,0,0,0,800141,5634,5827349,357
138900,11,10,10010206,10100208,2020,5,15,2,3,5,2,0,0,1,0,0,0,0,0,808560,8685,5832400,325
138901,11,8,8010404,8100417,2020,5,18,4,3,2,6,0,0,1,0,0,0,0,0,802359,581,5823236,224
138902,11,12,12214424,12200309,2020,5,14,4,3,6,4,0,0,1,1,0,0,0,0,793033,7733,5832675,605
138903,11,5,5020523,5200528,2020,5,14,7,3,2,6,0,0,1,0,0,0,1,0,782487,5969,5827002,58
138904,11,9,9051702,9501737,2020,5,11,4,3,5,2,0,1,1,0,0,0,0,0,813761,912,5821738,85
138905,11,7,7040405,7400927,2020,5,10,4,3,3,6,0,1,0,0,0,0,1,0,798031,3336,5822213,859
138906,11,3,3061126,3601141,2020,5,0,6,3,0,1,2,1,0,0,0,0,0,0,799094,616,5831809,407
138907,11,11,11030720,11300721,2020,5,15,6,3,2,7,0,1,1,0,0,0,0,0,805151,1947,5829103,204
138908,11,8,8010118,8100105,2020,5,19,2,2,6,4,0,0,1,1,0,0,0,0,801073,1753,5821989,664
138909,11,11,11030824,11300826,2020,5,15,5,3,5,3,0,1,0,0,0,0,0,0,803974,8989,5827046,413
138910,11,1,1033101,1300732,2020,5,17,3,3,2,6,0,0,1,0,0,0,0,0,797195,7331,5832004,805
138911,11,1,1044202,1401047,2020,5,9,4,3,5,2,0,0,1,0,0,0,1,0,795571,1431,5830493,538
138912,11,5,5010207,5100209,2020,5,10,2,3,5,2,0,0,1,0,0,0,0,1,783688,1192,5830164,945
138913,11,9,9020602,9200614,2020,5,15,4,2,6,4,0,0,1,1,0,0,0,0,808418,573,5820877,47
138914,11,6,6040702,6400736,2020,5,13,4,3,2,6,0,1,0,0,0,0,0,0,786207,9962,5816044,218
138915,11,5,5020626,5200631,2020,5,16,7,3,0,3,0,0,1,0,0,0,1,0,784764,9833,5826957,234
138916,11,7,7020203,7200411,2020,5,13,2,3,5,2,0,1,1,0,0,0,0,1,795794,9751,5824116,163
138917,11,12,12302107,12601236,2020,5,17,4,3,0,6,0,0,1,1,0,0,0,0,794398,9391,5836270,76
138918,11,7,7030301,7300516,2020,5,13,4,3,6,2,0,0,1,1,0,0,0,0,793978,3799,5821552,324
138919,11,3,3061131,3601142,2020,5,14,4,3,6,4,0,0,1,1,0,0,0,0,799118,9255,5830551,181
138920,11,7,7070701,7601442,2020,5,18,7,3,0,5,0,0,1,0,0,0,1,0,798833,9842,5816074,306
138921,11,5,5010314,5100316,2020,5,19,2,3,2,2,0,1,1,0,0,0,0,0,784847,5859,5829237,623
138922,11,12,12301203,12500930,2020,5,13,7,3,5,2,0,0,1,0,0,0,0,0,793946,2063,5835296,111
138923,11,1,1011303,1100310,2020,5,20,3,2,1,5,1,1,0,0,0,0,1,0,799195,8247,5828673,849
138924,11,4,4031032,4500937,2020,5,19,2,3,2,7,0,0,1,0,1,0,0,0,791521,6141,5825096,252
138925,11,4,4010102,4100101,2020,5,17,6,3,5,2,0,0,1,0,0,0,0,0,791665,3577,5830679,34
138926,11,3,3050924,3500935,2020,5,21,5,3,0,1,0,1,0,0,0,0,0,0,801679,3735,5831381,597
138927,11,12,12304313,12500825,2020,5,15,2,3,1,5,0,0,1,0,0,0,0,0,791399,1451,5834431,57
138928,11,9,9051702,9501737,2020,5,7,3,2,5,3,0,1,1,0,0,0,0,0,815171,4853,5820959,84
138929,11,8,8010301,8100310,2020,5,13,5,3,5,3,0,1,1,0,0,0,0,0,800819,8511,5825028,788
138930,11,1,1044101,1400938,2020,5,7,4,3,0,1,0,0,0,0,1,0,0,0,794471,212,5829900,545
138931,11,4,4010102,4100101,2020,5,16,1,3,0,1,0,1,0,0,0,0,0,0,793387,6547,5829890,109
138932,11,12,12214422,12200310,2020,5,8,4,2,5,3,0,1,1,0,0,0,0,0,792230,18,5833717,3
138933,11,6,6040702,6400736,2020,5,13,4,3,3,7,0,1,0,0,0,0,0,0,786173,3571,5816025,287
138934,11,12,12231102,12400720,2020,5,14,7,3,6,4,0,1,0,1,0,0,0,0,790350,5464,5839376,889
138935,11,1,1044103,1400942,2020,5,3,6,2,6,4,2,0,0,1,0,0,1,0,794827,8339,5831009,583
138936,11,9,9020702,9200717,2020,5,13,3,3,5,3,0,1,1,0,0,0,0,0,809675,3091,5820507,316
138937,11,12,12214528,12400619,2020,5,18,2,3,2,6,0,0,1,0,0,0,0,0,787933,9306,5836257,777
138938,11,5,5010204,5100206,2020,5,14,5,2,5,2,0,0,1,0,1,1,0,0,781673,892,5831214,378
138939,11,9,9041301,9401329,2020,5,12,5,2,7,7,0,1,0,0,0,0,0,0,814748,515,5818533,687
138940,11,3,3050920,3500933,2020,5,1,7,2,8,1,2,0,0,0,0,0,1,0,802719,8343,5832383,469
138941,11,2,2020204,2200210,2020,5,2,7,3,0,1,2,1,0,0,0,0,0,1,798734,1806,5824694,611
138942,11,11,11030618,11300617,2020,5,13,3,3,5,2,0,1,1,0,0,0,0,0,803089,2327,5829538,17
138943,11,2,2040703,2400625,2020,5,9,2,3,2,6,0,0,1,0,0,0,0,0,801320,2967,5826461,798
138944,11,5,5020627,5200632,2020,5,14,6,3,0,3,0,1,1,0,0,0,0,0,785179,6799,5828322,25
138945,11,6,6040804,6400838,2020,5,15,5,2,0,7,0,1,1,0,0,0,0,0,787918,8695,5818902,875
138946,11,3,3040508,3400618,2020,5,14,7,3,0,4,0,0,0,1,0,1,0,0,796179,736,5836506,476
138947,11,12,12103220,12100206,2020,5,8,2,3,5,2,0,0,1,0,0,0,0,0,794437,927,5833821,64
138948,11,4,4030724,4300415,2020,5,17,2,3,5,5,0,1,1,0,0,0,0,1,790821,2794,5826159,838
138949,11,4,4041137,4400727,2020,5,12,5,3,5,3,0,0,1,0,0,0,0,0,791709,8042,5823762,226
138950,11,10,10020415,10200422,2020,5,18,4,3,5,2,0,0,1,0,0,0,0,0,812515,75,5831044,436
138951,11,1,1011202,1100206,2020,5,14,1,3,2,2,0,0,1,0,1,0,0,1,797159,5702,5827691,56
138952,11,7,7050503,7501031,2020,5,15,4,1,6,4,0,0,0,1,0,1,0,0,798357,7917,5820519,188
138953,11,8,8030830,8300935,2020,5,13,4,3,2,6,0,0,1,0,0,0,0,0,802935,5619,5817449,144
138954,11,2,2040701,2400623,2020,5,7,6,3,5,2,0,1,1,0,0,0,0,0,800316,8826,5827622,637
138955,11,12,12304313,12500825,2020,5,9,6,3,5,2,0,0,1,0,0,0,0,0,791915,9347,5834713,275
138956,11,4,4030931,4501042,2020,5,15,3,3,5,7,0,0,1,0,1,0,0,0,793918,6302,5825635,274
138957,11,4,4030620,4300619,2020,5,7,2,3,6,4,0,0,0,1,1,0,0,0,792617,4284,5827627,636
138958,11,10,10020413,10200420,2020,5,10,5,3,5,2,0,0,1,0,0,0,0,0,812011,7481,5830583,152
138959,11,7,7060604,7601339,2020,5,17,3,3,5,2,0,1,1,0,0,0,0,0,795817,1658,5816031,462
138960,11,6,6020409,6200421,2020,5,0,5,3,9,1,2,0,1,0,0,0,0,0,793474,59,5817735,588
138961,11,3,3061131,3601142,2020,5,17,2,3,0,3,0,1,1,0,0,0,0,0,798800,798,5831030,888
138962,11,1,1022106,1200522,2020,5,15,2,2,5,7,0,0,1,0,1,0,0,1,793854,5448,5828167,172
138963,11,12,12214125,12200412,2020,5,21,4,2,0,1,2,1,0,0,0,0,0,0,791302,2376,5834166,19
138964,11,3,3040508,3400618,2020,5,16,4,3,0,1,0,0,0,0,1,0,0,0,795871,7322,5836441,679
138965,11,12,12304314,12500824,2020,5,18,7,3,1,5,0,0,1,0,0,0,0,0,791327,5324,5836493,671
138966,11,6,6010206,6100206,2020,5,12,4,3,5,3,0,1,1,0,0,0,0,0,794709,9168,5819457,11
138967,11,10,10010310,10100313,2020,5,17,2,3,9,1,0,0,0,0,1,0,0,0,809418,4316,5831418,227
138968,11,9,9020501,9200510,2020,5,8,2,3,5,2,0,0,1,0,1,0,0,1,806368,5428,5822234,347
138969,11,3,3061430,3601450,2020,5,8,5,3,5,2,0,1,1,0,0,0,0,0,802333,8637,5829225,851
138970,11,1,1011303,1100310,2020,5,17,4,3,5,3,0,1,1,0,0,0,0,0,798645,804,5828136,554
138971,11,2,2040701,2400623,2020,5,16,1,3,5,2,0,1,1,0,0,0,0,1,801211,238,5827469,75
138972,11,4,4030929,4501040,2020,5,14,4,2,5,2,0,1,1,0,0,0,0,0,792628,8502,5825459,274
138973,11,11,11020513,11200512,2020,5,11,6,3,0,7,0,0,1,0,0,0,1,0,802895,765,5831170,792
138974,11,3,3050925,3500936,2020,5,21,6,3,0,1,2,0,0,0,1,0,0,0,802580,9348,5831570,55
138975,11,11,11040926,11400929,2020,5,10,3,3,5,3,0,1,1,0,0,0,0,0,805380,7058,5826729,609
138976,11,7,7050501,7501029,2020,5,20,2,3,2,6,1,0,1,0,1,0,0,0,797339,2342,5819381,854
138977,11,7,7040404,7400826,2020,5,7,5,3,2,6,0,0,1,0,0,0,0,0,796570,4416,5819906,358
138978,11,12,12304313,12500825,2020,5,17,3,3,5,3,0,0,0,0,1,1,0,0,791554,3274,5834393,837
138979,11,1,1011102,1100102,2020,5,20,4,2,0,1,0,0,0,0,1,0,0,0,795206,6546,5826830,949
138980,11,9,9020801,9200818,2020,5,13,2,3,8,1,0,0,0,0,1,0,0,1,809729,41,5820877,735
138981,11,9,9051901,9501939,2020,5,18,4,3,5,2,0,1,0,0,0,0,0,0,810763,2256,5821243,45
138982,11,5,5020629,5200634,2020,5,12,4,2,6,4,0,0,1,1,0,0,0,0,785568,6402,5826169,91
138983,11,3,3071537,3701556,2020,5,14,4,3,1,5,0,1,1,0,0,0,0,0,799746,4839,5829610,204
138984,11,5,5010206,5100208,2020,5,14,7,3,5,2,0,1,1,0,0,0,0,0,781215,8398,5830781,914
138985,11,5,5020626,5200631,2020,5,11,4,3,5,2,0,0,1,0,0,0,0,0,784758,352,5827277,902
138986,11,1,1022206,1200628,2020,5,8,4,3,0,6,0,1,0,0,0,1,0,0,796216,6527,5828476,351
138987,11,8,8010301,8100311,2020,5,20,6,3,1,5,0,1,1,0,0,0,0,0,800713,3444,5824367,12
138988,11,1,1033102,1300733,2020,5,12,6,3,5,2,0,1,0,0,0,1,0,0,797657,4353,5831889,663
138989,11,8,8020621,8200725,2020,5,9,6,3,2,2,0,0,1,0,1,1,0,0,800965,3595,5819499,172
138990,11,6,6040701,6400735,2020,5,17,6,3,2,5,0,1,1,0,0,0,1,0,784065,5609,5816132,867
138991,11,9,9030901,9300920,2020,5,13,3,2,5,3,0,0,1,0,1,0,0,0,807721,1025,5817907,72
138992,11,8,8020619,8200623,2020,5,17,2,3,1,5,0,1,1,0,0,0,0,0,801772,738,5821074,25
138993,11,10,10040828,10400835,2020,5,16,5,3,0,5,0,0,1,0,0,0,1,0,812617,4263,5828552,455
138994,11,8,8040933,8401139,2020,5,16,3,3,2,6,0,0,1,0,1,0,0,0,803499,4975,5818628,638
138995,11,2,2010102,2100102,2020,5,10,4,3,5,3,0,1,1,0,0,0,0,0,797973,2756,5825639,662
138996,11,3,3020307,3200309,2020,5,12,2,2,5,2,0,1,1,0,0,0,0,1,800128,5238,5838382,761
138997,11,1,1033202,1300835,2020,5,16,4,3,5,2,0,1,0,0,0,0,1,0,797763,3542,5829744,547
138998,11,8,8010508,8100520,2020,5,14,4,3,2,6,0,0,1,0,0,1,0,0,803167,6617,5822701,168
138999,11,12,12214424,12200309,2020,5,17,7,3,8,1,0,0,1,0,0,0,0,0,792388,5249,5832887,469
139000,11,2,2010102,2100102,2020,5,17,2,2,5,3,0,1,1,0,0,0,0,0,798213,1219,5826240,73
139001,11,1,1011302,1100309,2020,5,13,7,3,1,5,0,0,1,0,1,0,0,0,798639,971,5828463,637
139002,11,6,6040808,6400842,2020,5,19,3,3,5,3,0,0,1,0,0,0,0,0,789992,2345,5819203,25
139003,11,12,12214527,12200515,2020,5,16,2,3,6,7,0,1,0,1,0,0,0,0,789758,8988,5835082,739
139004,11,1,1044202,1401046,2020,5,15,6,2,5,2,0,0,1,0,0,0,0,0,794904,568,5830229,158
139005,11,3,3071536,3701554,2020,5,18,5,3,1,5,0,1,1,0,0,0,0,0,799075,2316,5830207,503
139006,11,1,1011306,1100313,2020,5,15,2,3,2,6,0,0,0,0,1,0,1,0,800166,5717,5826860,411
139007,11,3,3040818,3400826,2020,5,16,2,3,4,6,0,1,0,0,0,0,1,0,798420,5211,5832406,451
139008,11,10,10010308,10100311,2020,5,13,5,3,5,2,0,0,1,0,1,0,0,0,807431,9637,5830569,392
139009,11,1,1022206,1200628,2020,5,19,4,3,6,4,0,0,1,1,0,0,0,0,796178,4834,5828479,902
139010,11,6,6020305,6200316,2020,5,0,1,3,0,1,2,1,0,0,0,0,0,0,796021,876,5817675,589
139011,11,10,10010309,10100312,2020,5,6,4,3,5,2,0,1,1,0,0,0,0,0,807934,6072,5829198,169
139012,11,7,7010102,7100102,2020,5,18,3,3,2,2,0,1,1,0,0,0,0,0,794998,7962,5825087,574
139013,11,6,6020409,6200421,2020,5,15,2,3,5,2,0,1,1,0,0,0,0,0,793122,8297,5817654,669
139014,11,6,6030610,6300634,2020,5,7,3,3,5,2,0,0,1,0,0,0,1,0,792087,2024,5818853,647
139015,11,11,11030721,11300724,2020,5,14,5,3,5,2,0,1,1,0,0,0,0,0,804753,4637,5827443,584
139016,11,3,3030711,3300514,2020,5,9,4,2,5,3,0,1,1,0,0,0,0,0,802178,82,5836471,394
139017,11,1,1011104,1100104,2020,5,8,2,3,0,2,0,0,1,0,0,0,1,1,796360,625,5826128,817
139018,11,1,1044203,1401048,2020,5,10,4,3,2,3,0,0,0,0,1,0,1,0,795562,6612,5831538,742
139019,11,2,2030302,2300316,2020,5,16,7,3,5,2,0,1,1,0,0,0,0,0,800755,4188,5826518,564
139020,11,5,5010312,5100314,2020,5,14,7,3,3,6,0,0,1,0,1,0,0,0,785160,9613,5829602,729
139021,11,2,2020204,2200210,2020,5,16,3,2,0,7,0,1,0,0,0,0,0,0,798113,5493,5825402,862
139022,11,2,2050802,2500833,2020,5,15,2,3,2,6,0,1,0,0,1,0,0,0,802082,435,5827156,891
139023,11,5,5010339,5100317,2020,5,14,6,2,5,3,0,1,1,0,0,0,0,0,787026,3012,5828365,376
139024,11,9,9051701,9501736,2020,5,14,5,3,0,3,0,1,0,0,0,0,1,0,813431,934,5821598,652
139025,11,3,3020209,3200206,2020,5,11,7,2,0,7,0,0,0,0,1,0,0,0,797801,2447,5834698,161
139026,11,7,7050501,7501030,2020,5,13,2,2,2,6,0,0,1,0,0,0,0,0,797703,8323,5819425,307
139027,11,7,7070701,7601442,2020,5,17,2,3,2,6,1,0,1,0,0,0,0,0,799236,492,5816312,533
139028,11,9,9010101,9100101,2020,5,12,5,3,5,2,0,1,0,0,0,1,0,0,802328,656,5825301,84
139029,11,3,3061131,3601142,2020,5,15,4,3,5,2,0,1,1,0,0,0,0,0,798646,5408,5830286,807
139030,11,12,12103116,12100102,2020,5,7,1,3,1,5,0,1,1,0,0,0,0,0,796728,2766,5833309,283
139031,11,6,6010208,6100208,2020,5,16,4,3,0,3,0,1,1,0,0,0,0,0,794597,7389,5820276,705
139032,11,12,12302212,12601032,2020,5,15,6,3,5,3,0,0,1,0,1,0,0,0,792605,715,5837382,758
139033,11,12,12302107,12601236,2020,5,18,6,3,5,3,0,0,1,0,0,0,0,0,793845,653,5836158,84
139034,11,1,1011303,1100310,2020,5,10,3,3,2,6,0,0,1,0,1,0,0,0,799070,7461,5828333,88
139035,11,10,10040829,10400836,2020,5,13,2,2,0,1,0,1,0,0,0,0,0,0,811221,5801,5827845,386
139036,11,1,1011306,1100313,2020,5,21,5,3,5,2,1,1,0,0,1,0,0,0,799713,2582,5827025,681
139037,11,3,3050920,3500933,2020,5,10,7,3,5,2,0,0,1,0,0,0,0,0,802746,262,5832375,6
139038,11,12,12103219,12100204,2020,5,12,6,3,5,2,0,0,1,0,0,0,1,0,794959,5899,5832717,991
139039,11,11,11040926,11400929,2020,5,13,3,3,2,6,0,0,1,0,1,0,0,0,805043,7829,5826726,326
139040,11,6,6020411,6200423,2020,5,13,2,3,5,3,0,0,1,0,0,0,0,0,793604,7719,5815914,276
139041,11,4,4030623,4300622,2020,5,10,5,3,3,6,0,0,1,0,1,0,0,0,793145,445,5826925,142
139042,11,1,1011302,1100309,2020,5,10,5,3,4,7,0,0,1,0,0,0,0,0,797881,5794,5828855,314
139043,11,2,2030402,2300419,2020,5,20,7,3,0,4,0,1,0,1,0,0,0,0,801908,528,5825684,336
139044,11,3,3061228,3601245,2020,5,13,2,3,5,2,0,1,1,0,0,0,0,0,800323,497,5831578,697
139045,11,8,8020620,8200624,2020,5,7,2,3,5,3,0,1,1,0,0,0,0,1,800596,4241,5821189,336
139046,11,5,5010101,5100104,2020,5,14,5,3,5,3,0,0,1,0,0,0,0,0,785853,4224,5831729,326
139047,11,12,12214424,12200309,2020,5,16,4,3,2,6,0,0,1,0,0,0,0,0,793411,997,5832495,575
139048,11,12,12301206,12500929,2020,5,8,7,3,0,1,0,0,0,0,1,0,0,1,793747,5246,5838515,7
139049,11,1,1022103,1200517,2020,5,13,4,3,0,6,0,0,1,0,1,0,0,0,793602,846,5829833,205
139050,11,3,3040614,3400721,2020,5,18,3,3,6,7,0,0,1,1,0,0,0,0,798059,7092,5832941,5
139051,11,12,12103116,12100102,2020,5,11,6,3,1,5,0,0,1,0,0,0,0,0,795658,5378,5833096,866
139052,11,4,4030931,4501042,2020,5,20,6,3,5,2,0,1,1,0,0,0,0,0,793522,3399,5825730,336
139053,11,6,6040810,6400844,2020,5,9,3,2,5,2,0,1,1,0,0,0,0,0,790253,4165,5820057,916
139054,11,11,11020411,11200410,2020,5,13,2,2,6,7,0,0,1,1,0,0,0,0,805830,76,5832316,752
139055,11,8,8041037,8401243,2020,5,18,5,3,5,3,0,1,1,0,0,0,0,0,805573,5344,5818588,611
139056,11,1,1011302,1100309,2020,5,16,3,3,0,1,0,1,0,0,0,0,0,0,798425,2816,5828385,231
139057,11,1,1022106,1200522,2020,5,11,4,3,1,7,0,0,1,0,0,0,0,0,793768,5337,5827607,672
139058,11,8,8020620,8200624,2020,5,13,2,2,5,3,0,0,1,0,1,0,0,1,801289,5965,5820442,44
139059,11,12,12103117,12100101,2020,5,17,4,3,6,4,0,0,1,1,0,0,0,0,796386,3073,5832584,638
139060,11,6,6040808,6400842,2020,5,14,4,3,5,2,0,1,1,0,0,0,0,0,790103,5346,5819596,773
139061,11,10,10040829,10400836,2020,5,15,3,3,5,3,0,0,1,0,0,0,0,0,811313,96,5827393,324
139062,11,7,7010102,7100102,2020,5,7,4,3,5,2,0,1,0,0,0,0,1,0,794957,4089,5825673,22
139063,11,2,2040503,2400522,2020,5,14,2,3,6,4,0,1,0,1,0,0,0,0,801561,5296,5827916,855
139064,11,3,3020307,3200309,2020,5,18,4,2,3,2,0,1,1,0,0,0,0,0,800142,6425,5837860,359
139065,11,3,3061227,3601243,2020,5,16,4,3,1,5,0,1,1,0,0,0,0,0,799675,5161,5831754,782
139066,11,8,8041039,8401245,2020,5,18,7,3,5,3,0,1,1,0,0,0,0,0,806473,3442,5815446,406
139067,11,10,10040933,10400940,2020,5,11,4,3,2,6,0,0,1,0,0,0,0,0,813058,1727,5826703,41
139068,11,10,10030724,10300731,2020,5,4,6,3,5,3,1,1,1,0,0,0,0,0,809121,2642,5829722,3
139069,11,3,3061227,3601243,2020,5,14,6,3,2,6,0,0,1,0,0,0,0,0,799260,381,5831802,677
139070,11,9,9020801,9200818,2020,5,8,3,3,2,6,0,0,1,0,0,0,0,0,809762,563,5820704,278
139071,11,4,4030417,4300414,2020,5,13,2,3,5,3,0,1,1,0,0,0,0,0,791315,8532,5826639,11
139072,11,1,1011305,1100312,2020,5,15,5,3,1,5,0,0,1,0,0,0,0,0,799698,3067,5827247,525
139073,11,1,1022106,1200522,2020,5,15,3,3,5,2,0,1,1,0,0,0,0,0,793675,7637,5828111,735
139074,11,5,5040936,5400943,2020,5,10,4,3,1,5,0,0,1,0,1,0,0,0,781099,9121,5819397,744
139075,11,10,10020414,10200421,2020,5,11,2,3,0,2,0,0,0,1,0,0,1,1,812182,7574,5830917,114
139076,11,5,5010206,5100208,2020,5,18,4,3,5,2,0,0,1,0,0,0,0,0,782365,1007,5830495,832
139077,11,8,8010404,8100417,2020,5,17,7,3,5,2,0,1,1,0,0,0,0,0,802523,8227,5822940,852
139078,11,7,7070702,7601443,2020,5,10,7,3,1,5,0,1,1,0,0,0,0,0,799858,9134,5814846,2
139079,11,8,8010404,8100416,2020,5,17,3,3,6,4,0,0,1,1,0,0,0,0,801853,2141,5823063,549
139080,11,8,8041040,8401246,2020,5,12,2,2,9,1,0,0,1,0,0,0,0,0,805946,2608,5816991,651
139081,11,5,5010101,5100101,2020,5,14,6,3,1,5,0,1,1,0,0,0,0,0,784840,6547,5832234,499
139082,11,1,1011201,1100205,2020,5,19,7,3,2,2,0,0,1,0,0,0,1,0,797465,8855,5826811,998
139083,11,1,1033101,1300732,2020,5,10,2,3,6,7,0,0,0,1,0,0,1,0,797676,6783,5832855,579
139084,11,5,5010209,5100211,2020,5,13,7,3,2,6,0,0,1,0,0,0,0,0,783219,8461,5830281,607
139085,11,1,1044101,1400938,2020,5,20,3,3,5,2,1,1,1,0,0,0,0,0,794021,903,5830177,809
139086,11,9,9051901,9501941,2020,5,16,1,3,0,6,0,1,0,0,0,0,0,0,812064,8152,5821280,381
139087,11,4,4030726,4500936,2020,5,18,6,2,0,1,0,0,0,0,1,0,0,0,792272,6025,5825487,218
139088,11,6,6010207,6100207,2020,5,23,5,3,1,5,2,1,1,0,0,0,0,0,793888,1838,5820481,95
139089,11,6,6010209,6100209,2020,5,16,1,3,2,6,0,1,1,0,0,0,0,0,794748,8229,5820906,407
139090,11,2,2050602,2500728,2020,5,7,3,3,5,2,0,1,1,0,0,0,0,0,802769,8947,5827689,332
139091,11,4,4051551,4501148,2020,5,13,5,3,5,2,0,1,1,0,0,0,0,0,792903,341,5823281,644
139092,11,9,9020502,9200512,2020,5,8,4,3,1,5,0,1,1,0,0,0,0,0,809002,2008,5821617,635
139093,11,12,12214421,12200307,2020,5,8,2,3,1,7,0,1,1,0,0,0,0,1,793529,8081,5834045,19
139094,11,3,3010102,3100102,2020,5,8,4,2,6,4,0,0,0,1,1,0,0,0,805365,4453,5841931,335
139095,11,3,3040614,3400723,2020,5,14,7,2,5,2,0,1,1,0,0,0,0,0,799875,8405,5834306,771
139096,11,8,8010404,8100417,2020,5,9,6,3,2,2,0,0,1,0,0,0,0,0,802574,808,5823086,521
139097,11,2,2010102,2100102,2020,5,15,3,3,5,2,0,0,1,0,1,0,0,0,798440,9186,5826537,43
139098,11,10,10020623,10200630,2020,5,14,1,3,0,7,0,1,1,0,0,0,0,0,811509,7537,5829105,914
139099,11,3,3050924,3500935,2020,5,12,6,2,0,5,0,0,0,0,0,0,1,0,801167,83,5831608,16
139100,11,9,9020602,9100409,2020,5,12,5,2,5,7,0,0,1,0,1,0,0,0,807776,168,5820031,35
139101,11,6,6030503,6300526,2020,5,6,7,2,8,1,0,0,1,0,0,0,0,0,789500,5811,5817686,149
139102,11,1,1011302,1100309,2020,5,21,1,3,0,1,2,1,0,0,0,0,0,0,798654,1318,5828507,658
139103,11,4,4030930,4501041,2020,5,16,2,3,2,2,0,0,1,0,0,0,0,1,793172,7104,5825606,908
139104,11,3,3071537,3701555,2020,5,9,5,3,0,3,0,0,1,0,1,0,0,0,799906,465,5829988,961
139105,11,12,12231101,12400723,2020,5,15,4,3,6,4,0,0,1,1,0,0,0,0,791598,489,5838526,874
139106,11,1,1011401,1100415,2020,5,16,5,3,5,3,0,0,1,0,0,0,1,0,798311,8858,5829381,657
139107,11,11,11020516,11200515,2020,5,19,7,3,1,5,0,1,0,0,0,0,1,0,805622,188,5830188,209
139108,11,2,2040702,2400624,2020,5,20,1,3,5,3,1,1,1,0,0,0,0,0,801695,5212,5827204,874
139109,11,8,8010118,8100104,2020,5,17,2,3,2,6,0,0,1,0,1,0,0,1,800763,819,5822752,329
139110,11,6,6010207,6100207,2020,5,12,5,3,6,4,0,0,1,1,0,0,0,0,793804,1741,5819369,968
139111,11,1,1022204,1200626,2020,5,19,4,3,5,3,0,1,0,0,1,0,0,0,794824,519,5828305,577
139112,11,8,8041037,8401243,2020,5,14,1,3,5,3,0,0,1,0,0,0,0,1,805295,6821,5817571,41
139113,11,11,11051229,11501238,2020,5,4,4,3,5,3,1,0,1,0,0,0,0,0,803343,27,5826305,903
139114,11,3,3030715,3300516,2020,5,12,6,3,2,6,0,0,1,0,0,0,0,0,801063,1464,5833894,391
139115,11,12,12231101,12400722,2020,5,11,6,3,2,6,0,0,1,0,0,0,0,0,790763,4855,5837568,341
139116,11,4,4020310,4200308,2020,5,13,3,3,2,6,0,0,1,0,0,1,0,0,790387,4929,5827325,354
139117,11,7,7030301,7300517,2020,5,20,1,3,5,2,1,1,1,0,0,0,0,0,794235,8381,5822026,119