OBJECTID,LAND,BEZ,LOR,LOR_ab_2021,UJAHR,UMONAT,USTUNDE,UWOCHENTAG,UKATEGORIE,UART,UTYP1,ULICHTVERH,IstRad,IstPKW,IstFuss,IstKrad,IstGkfz,IstSonstige,USTRZUSTAND,LINREFX,LINREFY,XGCSWGS84,YGCSWGS84
139118,11,11,11010310,11100309,2020,5,16,5,3,3,2,0,0,1,0,0,0,0,0,805551,6907,5833390,627
139119,11,4,4041136,4400728,2020,5,8,5,3,1,5,0,1,1,0,0,0,0,0,789468,308,5823623,5
139120,11,7,7040406,7400928,2020,5,20,1,2,2,6,0,0,1,0,0,0,0,0,800077,3105,5821426,384
139121,11,5,5030833,5300840,2020,5,6,2,3,0,6,0,0,1,0,1,0,0,1,788058,9466,5829363,657
139122,11,8,8010303,8100314,2020,5,16,4,3,6,7,0,0,0,1,0,0,1,0,800369,258,5824360,505
139123,11,5,5030730,5300736,2020,5,16,4,3,2,6,0,0,1,0,0,0,1,0,786701,28,5829275,624
139124,11,5,5020417,5200420,2020,5,20,7,3,9,2,1,0,1,0,0,0,0,0,781911,6558,5828696,51
139125,11,7,7050501,7501029,2020,5,12,4,3,5,3,0,0,1,0,1,0,0,0,797089,1516,5818577,873
139126,11,6,6040804,6400838,2020,5,10,6,2,2,7,0,0,1,0,1,0,0,0,788740,8125,5820164,52
139127,11,1,1044103,1400942,2020,5,17,6,3,5,3,0,1,1,0,0,0,0,0,794590,695,5830730,237
139128,11,8,8030829,8300934,2020,5,13,3,3,5,3,0,1,1,0,0,0,0,0,803261,6035,5818341,987
139129,11,9,9020502,9200511,2020,5,16,1,2,6,4,0,0,1,1,0,0,0,0,806777,377,5822281,577
139130,11,5,5010314,5100316,2020,5,15,4,3,5,3,0,1,1,0,0,0,0,0,785035,6138,5829507,633
139131,11,1,1011402,1100416,2020,5,11,6,3,3,6,0,1,0,0,0,0,1,0,798824,3653,5829752,405
139132,11,6,6040810,6400844,2020,5,17,6,3,5,3,0,1,1,0,1,0,0,0,791834,8262,5821376,651
139133,11,9,9010202,9100203,2020,5,10,3,3,5,3,0,1,1,0,0,0,0,0,804402,289,5823884,746
139134,11,2,2040502,2400521,2020,5,17,1,3,5,2,0,1,1,0,0,0,0,0,801247,6592,5827817,435
139135,11,12,12304313,12500825,2020,5,7,5,3,5,3,0,0,1,0,0,0,0,0,791655,2468,5834637,692
139136,11,11,11051330,11501339,2020,5,15,3,3,5,3,0,0,1,0,1,0,0,0,807189,7318,5824802,754
139137,11,7,7050501,7501029,2020,5,22,4,3,5,7,2,0,1,0,1,0,0,0,797766,6091,5819019,22
139138,11,11,11010103,11100102,2020,5,13,2,3,5,2,0,1,1,0,0,0,0,1,809251,523,5834486,389
139139,11,1,1022206,1200628,2020,5,18,4,3,2,6,0,0,1,0,0,0,0,0,796138,57,5828456,499
139140,11,5,5020419,5200423,2020,5,16,3,2,5,2,0,0,1,0,1,0,0,0,780871,8864,5828329,989
139141,11,2,2030401,2300418,2020,5,14,4,3,0,1,0,1,0,0,0,0,0,0,800885,4433,5825555,197
139142,11,8,8010117,8100102,2020,5,14,7,3,2,7,0,1,1,0,0,0,0,0,800466,1242,5823626,796
139143,11,4,4020310,4200308,2020,5,11,4,3,2,6,0,0,1,0,0,0,0,0,788258,9247,5827800,763
139144,11,2,2050601,2500726,2020,5,13,3,3,2,3,0,0,1,0,0,0,1,0,801787,1786,5828672,974
139145,11,6,6030606,6300630,2020,5,22,6,3,8,1,2,0,0,0,1,0,0,0,793353,6227,5818140,236
139146,11,7,7020204,7200414,2020,5,12,6,3,1,5,0,1,1,0,0,0,0,0,796288,1578,5823952,727
139147,11,4,4030725,4300416,2020,5,17,1,3,1,5,0,1,1,0,0,0,0,0,791853,4001,5825915,617
139148,11,3,3040513,3400620,2020,5,15,5,2,5,2,0,1,1,0,0,0,0,0,797952,3386,5833668,643
139149,11,10,10030724,10300731,2020,5,9,4,3,3,6,0,0,0,0,0,0,1,0,809208,9475,5830218,119
139150,11,1,1044101,1400938,2020,6,19,2,3,5,3,0,1,1,0,0,0,0,0,794149,8256,5831111,663
139151,11,7,7040403,7400823,2020,6,22,2,3,0,2,1,0,1,0,1,0,0,0,797357,4135,5821919,945
139152,11,5,5030731,5300737,2020,6,10,7,3,6,7,0,1,0,1,0,0,0,0,787476,2718,5830305,589
139153,11,7,7060604,7601341,2020,6,14,6,2,5,2,0,1,1,0,0,0,0,0,797601,768,5815557,269
139154,11,12,12224230,12400618,2020,6,13,4,3,2,6,0,1,1,0,0,0,0,0,787181,7574,5838502,897
139155,11,7,7050504,7501032,2020,6,20,7,3,8,1,0,0,1,0,0,0,0,0,799937,5461,5820444,868
139156,11,8,8020622,8200726,2020,6,14,6,3,2,2,0,0,1,0,1,0,0,0,801268,504,5819690,902
139157,11,2,2040502,2400521,2020,6,11,6,3,5,2,0,1,1,0,0,0,0,0,800455,3655,5828239,635
139158,11,11,11051229,11501238,2020,6,16,3,3,3,6,0,1,1,0,0,0,0,0,803667,5419,5826245,494
139159,11,6,6040810,6400844,2020,6,15,2,2,5,2,0,0,1,0,0,0,0,0,790388,4135,5820843,748
139160,11,11,11030720,11300721,2020,6,11,6,3,5,2,0,1,0,0,0,1,0,0,806143,1329,5830146,724
139161,11,10,10010309,10100312,2020,6,11,2,2,3,6,0,0,1,0,0,1,0,0,807785,284,5829187,244
139162,11,1,1011402,1100416,2020,6,15,2,3,1,5,0,1,1,0,0,0,0,0,798550,6607,5829201,347
139163,11,4,4051653,4501152,2020,6,23,6,3,0,1,2,0,0,0,0,0,1,1,794151,658,5824741,455
139164,11,12,12302107,12601236,2020,6,17,5,3,0,7,0,0,1,0,0,0,0,1,793854,5851,5836148,288
139165,11,10,10020415,10200422,2020,6,16,1,3,0,7,0,0,0,0,0,0,1,0,812463,8868,5831034,388
139166,11,12,12224230,12400618,2020,6,14,2,3,0,7,0,1,0,0,0,0,0,0,787232,9617,5838550,51
139167,11,9,9031101,9301126,2020,6,14,6,3,2,7,0,1,1,0,0,0,0,1,811652,4765,5816945,702
139168,11,7,7040403,7400823,2020,6,22,6,3,5,2,2,0,1,0,0,0,0,1,796917,2525,5822287,148
139169,11,3,3061126,3601141,2020,6,6,4,3,5,3,0,1,0,0,0,0,1,0,798966,1668,5831437,84
139170,11,1,1022206,1200628,2020,6,21,6,3,5,3,2,1,1,0,0,0,0,0,796288,5023,5828494,613
139171,11,3,3030406,3300413,2020,6,10,3,3,5,3,0,0,1,0,0,0,0,0,802731,3231,5837325,6
139172,11,9,9020701,9200715,2020,6,21,6,3,5,3,1,0,1,0,0,0,1,0,807409,7673,5818300,613
139173,11,5,5010207,5100209,2020,6,13,6,2,5,2,0,0,1,0,0,0,0,0,783691,1825,5830168,217
139174,11,2,2020206,2200212,2020,6,8,3,3,5,3,0,1,0,0,0,0,0,0,799722,679,5824706,961
139175,11,7,7040403,7400824,2020,6,11,6,3,2,6,0,0,1,0,0,0,0,0,797682,3965,5821903,4
139176,11,8,8030829,8300934,2020,6,15,2,3,0,7,0,1,1,0,0,0,1,0,803532,7025,5818189,293
139177,11,12,12214528,12400619,2020,6,12,2,3,3,6,0,1,0,0,0,0,0,0,789585,6804,5834319,246
139178,11,5,5010207,5100209,2020,6,10,6,3,1,7,0,0,1,0,0,0,0,0,783501,646,5830253,764
139179,11,6,6030610,6300634,2020,6,17,4,3,5,3,0,1,1,0,0,0,0,0,791914,3719,5818765,961
139180,11,3,3050925,3500936,2020,6,16,5,3,1,5,0,1,1,0,0,0,0,0,802401,6136,5831134,616
139181,11,11,11051332,11501341,2020,6,17,1,3,5,3,0,0,1,0,0,0,0,0,807245,7401,5824082,798
139182,11,3,3051017,3501037,2020,6,13,2,3,5,3,0,1,1,0,0,0,0,0,802302,941,5833159,42
139183,11,3,3071639,3701660,2020,6,20,6,3,1,5,1,0,1,0,1,0,0,0,800734,1493,5829698,207
139184,11,8,8010301,8100312,2020,6,13,6,3,1,5,0,1,1,0,0,0,0,0,800925,3444,5824243,86
139185,11,5,5030731,5300737,2020,6,10,4,3,2,6,0,0,1,0,0,0,0,0,787223,58,5829410,869
139186,11,8,8010405,8100418,2020,6,9,6,3,1,5,0,1,1,0,0,0,0,1,801578,7806,5823866,426
139187,11,10,10040931,10400938,2020,6,8,3,3,5,3,0,1,0,0,0,0,1,0,813322,103,5828734,904
139188,11,4,4030827,4300623,2020,6,20,6,3,0,2,0,1,1,0,0,0,0,0,792734,5612,5826389,931
139189,11,8,8041036,8401242,2020,6,9,2,3,5,3,0,0,1,0,0,0,0,0,805050,68,5817550,949
139190,11,11,11020412,11200411,2020,6,13,2,3,5,3,0,0,0,0,1,0,1,0,805063,2431,5831515,834
139191,11,7,7050503,7501031,2020,6,10,7,3,6,2,0,0,1,1,0,0,0,0,799195,8697,5819999,716
139192,11,5,4020310,4200308,2020,6,12,6,3,2,6,0,0,1,0,0,0,0,0,788120,6928,5827857,8
139193,11,8,8020620,8200624,2020,6,15,4,3,0,3,0,1,1,0,0,0,0,0,800650,2993,5821236,535
139194,11,2,2010104,2100106,2020,6,22,7,3,6,4,2,0,0,1,0,0,1,0,799774,7637,5825695,648
139195,11,5,5010101,5100101,2020,6,12,2,3,2,6,0,1,1,0,0,0,0,0,785081,992,5834121,682
139196,11,1,1044103,1400942,2020,6,18,6,3,2,6,0,0,1,0,0,0,0,0,794843,8012,5831024,94
139197,11,8,8010214,8100209,2020,6,10,2,3,5,2,0,0,1,0,0,0,0,0,802067,801,5821985,812
139198,11,10,10040828,10400835,2020,6,12,2,3,5,3,0,1,1,0,0,0,0,0,811848,4274,5829321,611
139199,11,5,5020625,5200629,2020,6,19,6,3,5,3,0,1,1,0,0,0,0,0,784584,7717,5828434,851
139200,11,8,8041035,8401241,2020,6,16,4,3,6,4,0,0,1,1,0,0,0,0,804817,5534,5818566,34
139201,11,11,11010205,11100204,2020,6,12,5,3,6,4,0,0,1,1,0,0,0,0,806231,1766,5833252,297
139202,11,3,3061434,3601449,2020,6,17,1,3,3,6,0,0,1,0,1,0,0,0,801684,2793,5830052,531
139203,11,1,1033102,1300733,2020,6,11,2,3,2,6,0,0,1,0,0,0,0,0,797194,4718,5831916,811
139204,11,2,2010102,2100102,2020,6,12,6,3,5,3,0,1,1,0,0,0,0,0,797971,5219,5826184,45
139205,11,3,3071537,3701555,2020,6,8,6,3,0,1,0,0,0,0,1,0,0,1,799653,1802,5830086,154
139206,11,4,4051551,4501148,2020,6,8,4,3,5,2,0,0,1,0,0,0,1,0,792825,7875,5823220,373
139207,11,9,9041301,9401329,2020,6,8,6,2,5,3,0,0,1,0,0,0,0,0,811385,604,5819732,774
139208,11,7,7010104,7100205,2020,6,15,3,2,4,6,0,0,0,0,0,0,1,0,796473,2069,5824881,148
139209,11,6,6010205,6100205,2020,6,7,6,2,1,5,0,1,1,0,0,0,0,1,795159,6429,5819752,639
139210,11,9,9020601,9200613,2020,6,20,2,3,5,2,0,1,0,0,0,0,1,0,806665,3736,5821254,948
139211,11,9,9041302,9401330,2020,6,10,2,3,0,1,0,1,0,0,0,0,0,0,811976,3931,5817603,319
139212,11,12,12301206,12500929,2020,6,9,7,2,5,3,0,1,1,0,0,0,0,0,793641,1961,5837889,542
139213,11,9,9051702,9501737,2020,6,7,6,3,0,1,0,1,0,0,0,0,0,1,813738,1588,5821733,747
139214,11,6,6040703,6400737,2020,6,14,4,3,5,3,0,0,1,0,0,0,0,0,786291,236,5817664,724
139215,11,4,4030930,4501041,2020,6,23,7,3,5,7,2,0,1,0,0,0,0,0,792840,1671,5825515,527
139216,11,1,1011201,1100205,2020,6,7,6,3,5,3,0,1,1,0,0,0,0,1,796957,3436,5826859,548
139217,11,2,2030402,2300419,2020,6,18,6,3,2,6,0,1,1,0,0,0,0,1,801511,2891,5826001,727
139218,11,4,4030931,4501042,2020,6,18,3,3,5,2,0,1,1,0,0,0,0,0,793522,1396,5825721,716
139219,11,9,9041301,9401329,2020,6,10,2,3,0,2,0,1,1,0,0,0,0,0,812410,8989,5819584,24
139220,11,3,3030715,3300516,2020,6,16,6,3,2,2,0,0,1,0,0,0,1,0,800832,5368,5833476,112
139221,11,7,7020204,7200414,2020,6,23,2,3,0,1,2,1,0,0,0,0,0,0,796902,7946,5824147,572
139222,11,3,3050924,3500935,2020,6,7,6,3,0,1,0,0,0,0,1,0,0,1,801612,8295,5831647,883
139223,11,9,9051702,9501737,2020,6,19,3,2,3,6,0,1,0,0,0,0,0,0,814870,901,5821832,79
139224,11,6,6030503,6300527,2020,6,7,5,3,0,3,0,1,0,0,0,0,0,0,790471,479,5818105,684
139225,11,3,3061227,3601243,2020,6,13,3,3,5,3,0,0,1,0,0,0,1,0,799688,2194,5831265,195
139226,11,10,10020519,10200526,2020,6,17,5,3,0,1,0,0,1,0,0,0,0,0,812375,8915,5829914,409
139227,11,12,12103218,12100205,2020,6,17,2,3,5,3,0,0,1,0,0,0,0,0,794554,8589,5834265,523
139228,11,4,4030623,4300622,2020,6,10,2,3,5,7,0,0,1,0,1,0,0,0,793845,8546,5826552,283
139229,11,3,3050923,3500934,2020,6,15,7,3,5,2,0,0,0,0,1,0,1,0,801157,273,5831615,246
139230,11,4,4030931,4501042,2020,6,14,5,3,1,5,0,0,1,0,0,0,1,0,794049,2273,5826129,523
139231,11,12,12103117,12100101,2020,6,13,4,3,2,6,0,0,1,0,0,0,1,0,796259,1395,5832389,354
139232,11,7,7010104,7100205,2020,6,18,7,3,5,2,0,1,1,0,0,0,0,1,796017,1603,5824954,977
139233,11,4,4031032,4500937,2020,6,16,5,3,0,5,0,0,1,0,0,0,0,0,791186,9981,5824682,487
139234,11,7,7050501,7501029,2020,6,15,3,3,2,6,0,0,1,0,1,0,0,0,797119,6416,5819654,629
139235,11,1,1044201,1401043,2020,6,21,2,3,5,3,1,1,1,0,0,0,0,0,795686,436,5830921,85
139236,11,4,4030622,4300621,2020,6,8,5,3,2,6,0,0,1,0,0,0,1,0,792239,5427,5826876,775
139237,11,3,3030711,3300515,2020,6,15,2,3,5,2,0,0,1,0,1,0,0,0,801328,2135,5835385,47
139238,11,1,1044201,1401045,2020,6,5,2,2,0,1,0,0,0,0,1,0,0,0,796788,398,5831574,969
139239,11,2,2040702,2400624,2020,6,16,5,3,5,3,0,1,1,0,0,0,0,1,801905,2722,5827408,928
139240,11,1,1011402,1100416,2020,6,17,5,3,5,3,0,1,1,0,0,0,0,1,798672,516,5829459,746
139241,11,1,1011103,1100103,2020,6,13,1,3,5,3,0,1,1,0,0,0,0,0,795934,3498,5825633,376
139242,11,4,4010102,4100101,2020,6,20,2,3,3,6,0,1,1,0,0,0,0,0,792804,8597,5830564,973
139243,11,2,2030301,2300314,2020,6,23,5,3,1,5,2,0,0,0,1,0,0,1,799856,576,5826253,731
139244,11,1,1011105,1100102,2020,6,19,2,2,5,3,0,0,1,0,0,0,1,0,796633,6566,5826676,577
139245,11,9,9051901,9501939,2020,6,16,5,2,5,2,0,1,1,0,0,0,0,1,809945,8115,5821592,809
139246,11,9,9010101,9100101,2020,6,3,5,3,0,7,2,1,0,0,0,0,0,0,802186,9119,5824709,76
139247,11,3,3050919,3500932,2020,6,16,2,3,2,7,0,0,1,0,1,0,0,0,801097,9184,5832539,621
139248,11,2,2050802,2500833,2020,6,20,2,3,6,4,0,0,1,1,0,0,0,0,802610,686,5827007,819
139249,11,1,1011304,1100311,2020,6,7,5,3,5,2,0,1,1,0,0,0,0,0,799582,3591,5828044,167
139250,11,2,2040701,2400623,2020,6,14,5,3,2,6,0,0,1,0,0,0,0,0,801045,4987,5827051,988
139251,11,5,5020524,5200528,2020,6,18,4,3,2,6,0,0,1,0,0,0,1,0,783380,799,5826751,9
139252,11,5,5020625,5200629,2020,6,16,7,3,3,6,0,0,1,0,0,0,1,0,784561,6453,5828635,626
139253,11,8,8010404,8100415,2020,6,13,5,3,0,7,0,1,0,0,0,0,0,0,801989,1026,5823302,803
139254,11,7,7070703,7601544,2020,6,13,3,3,2,7,0,0,1,0,1,0,0,0,799701,521,5813971,98
139255,11,5,5010207,5100209,2020,6,22,5,3,1,5,2,0,1,0,0,0,0,1,783263,8905,5830651,8
139256,11,8,8010214,8100209,2020,6,14,2,3,5,2,0,1,1,0,0,0,0,0,801727,7387,5822098,27
139257,11,2,2010101,2100101,2020,6,19,2,3,5,2,0,1,1,0,0,0,0,0,797861,1874,5825643,634
139258,11,12,12214528,12400619,2020,6,11,5,3,0,1,0,1,0,0,0,0,0,0,789398,3022,5836320,502
139259,11,7,7010102,7100102,2020,6,17,4,3,2,6,0,0,1,0,0,0,1,0,795294,3296,5824964,298
139260,11,4,4051549,4501146,2020,6,14,5,3,5,3,0,1,1,0,0,0,0,0,793275,7108,5823928,174
139261,11,9,9020501,9200510,2020,6,20,1,3,0,7,1,1,0,0,0,0,0,0,806280,1003,5822397,13
139262,11,12,12302108,12601134,2020,6,19,2,3,2,6,0,0,1,0,0,0,0,0,794479,395,5837203,474
139263,11,9,9030901,9300920,2020,6,11,5,3,5,3,0,0,1,0,1,0,0,0,807699,1177,5817825,783
139264,11,1,1011304,1100311,2020,6,11,5,2,5,2,0,1,1,0,0,0,0,0,799727,195,5827763,92
139265,11,9,9052001,9502043,2020,6,10,4,3,5,3,0,1,1,0,0,0,0,0,810989,3136,5821975,859
139266,11,8,8010509,8100521,2020,6,19,5,2,5,3,0,0,1,0,0,0,0,1,803742,2854,5822182,25
139267,11,9,9051901,9501939,2020,6,8,3,3,3,6,0,1,0,0,0,0,0,0,810651,5035,5820306,622
139268,11,2,2020204,2200210,2020,6,18,5,3,5,3,0,1,1,0,0,0,0,1,798176,4687,5824842,93
139269,11,8,8030830,8300935,2020,6,12,4,2,5,3,0,0,1,0,0,0,0,0,802915,2785,5817455,519
139270,11,7,7010101,7100101,2020,6,19,5,3,6,4,0,1,0,1,0,0,0,1,794577,3796,5825486,108
139271,11,11,11020513,11200512,2020,6,9,3,3,2,6,0,0,1,0,0,0,0,0,803254,2844,5830224,599
139272,11,7,7040402,7400822,2020,6,17,5,2,1,1,0,0,1,0,0,0,0,1,796608,2815,5821216,565
139273,11,6,6030501,6300524,2020,6,12,2,3,5,2,0,1,0,0,0,1,0,0,788515,7402,5816865,564
139274,11,3,3061131,3601142,2020,6,17,2,3,5,3,0,1,0,0,0,0,0,0,798655,4881,5830297,111
139275,11,4,4030931,4501042,2020,6,10,5,3,5,2,0,0,1,0,0,0,1,0,794223,6114,5825972,582
139276,11,2,2050602,2500728,2020,6,16,4,3,1,5,0,1,1,0,0,0,0,0,803046,5509,5827818,39
139277,11,9,9020501,9200510,2020,6,6,4,3,5,2,0,1,0,0,0,0,1,0,805850,9288,5823348,94
139278,11,2,2040701,2400623,2020,6,15,1,3,4,6,0,1,1,0,0,0,0,0,800926,8441,5826923,23
139279,11,5,5020524,5200528,2020,6,18,2,2,5,3,0,0,1,0,1,0,0,0,783813,9605,5826379,433
139280,11,10,10020622,10200629,2020,6,17,5,3,5,3,0,1,1,0,0,0,0,0,811035,462,5829168,941
139281,11,1,1011301,1100308,2020,6,10,5,2,8,1,0,1,0,0,0,0,0,0,797110,539,5827970,825
139282,11,3,3040818,3400829,2020,6,17,4,3,5,2,0,1,1,0,0,0,0,0,800000,8709,5833019,327
139283,11,9,9020501,9200510,2020,6,7,5,3,5,2,0,0,1,0,0,0,0,0,806427,9466,5822974,92
139284,11,8,8010117,8100102,2020,6,15,3,3,5,3,0,1,1,0,0,0,0,0,800145,3717,5823272,37
139285,11,1,1011204,1100207,2020,6,5,5,3,5,2,0,0,1,0,1,0,0,0,798615,4213,5826924,342
139286,11,5,5030730,5300736,2020,6,19,2,3,0,5,0,0,1,0,1,0,0,0,786645,3069,5829241,803
139287,11,8,8010213,8100208,2020,6,18,2,3,5,3,0,1,1,0,0,0,0,0,801637,5642,5822641,488
139288,11,5,5020627,5200632,2020,6,13,7,3,2,6,0,0,1,0,0,0,0,0,785674,1559,5828015,998
139289,11,4,4031032,4500937,2020,6,0,5,3,1,7,2,0,0,0,1,0,0,0,791328,8163,5825234,317
139290,11,11,11020412,11200411,2020,6,14,4,3,5,3,0,0,1,0,0,0,0,0,806173,57,5831395,213
139291,11,7,7030301,7300516,2020,6,9,5,3,5,2,0,0,1,0,0,0,0,0,793962,438,5822006,91
139292,11,12,12214125,12200412,2020,6,11,2,3,2,6,0,0,1,0,0,0,0,0,790398,276,5833695,283
139293,11,1,1022203,1200625,2020,6,17,2,3,2,2,0,0,1,0,0,0,0,0,795148,8428,5828487,441
139294,11,2,2030301,2300314,2020,6,17,6,3,0,5,0,1,1,0,0,0,0,0,799845,5944,5825805,958
139295,11,3,3050925,3500936,2020,6,17,5,3,2,2,0,0,1,0,0,0,0,1,802697,3278,5831786,299
139296,11,3,3040614,3400725,2020,6,14,4,3,5,3,0,1,1,0,0,0,0,0,799955,9753,5835682,927
139297,11,3,3030405,3300411,2020,6,21,7,3,1,5,0,0,1,0,0,0,0,0,804326,1839,5839616,46
139298,11,8,8010405,8100418,2020,6,9,5,3,0,3,0,1,1,0,0,0,0,0,802002,6495,5823720,378
139299,11,9,9030901,9300920,2020,6,9,5,3,1,5,0,1,1,0,0,0,0,0,807961,3704,5817853,525
139300,11,11,11041128,11401137,2020,6,17,3,3,4,6,0,1,0,0,0,0,0,0,807140,7287,5825728,706
139301,11,1,1011104,1100104,2020,6,8,5,3,5,2,0,1,1,0,0,0,0,0,796143,4679,5825693,807
139302,11,1,1044202,1401046,2020,6,14,7,3,3,6,0,1,1,0,0,0,0,0,794668,1006,5829870,51
139303,11,5,5020626,5200631,2020,6,11,3,3,2,6,0,0,1,0,0,0,0,0,784737,88,5827491,12
139304,11,1,1011302,1100309,2020,6,7,5,3,5,3,0,0,1,0,0,0,1,0,797993,2951,5828907,177
139305,11,6,6010102,6100102,2020,6,17,2,2,5,2,0,0,1,0,1,0,0,0,793792,384,5820810,582
139306,11,1,1044101,1400938,2020,6,17,2,3,1,5,0,1,1,0,0,0,0,0,793892,6904,5830229,336
139307,11,2,2020204,2200210,2020,6,23,6,3,5,3,2,0,0,0,1,0,1,0,798295,488,5825312,195
139308,11,7,7020201,7200307,2020,6,16,5,3,2,6,0,0,1,0,0,0,0,0,794932,96,5824627,567
139309,11,8,8010404,8100416,2020,6,19,4,3,6,7,0,0,1,1,0,0,0,0,801591,7352,5823018,469
139310,11,3,3061430,3601450,2020,6,16,7,3,2,6,0,0,1,0,0,0,0,0,802354,628,5829234,351
139311,11,1,1033203,1300836,2020,6,16,5,2,5,3,0,1,1,0,0,0,0,1,796566,4634,5830500,476
139312,11,7,7030301,7300517,2020,6,14,7,2,5,3,0,1,1,0,0,0,0,0,793949,5055,5822398,617
139313,11,2,2020205,2200211,2020,6,10,3,3,1,5,0,1,0,0,0,0,1,0,798656,1963,5824579,585
139314,11,4,4030931,4501042,2020,6,20,7,3,5,7,1,0,1,0,0,0,0,0,793920,5792,5825687,324
139315,11,2,2020204,2200210,2020,6,7,5,3,5,2,0,1,1,0,0,0,0,0,798005,4674,5825273,743
139316,11,2,2050601,2500726,2020,6,14,7,3,2,3,0,1,0,0,1,0,0,0,801858,9761,5829003,68
139317,11,8,8041038,8401244,2020,6,16,5,2,2,2,0,0,1,0,0,0,1,1,806251,2218,5816368,387
139318,11,8,8010213,8100208,2020,6,18,3,3,1,5,0,1,1,0,0,0,0,0,801028,5915,5822823,98
139319,11,3,3061228,3601245,2020,6,5,2,3,6,4,0,0,1,1,0,0,0,0,800156,463,5830854,642
139320,11,7,7040405,7400927,2020,6,15,5,3,5,2,0,0,1,0,0,0,1,0,799129,797,5821712,383
139321,11,12,12304313,12500825,2020,6,17,2,3,0,1,0,0,0,0,0,0,1,0,792333,56,5834075,748
139322,11,5,5010339,5100317,2020,6,17,2,3,0,2,0,1,1,0,0,0,0,0,787125,1883,5828129,753
139323,11,2,2010104,2100106,2020,6,15,5,2,5,2,0,1,1,0,0,0,0,0,799061,6276,5825597,127
139324,11,2,2020203,2200209,2020,6,17,5,3,6,4,0,0,1,1,0,0,0,1,797655,6113,5824023,303
139325,11,2,2050801,2500831,2020,6,16,2,3,5,2,0,0,1,0,1,0,0,0,803109,481,5827114,914
139326,11,8,8020619,8200623,2020,6,17,2,3,1,7,0,0,1,0,0,0,0,0,801424,6196,5821051,246
139327,11,3,3061227,3601243,2020,6,15,5,2,0,1,0,0,0,0,1,0,0,1,799440,3415,5831384,252
139328,11,6,6030502,6300525,2020,6,15,5,3,3,7,0,1,0,0,0,0,0,1,790224,9237,5815008,425
139329,11,11,11041128,11401135,2020,6,7,4,2,0,7,0,0,1,0,1,0,0,0,805960,368,5825334,698
139330,11,1,1022202,1200624,2020,6,9,5,3,5,2,0,1,0,0,0,0,1,0,795657,7106,5829732,303
139331,11,3,3061126,3601141,2020,6,13,7,3,5,3,0,1,1,0,0,0,0,0,799190,97,5831607,125
139332,11,3,3061441,3601453,2020,6,10,3,3,5,2,0,1,1,0,0,0,0,0,802391,1255,5828832,527
139333,11,3,3071633,3701657,2020,6,17,4,3,3,6,0,1,0,0,0,0,0,0,799987,5215,5830256,199
139334,11,10,10040933,10400940,2020,6,10,2,3,5,3,0,0,1,0,1,0,0,0,812540,5749,5825040,529
139335,11,9,9031201,9301227,2020,6,16,2,3,1,1,0,1,1,0,0,0,0,0,815047,4592,5815080,488
139336,11,9,9020601,9200613,2020,6,22,4,3,1,1,2,1,1,0,0,0,0,0,806483,8274,5821598,156
139337,11,6,6020306,6200317,2020,6,16,4,3,5,2,0,1,1,0,0,0,0,0,796367,9127,5816708,48
139338,11,11,11040925,11400927,2020,6,13,5,3,5,3,0,1,1,0,0,0,0,1,803698,1365,5826380,817
139339,11,2,2020202,2200208,2020,6,19,4,3,0,2,0,1,1,0,0,0,0,0,797941,3924,5825259,318
139340,11,6,6020302,6200312,2020,6,15,2,2,0,2,0,0,1,0,0,0,1,0,794842,9631,5819317,941
139341,11,1,1033201,1300834,2020,6,16,2,3,1,5,0,0,1,0,0,0,0,0,797786,1455,5830514,591
139342,11,7,7030303,7300619,2020,6,19,4,3,5,2,0,1,0,0,1,0,0,0,795808,4616,5822504,63
139343,11,4,4031032,4500938,2020,6,17,4,3,5,2,0,1,1,0,0,0,0,0,791912,7224,5824773,162
139344,11,7,7030303,7300619,2020,6,16,5,3,5,2,0,1,1,0,0,0,0,1,795246,6494,5822270,144
139345,11,4,4041133,4400725,2020,6,18,1,3,5,7,0,1,1,0,0,0,0,0,790563,6261,5825204,939
139346,11,5,5010314,5100316,2020,5,16,1,3,3,2,0,0,1,0,0,0,0,0,784979,5514,5829499,331
139347,11,2,2020205,2200211,2020,6,19,4,3,5,2,0,1,1,0,0,0,0,0,798254,3038,5824521,598
139348,11,1,1011401,1100414,2020,6,8,4,3,5,2,0,1,1,0,0,0,0,0,797424,578,5829329,401
139349,11,6,6020410,6200422,2020,6,10,4,3,1,5,0,1,1,0,0,0,0,0,793963,3613,5817015,737
139350,11,8,8030831,8301037,2020,6,6,4,2,2,6,0,0,1,0,0,0,0,0,804155,233,5817820,294
139351,11,6,6020409,6200421,2020,6,18,7,3,0,1,0,0,0,0,1,0,0,1,794099,8806,5818685,753
139352,11,4,4030623,4300622,2020,6,9,3,3,1,5,0,1,1,0,0,0,0,0,793678,9845,5826128,306
139353,11,4,4031032,4500937,2020,6,6,4,3,5,7,0,0,1,0,1,0,0,0,791589,4204,5825441,389