OBJECTID,LAND,BEZ,LOR,LOR_ab_2021,UJAHR,UMONAT,USTUNDE,UWOCHENTAG,UKATEGORIE,UART,UTYP1,ULICHTVERH,IstRad,IstPKW,IstFuss,IstKrad,IstGkfz,IstSonstige,USTRZUSTAND,LINREFX,LINREFY,XGCSWGS84,YGCSWGS84
139354,11,6,6030606,6300630,2020,6,12,2,3,5,2,0,0,1,0,1,0,0,0,793670,1714,5819157,254
139355,11,8,8010510,8100521,2020,5,23,1,3,5,3,2,0,1,0,0,0,0,0,803463,1016,5822050,728
139356,11,11,11051229,11501238,2020,6,17,6,3,5,3,0,1,0,0,0,0,0,0,803736,9271,5826209,997
139357,11,1,1011303,1100310,2020,6,22,4,3,5,2,2,0,1,0,0,0,0,0,799245,365,5828468,812
139358,11,9,9020802,9200819,2020,6,15,4,2,6,4,0,0,1,1,0,0,0,0,810452,8934,5819924,861
139359,11,8,8010404,8100417,2020,6,14,7,3,0,7,0,1,0,0,0,0,0,0,802188,4676,5823357,515
139360,11,8,8010404,8100415,2020,5,19,1,3,5,7,0,0,1,0,0,0,0,0,801569,7785,5823589,945
139361,11,6,6030605,6300629,2020,6,22,4,2,0,1,2,1,0,0,0,0,0,0,791873,8068,5819135,37
139362,11,12,12103219,12100204,2020,6,19,4,3,2,6,0,0,1,0,0,0,0,0,793816,523,5832719,856
139363,11,2,2040701,2400623,2020,6,14,3,2,0,6,0,1,0,0,0,0,0,0,800621,7462,5827235,588
139364,11,11,11040926,11400928,2020,6,19,4,3,5,7,0,1,1,0,0,0,0,0,804050,46,5826307,591
139365,11,3,3040513,3400620,2020,6,19,1,3,4,6,0,1,1,0,0,0,0,0,797167,663,5833579,157
139366,11,7,7010104,7100205,2020,5,19,1,3,5,3,0,1,1,0,0,0,0,0,796355,9797,5825093,333
139367,11,9,9041402,9401432,2020,6,19,4,2,3,6,0,1,1,0,0,0,0,0,812246,3717,5820068,177
139368,11,2,2010101,2100101,2020,6,18,4,2,5,3,0,0,1,0,0,0,0,0,797373,6674,5826183,353
139369,11,1,1033201,1300834,2020,6,9,4,3,0,3,0,1,0,0,1,0,0,0,797972,2761,5830852,291
139370,11,11,11030721,11300725,2020,6,18,4,2,5,3,0,0,1,0,1,0,0,0,804959,8712,5827935,818
139371,11,2,2030302,2300316,2020,6,16,3,3,5,2,0,1,0,0,0,0,0,0,801241,56,5826205,578
139372,11,7,7050505,7501134,2020,6,12,4,2,4,6,0,0,1,0,0,0,0,0,799659,9511,5819025,737
139373,11,3,3040818,3400829,2020,6,12,2,3,2,7,0,0,1,0,0,0,0,0,799666,6965,5832767,678
139374,11,7,7050505,7501134,2020,5,17,1,3,0,1,0,0,0,0,1,0,0,0,798993,5684,5819077,134
139375,11,8,8010508,8100520,2020,6,13,6,3,0,2,0,1,1,0,0,0,0,0,803003,3237,5822810,57
139376,11,9,9020702,9200717,2020,6,11,4,3,5,3,0,1,1,0,0,0,0,0,809364,6466,5819655,819
139377,11,1,1011303,1100310,2020,6,15,4,3,2,6,0,0,0,0,1,0,1,0,799212,9932,5828465,147
139378,11,3,3040512,3400619,2020,6,23,7,3,5,3,2,1,1,0,0,0,0,0,796296,9332,5835140,563
139379,11,8,8041037,8401243,2020,6,10,4,3,5,7,0,1,1,0,0,0,0,0,805477,5624,5817215,158
139380,11,10,10020622,10200629,2020,6,12,7,3,5,2,0,0,1,0,0,0,0,0,810380,3036,5827953,764
139381,11,10,10040933,10400941,2020,6,10,4,3,5,3,0,1,1,0,0,0,0,0,813024,6327,5824671,263
139382,11,3,3040512,3400619,2020,6,19,3,2,5,7,0,0,1,0,0,0,0,0,795813,2721,5835200,271
139383,11,6,6040804,6400838,2020,6,8,4,3,5,3,0,0,1,0,0,0,0,0,788149,1865,5818734,107
139384,11,12,12214527,12200515,2020,6,19,7,3,1,5,0,1,1,0,0,0,0,0,790404,582,5835314,135
139385,11,7,7020201,7200307,2020,6,18,2,3,0,5,0,1,1,0,0,0,0,0,794957,1533,5824156,386
139386,11,12,12103219,12100204,2020,6,17,4,3,2,6,0,0,1,0,0,0,0,0,794422,502,5832537,414
139387,11,2,2020204,2200210,2020,6,16,2,3,5,3,0,1,1,0,0,0,0,0,798533,8248,5824758,256
139388,11,9,9030901,9300920,2020,6,13,3,3,8,1,0,0,1,0,0,0,0,0,808016,219,5816995,798
139389,11,5,5040936,5400943,2020,6,18,4,3,5,2,0,1,1,0,0,0,0,0,780520,7842,5820690,843
139390,11,9,9010202,9100203,2020,6,18,2,3,5,3,0,0,1,0,1,0,0,0,803960,3503,5823452,472
139391,11,6,6040804,6400838,2020,5,19,1,2,7,7,1,0,0,0,1,0,0,0,788490,2503,5821210,432
139392,11,1,1011303,1100310,2020,6,10,6,2,9,1,0,0,1,0,0,0,0,0,799437,971,5828842,603
139393,11,3,3050923,3500934,2020,6,16,4,3,1,5,0,1,1,0,0,0,0,0,800691,9551,5831934,529
139394,11,5,5010208,5100210,2020,6,13,4,2,0,2,0,0,1,0,1,0,0,0,783729,181,5830615,648
139395,11,7,7010103,7100204,2020,6,18,7,3,1,5,0,1,1,0,0,0,0,1,795107,9879,5824769,802
139396,11,11,11010310,11100309,2020,6,16,4,3,2,6,0,0,1,0,0,0,0,0,805312,7959,5833220,901
139397,11,12,12103115,12100103,2020,6,15,4,3,2,6,0,0,1,0,0,0,0,0,795749,1291,5833621,41
139398,11,7,7010102,7100102,2020,6,15,3,3,1,5,0,1,1,0,0,0,0,0,795139,3003,5825599,23
139399,11,1,1011101,1100101,2020,5,18,1,3,4,6,1,1,0,0,1,0,0,0,794590,5529,5826146,69
139400,11,3,3061430,3601450,2020,6,15,4,3,2,6,0,0,1,0,0,0,1,0,802339,2738,5829200,473
139401,11,2,2020205,2200211,2020,6,16,2,3,5,2,0,1,1,0,0,0,0,0,798555,5863,5824513,796
139402,11,6,6020411,6200423,2020,5,17,1,3,2,7,0,0,1,0,0,0,0,0,793346,6511,5816264,586
139403,11,6,6030504,6300528,2020,6,15,4,3,5,7,0,0,1,0,1,0,0,0,790079,548,5815807,409
139404,11,9,9051901,9501939,2020,6,17,5,2,5,3,0,1,1,0,0,0,0,1,811001,4405,5821743,693
139405,11,9,9010302,9100306,2020,6,17,1,3,0,1,0,1,0,0,0,0,0,0,804550,4646,5820091,606
139406,11,3,3051022,3501038,2020,5,17,1,3,1,5,0,1,1,0,0,0,0,0,803305,7786,5831549,149
139407,11,9,9010202,9100203,2020,6,14,4,3,5,7,0,0,1,0,0,0,0,0,803889,7893,5823175,166
139408,11,12,12301203,12500930,2020,6,15,4,3,5,2,0,1,1,0,0,0,0,0,792844,8139,5835127,368
139409,11,2,2010102,2100102,2020,6,17,4,3,1,5,0,1,1,0,0,0,0,0,798142,8949,5826223,553
139410,11,1,1011101,1100101,2020,6,14,4,3,3,6,0,1,1,0,0,0,0,0,794963,855,5825958,603
139411,11,6,6010102,6100102,2020,6,12,7,3,5,2,0,1,1,0,0,0,0,0,793732,6268,5821047,727
139412,11,5,5020524,5200528,2020,5,13,1,3,2,6,0,0,1,0,0,0,0,0,783900,4739,5826594,16
139413,11,8,8020622,8200727,2020,6,14,4,3,6,4,0,0,1,1,0,0,0,0,802248,4661,5819059,119
139414,11,11,11020513,11200512,2020,6,14,4,3,5,7,0,0,1,0,0,0,1,0,803173,8392,5830371,395
139415,11,2,2040701,2400623,2020,6,18,4,2,5,3,0,1,1,0,0,0,0,0,800593,12,5827054,91
139416,11,12,12301205,12500928,2020,6,16,7,3,1,5,0,1,1,0,0,0,0,0,792260,499,5837441,2
139417,11,10,10010310,10100313,2020,6,14,4,3,5,3,0,0,1,0,0,0,1,0,809227,6721,5831404,66
139418,11,3,3050923,3500934,2020,6,6,3,3,5,3,0,0,1,0,0,0,1,0,800420,7688,5832298,613
139419,11,2,2050802,2500834,2020,6,14,4,3,5,3,0,1,1,0,0,0,0,0,802550,4763,5826711,739
139420,11,12,12103117,12100101,2020,6,15,2,2,5,2,0,0,1,0,1,0,0,0,796373,6861,5832793,82
139421,11,5,5010313,5100315,2020,5,13,1,2,5,2,0,0,1,0,1,0,0,0,784665,788,5829707,58
139422,11,2,2050601,2500726,2020,6,11,4,1,5,2,0,1,0,0,0,1,0,0,801992,5903,5828251,977
139423,11,2,2010102,2100102,2020,6,17,4,3,5,3,0,1,1,0,0,0,0,0,797971,3841,5826082,886
139424,11,2,2010102,2100102,2020,6,16,5,3,5,3,0,0,1,0,1,0,0,1,798070,4619,5826355,713
139425,11,1,1022101,1200517,2020,6,17,1,3,1,5,0,0,1,0,0,0,1,0,793272,611,5828544,631
139426,11,9,9051801,9501838,2020,5,12,1,3,5,7,0,1,1,0,0,0,0,0,819450,9123,5819880,73
139427,11,7,7060604,7601340,2020,6,14,4,3,2,2,0,0,1,0,0,0,1,0,796571,3437,5815881,756
139428,11,8,8041037,8401243,2020,6,13,4,3,5,2,0,0,1,0,0,0,0,0,805092,7968,5817916,852
139429,11,8,8041037,8401243,2020,6,10,4,3,5,2,0,0,1,0,0,0,0,0,805543,2917,5818561,593
139430,11,7,7060604,7601339,2020,6,13,4,3,5,2,0,1,1,0,0,0,0,0,795525,3937,5816092,174
139431,11,1,1011203,1100206,2020,6,8,3,3,5,3,0,0,1,0,1,0,0,0,798035,6309,5827401,341
139432,11,5,5010311,5100313,2020,6,11,4,3,0,6,0,0,1,0,0,0,1,0,785401,3472,5830332,932
139433,11,6,6040808,6400842,2020,6,8,2,3,5,2,0,1,1,0,0,0,0,0,790013,9828,5819787,241
139434,11,5,5020417,5200420,2020,5,12,1,3,5,2,0,1,1,0,0,0,0,0,781905,1165,5828691,401
139435,11,3,3061228,3601245,2020,6,10,3,3,5,3,0,0,1,0,0,0,1,0,800185,478,5830935,652
139436,11,2,2020204,2200210,2020,6,12,3,3,2,6,0,0,1,0,1,0,0,0,798445,9068,5824771,655
139437,11,2,2020204,2200210,2020,6,9,2,3,0,4,0,1,0,1,0,0,0,0,798292,8201,5824822,864
139438,11,8,8010118,8100104,2020,5,10,1,3,2,6,0,0,1,0,1,0,0,0,800765,484,5822748,34
139439,11,2,2020203,2200208,2020,6,9,3,2,3,6,0,1,0,0,0,0,0,0,797339,6058,5824886,656
139440,11,10,10010206,10100209,2020,6,16,4,3,5,3,0,1,1,0,0,0,0,0,809294,1682,5831945,947
139441,11,1,1011201,1100207,2020,6,18,4,3,5,2,0,1,1,0,0,0,0,0,797902,3162,5826578,31
139442,11,6,6040809,6400843,2020,6,18,1,3,5,3,0,0,1,0,0,0,0,0,791533,8897,5819563,866
139443,11,1,1011201,1100205,2020,5,17,1,3,5,3,0,1,1,0,0,0,0,0,797158,6193,5826452,623
139444,11,4,4030931,4501042,2020,6,21,3,3,6,4,1,1,0,1,0,0,0,0,794327,9316,5825949,5
139445,11,3,3010102,3100103,2020,6,19,3,3,5,2,0,1,1,0,0,0,0,0,804237,1912,5841130,874
139446,11,2,2040502,2400521,2020,6,8,4,3,5,2,0,1,1,0,0,0,0,0,800415,7378,5828046,205
139447,11,6,6040701,6400735,2020,6,19,3,2,5,2,0,1,0,0,0,0,0,0,784466,6035,5816997,24
139448,11,1,1033201,1300834,2020,6,12,7,2,6,7,0,1,0,1,0,0,0,0,797899,3623,5830330,293
139449,11,6,6040808,6400842,2020,6,15,3,3,5,3,0,1,1,0,0,0,0,0,790552,2382,5821756,26
139450,11,1,1011204,1100207,2020,6,19,3,3,6,7,0,0,1,1,0,0,0,0,797837,5016,5826969,187
139451,11,2,2020205,2200211,2020,6,20,2,3,5,7,0,1,1,0,0,0,0,0,797806,6369,5824595,977
139452,11,2,2020206,2200213,2020,5,5,1,2,4,7,0,0,1,0,0,0,0,0,799407,6478,5824952,229
139453,11,9,9020802,9200819,2020,6,18,6,3,5,3,0,1,1,0,0,0,0,0,809839,7654,5819988,25
139454,11,2,2020204,2200210,2020,6,16,3,3,5,2,0,1,1,0,0,0,0,0,798570,7375,5825153,25
139455,11,5,5020419,5200423,2020,6,14,4,3,5,2,0,0,1,0,0,0,0,0,780873,5084,5828323,787
139456,11,2,2020205,2200211,2020,6,11,7,3,6,7,0,1,0,1,0,0,0,0,798329,2187,5824099,987
139457,11,9,9051702,9501737,2020,6,12,3,2,3,6,0,1,1,0,0,0,0,0,814797,4928,5821269,478
139458,11,9,9020502,9200512,2020,6,18,3,3,1,5,0,1,1,0,0,0,0,0,807914,4489,5822039,694
139459,11,1,1044202,1401047,2020,6,18,3,3,1,5,0,1,1,0,0,0,0,0,795450,7341,5830649,54
139460,11,1,1044201,1401043,2020,6,17,6,3,2,6,0,0,1,0,0,0,1,1,795975,4686,5831253,539
139461,11,7,7010104,7100205,2020,6,18,3,3,5,2,0,1,1,0,0,0,0,0,796016,734,5824976,293
139462,11,5,5030730,5300736,2020,6,15,4,2,5,2,0,0,1,0,1,0,0,0,786097,5613,5829140,785
139463,11,8,8010404,8100415,2020,6,22,7,3,5,7,2,1,1,0,0,0,0,0,801387,8047,5823754,66
139464,11,1,1011303,1100310,2020,6,16,3,3,2,6,0,0,1,0,0,0,0,0,799274,9238,5828508,348
139465,11,6,6030608,6300632,2020,6,16,3,3,0,4,0,0,0,1,0,0,1,0,792658,8324,5817306,82
139466,11,5,5020626,5200631,2020,6,19,3,3,6,7,0,0,1,1,0,0,0,0,784934,3867,5827595,396
139467,11,1,1011201,1100205,2020,6,16,3,2,5,2,0,0,1,0,1,0,0,0,797577,5394,5826520,822
139468,11,2,2050801,2500832,2020,6,12,3,2,0,1,0,1,0,0,0,0,0,0,803374,659,5826684,122
139469,11,7,7020202,7200308,2020,6,15,3,3,3,6,0,1,1,0,0,0,0,0,794828,7489,5823465,399
139470,11,3,3061228,3601245,2020,6,17,2,2,5,3,0,0,1,0,1,0,0,0,800678,4265,5830666,459
139471,11,10,10010309,10100312,2020,5,17,1,3,5,3,0,1,1,0,0,0,0,0,807841,9373,5829091,164
139472,11,9,9010101,9100101,2020,6,16,6,3,1,5,0,1,1,0,0,0,0,0,801771,5909,5824810,452
139473,11,3,3020307,3200309,2020,6,16,3,3,0,7,0,1,0,0,0,0,0,0,800744,7,5836893,968
139474,11,5,5010314,5100316,2020,6,20,4,3,5,2,1,1,1,0,0,0,0,0,784785,3359,5828822,841
139475,11,2,2020206,2200213,2020,6,17,7,3,5,3,0,1,1,0,0,0,0,0,799370,134,5825175,46
139476,11,2,2030401,2300418,2020,6,15,3,3,6,7,0,1,0,1,0,0,0,0,801225,7571,5825250,152
139477,11,2,2020203,2200209,2020,6,14,3,3,0,7,0,0,1,0,0,0,1,0,797517,3826,5824026,241
139478,11,1,1044201,1401045,2020,6,15,3,3,3,6,0,0,0,0,1,0,1,0,796498,5342,5831901,557
139479,11,8,8010118,8100104,2020,6,15,2,3,6,4,0,0,1,1,0,0,0,0,800942,1124,5822306,161
139480,11,5,5010310,5100312,2020,5,16,1,2,1,5,0,0,1,0,0,0,0,0,784733,5274,5830557,599
139481,11,7,7060604,7601340,2020,5,1,1,2,9,1,2,0,1,0,0,0,0,0,796574,9475,5815867,42
139482,11,8,8010303,8100314,2020,6,15,3,3,2,7,0,1,1,0,0,0,0,0,801002,2352,5823902,622
139483,11,4,4010103,4100102,2020,6,21,2,3,3,6,1,0,1,0,0,0,0,0,791145,7462,5829115,13
139484,11,4,4020310,4200308,2020,5,17,1,3,2,6,0,0,1,0,0,0,0,0,789386,686,5827509,962
139485,11,1,1011301,1100308,2020,6,15,3,3,1,5,0,0,1,0,0,0,1,0,797527,8243,5828757,579
139486,11,11,11040926,11400931,2020,6,17,5,3,5,3,0,1,1,0,0,0,0,0,806136,2744,5827312,766
139487,11,1,1011105,1100102,2020,6,16,2,3,5,2,0,1,1,0,0,0,0,0,796635,518,5826670,283
139488,11,11,11030619,11300620,2020,5,17,1,3,0,2,0,0,1,0,1,0,0,0,804208,9952,5829078,218
139489,11,5,5020629,5200634,2020,6,14,3,2,1,5,0,0,1,0,0,0,0,0,785191,7637,5827662,176
139490,11,10,10040932,10400939,2020,6,14,3,3,0,2,0,1,1,0,0,0,0,0,813015,7361,5827636,645
139491,11,1,1011104,1100104,2020,6,8,4,3,5,2,0,1,1,0,0,0,0,0,796254,4584,5825960,287
139492,11,7,7030301,7300516,2020,6,16,7,3,5,2,0,1,1,0,0,0,0,0,793989,3422,5821547,807
139493,11,4,4041134,4400726,2020,6,15,3,3,2,6,0,0,1,0,0,0,0,0,790857,3473,5824365,942
139494,11,11,11030720,11300721,2020,6,10,3,3,5,3,0,0,1,0,0,0,1,0,804919,8596,5829936,705
139495,11,2,2050602,2500728,2020,6,14,3,3,5,6,0,0,1,0,0,0,0,0,802803,5156,5828237,159
139496,11,7,7010102,7100103,2020,6,12,2,3,5,2,0,1,1,0,0,0,0,0,795870,9445,5825420,374
139497,11,2,2050801,2500830,2020,5,16,1,3,1,5,0,1,1,0,0,0,0,0,802275,8588,5827497,84
139498,11,2,2010104,2100106,2020,6,13,3,2,5,2,0,0,1,0,1,0,0,0,799067,7236,5825600,247
139499,11,3,3040614,3400722,2020,6,16,4,3,5,3,0,1,0,0,0,0,0,0,798377,497,5834193,783
139500,11,2,2010101,2100101,2020,6,12,5,3,5,2,0,1,1,0,0,0,0,0,797858,107,5825635,107
139501,11,11,11030721,11300722,2020,6,20,1,3,5,3,0,0,1,0,0,0,1,0,804251,9204,5828690,858
139502,11,8,8020620,8200624,2020,5,16,1,3,5,7,0,0,1,0,0,0,0,0,801036,2065,5820591,557
139503,11,10,10040830,10400837,2020,6,13,3,3,5,3,0,1,1,0,0,0,0,0,810593,4497,5825391,14
139504,11,12,12301205,12500928,2020,6,13,3,3,5,3,0,0,1,0,1,0,0,0,792602,8711,5837527,997
139505,11,12,12231101,12400722,2020,6,9,4,3,5,2,0,0,1,0,1,0,0,0,791117,981,5838211,768
139506,11,7,7030301,7300515,2020,6,10,3,3,5,7,0,0,1,0,0,0,0,0,793769,5065,5822843,384
139507,11,12,12214424,12200309,2020,6,17,4,3,3,6,0,0,1,0,1,0,0,0,793530,3143,5832379,535
139508,11,7,7050501,7501029,2020,6,17,5,3,5,3,0,1,1,0,0,0,0,1,797106,9731,5819477,975
139509,11,9,9041501,9401534,2020,6,11,1,2,0,1,0,1,0,0,0,0,0,1,810880,2948,5820634,821
139510,11,1,1011306,1100313,2020,5,15,1,2,1,5,0,1,1,0,0,0,0,0,800023,9951,5827056,171
139511,11,3,3050925,3500936,2020,6,9,3,2,0,3,0,0,1,0,1,0,0,0,802064,3359,5831018,196
139512,11,6,6030503,6300526,2020,6,12,3,3,5,2,0,1,1,0,0,0,0,0,788365,7693,5817759,846
139513,11,3,3020307,3200309,2020,6,11,4,2,0,1,0,1,0,0,0,0,0,0,800039,8915,5837333,134
139514,11,1,1044101,1400938,2020,6,8,3,3,5,2,0,1,1,0,0,0,0,0,794434,1466,5831457,389
139515,11,3,3061131,3601142,2020,6,9,3,2,5,2,0,1,0,0,0,1,0,0,798869,8108,5830455,997
139516,11,8,8010406,8100419,2020,6,8,3,3,1,5,0,1,1,0,0,0,0,0,802434,7043,5824101,22
139517,11,11,11030619,11300620,2020,6,9,2,3,5,2,0,1,0,0,0,0,0,0,803796,9146,5829131,679
139518,11,1,1033101,1300732,2020,5,14,1,2,6,4,0,0,1,1,0,0,0,0,797376,4128,5832446,439
139519,11,3,3030711,3300514,2020,6,8,3,3,5,2,0,1,1,0,0,0,0,0,801426,995,5836111,578
139520,11,6,6010207,6100207,2020,6,15,4,3,1,5,0,1,1,0,0,0,0,0,794208,178,5820147,842
139521,11,2,2010104,2100106,2020,6,13,1,2,5,2,0,1,1,0,0,0,0,0,799858,9868,5825691,642
139522,11,3,3061131,3601142,2020,5,13,1,3,0,7,0,1,0,0,0,0,0,0,798775,1992,5831025,514
139523,11,6,6030504,6300528,2020,6,8,3,3,2,7,0,1,0,0,0,0,1,0,790698,9832,5816836,832
139524,11,7,7060604,7601340,2020,6,7,3,2,5,2,0,1,1,0,0,0,0,0,796591,2823,5815876,27
139525,11,3,3061430,3601450,2020,6,10,3,3,5,2,0,1,1,0,0,0,0,0,802236,16,5829337,394
139526,11,1,1011402,1100416,2020,6,7,3,3,2,7,0,1,1,0,0,0,0,0,798505,8472,5829096,165
139527,11,8,8010303,8100314,2020,6,14,3,3,5,7,0,1,1,0,0,0,0,0,801013,6738,5824039,388
139528,11,12,12224230,12400618,2020,6,7,3,3,5,2,0,1,1,0,0,0,0,0,787287,332,5837903,125
139529,11,10,10020622,10200629,2020,6,7,3,3,1,5,0,1,0,0,0,0,1,0,811111,586,5828333,407
139530,11,4,4030415,4300412,2020,6,8,3,2,6,4,0,0,1,1,0,0,0,0,790759,8113,5827536,211
139531,11,7,7050501,7501029,2020,6,12,3,3,5,2,0,1,0,0,0,0,1,0,797211,4466,5818625,485
139532,11,7,7040403,7400823,2020,6,11,2,3,2,2,0,0,1,0,0,0,0,0,796922,9252,5822282,416
139533,11,1,1033203,1300836,2020,5,17,1,3,0,6,0,0,1,0,0,0,1,0,796834,8644,5831313,595
139534,11,8,8010510,8100521,2020,6,16,6,3,5,3,0,0,1,0,0,0,0,0,803462,7542,5822050,303
139535,11,10,10040931,10400938,2020,6,5,3,3,2,6,0,0,1,0,0,0,0,0,813691,227,5828259,486
139536,11,2,2020204,2200210,2020,6,15,4,3,5,7,0,1,1,0,0,0,0,0,798533,7539,5824757,625
139537,11,1,1022103,1200517,2020,6,20,7,3,5,3,0,1,1,0,0,0,0,0,793407,9128,5829570,113
139538,11,2,2030302,2300316,2020,6,19,3,3,5,3,0,1,1,0,0,0,0,0,800721,7204,5826208,98
139539,11,3,3040818,3400830,2020,6,12,7,3,5,2,0,0,1,0,0,0,0,0,800023,6891,5833422,285
139540,11,7,7020204,7200412,2020,6,12,3,3,5,2,0,0,1,0,1,0,0,0,796295,3203,5823018,464
139541,11,3,3040614,3400721,2020,6,19,3,3,6,6,0,1,0,1,0,0,0,0,797890,6387,5833084,478
139542,11,3,3040512,3400619,2020,6,16,3,2,1,7,0,0,1,0,1,0,1,0,795761,3883,5835075,991
139543,11,10,10010311,10100316,2020,6,11,7,3,2,6,0,0,1,0,0,0,0,0,810709,794,5831992,834
139544,11,9,9020802,9200819,2020,6,11,2,3,0,6,0,0,1,0,0,0,1,0,809757,656,5820492,822
139545,11,4,4010102,4100101,2020,6,18,2,3,0,6,0,0,1,0,0,0,1,0,793084,409,5830252,73
139546,11,2,2050601,2500726,2020,6,17,2,3,5,3,0,1,1,0,1,0,0,0,801971,3299,5829016,554
139547,11,8,8010301,8100310,2020,5,22,7,3,1,5,2,1,1,0,0,0,0,0,800991,4967,5824796,775
139548,11,8,8010301,8100310,2020,6,19,4,3,3,6,0,1,1,0,0,0,0,0,800559,6308,5825015,615
139549,11,6,6020301,6200311,2020,6,15,7,2,2,7,0,0,1,0,0,0,0,0,795835,4584,5819064,329
139550,11,5,5030731,5300737,2020,6,16,7,2,5,2,0,0,1,0,0,0,0,0,788003,6264,5829673,507
139551,11,5,5010314,5100316,2020,6,22,2,2,5,3,2,0,1,0,0,0,0,0,784499,2746,5828871,101
139552,11,9,9041601,9401635,2020,6,12,4,3,1,5,0,0,1,0,1,0,0,0,817007,1283,5817133,508
139553,11,3,3061429,3601449,2020,6,15,4,3,5,3,0,1,1,0,0,0,0,0,801413,183,5830904,938
139554,11,2,2030301,2300314,2020,6,19,2,3,5,2,0,1,1,0,0,0,0,0,799603,8485,5826091,425
139555,11,4,4020204,4200203,2020,6,19,2,3,1,5,0,1,1,0,0,0,0,0,788189,4749,5826894,242
139556,11,6,6020305,6200316,2020,6,18,2,3,4,6,0,1,0,0,0,0,0,0,795878,3175,5818104,877
139557,11,5,5020625,5200629,2020,6,11,4,3,5,7,0,0,1,0,0,0,0,0,784189,7329,5828731,419
139558,11,2,2020206,2200212,2020,6,18,2,3,0,7,0,1,1,0,0,0,0,0,799260,255,5824660,428
139559,11,2,2020205,2200211,2020,6,10,4,3,6,4,0,1,0,1,0,0,0,0,798652,8167,5824571,144
139560,11,4,4030931,4501042,2020,6,17,2,3,5,7,0,0,1,0,0,0,0,0,793855,8986,5826060,109
139561,11,4,4030621,4300620,2020,6,13,5,2,3,6,0,1,1,0,0,0,0,0,793220,9718,5827792,972
139562,11,2,2030402,2300419,2020,6,10,4,2,5,2,0,1,1,0,0,0,0,0,801770,2529,5825801,321
139563,11,1,1011401,1100415,2020,6,17,2,3,5,5,0,1,1,0,0,0,0,0,798175,648,5829605,825
139564,11,7,7020203,7200409,2020,6,16,2,3,5,2,0,1,1,0,0,0,0,0,795224,7897,5824368,521
139565,11,2,2040502,2400521,2020,6,16,2,2,0,1,0,1,0,0,0,0,0,0,800716,8864,5828488,16
139566,11,1,1011302,1100309,2020,6,16,2,3,2,6,0,1,1,0,0,0,0,0,797579,3084,5828732,66
139567,11,4,4051446,4501043,2020,6,10,4,3,5,3,0,1,1,0,0,0,0,0,792956,2994,5825133,17
139568,11,4,4051549,4501146,2020,6,15,2,3,2,6,0,0,1,0,1,0,0,0,792461,765,5824085,243
139569,11,9,9010202,9100203,2020,6,12,2,3,2,6,0,0,1,0,0,0,1,0,803975,5225,5823467,455
139570,11,7,7060604,7601341,2020,6,11,5,3,2,6,0,0,1,0,1,0,0,0,797580,9474,5815565,188
139571,11,3,3061131,3601142,2020,6,9,4,3,5,3,0,0,1,0,0,0,0,0,799173,4332,5830743,896
139572,11,2,2020203,2200209,2020,6,23,2,3,1,5,2,1,1,0,0,0,0,0,797634,6083,5824022,168
139573,11,5,5010206,5100208,2020,6,13,2,3,5,2,0,1,1,0,0,0,0,0,782374,3895,5830505,202
139574,11,11,11040926,11400931,2020,6,22,2,2,5,3,2,1,0,0,1,0,0,0,806621,6551,5827360,87
139575,11,7,7030301,7300516,2020,6,9,4,3,5,3,0,1,1,0,0,0,0,0,793573,8253,5822125,7
139576,11,6,6020411,6200423,2020,6,15,4,3,5,2,0,0,1,0,0,0,0,0,793598,271,5815905,152
139577,11,2,2040703,2400625,2020,6,21,2,3,1,5,1,1,1,0,0,0,0,0,801359,9965,5826439,664
139578,11,11,11010207,11100206,2020,6,20,2,2,5,3,1,1,1,0,0,0,0,0,805428,7462,5834483,492
139579,11,3,3051017,3501037,2020,6,8,4,3,5,3,0,1,1,0,0,0,0,0,802304,4046,5833112,279
139580,11,2,2040502,2400521,2020,6,9,4,3,5,2,0,0,1,0,1,0,0,0,800415,4837,5828046,278
139581,11,6,6030609,6300633,2020,6,20,2,2,2,4,0,0,1,1,0,0,0,0,793214,4802,5819719,27
139582,11,9,9051801,9501838,2020,6,9,4,3,2,6,0,0,1,0,0,0,0,0,817182,2099,5821130,478
139583,11,11,11020411,11200410,2020,6,20,2,3,5,2,1,1,1,0,0,0,0,0,804986,9775,5833001,816
139584,11,8,8010508,8100520,2020,6,20,2,3,0,2,1,1,1,0,0,0,0,0,803002,866,5822811,9
139585,11,1,1011302,1100309,2020,6,9,5,3,0,6,0,1,1,0,0,0,0,0,798888,7071,5828592,5
139586,11,9,9020802,9200819,2020,6,8,4,3,5,2,0,1,1,0,0,0,0,0,810473,882,5820263,106
139587,11,7,7070701,7601442,2020,6,20,2,3,5,2,0,1,1,0,0,0,0,0,799274,2967,5816272,385
139588,11,1,1044202,1401047,2020,6,20,2,3,5,7,0,1,1,0,0,0,0,0,795529,3355,5830734,178
139589,11,6,6020411,6200423,2020,6,11,2,3,0,7,0,1,0,0,0,0,0,0,793726,1838,5815743,47