OBJECTID,LAND,BEZ,LOR,LOR_ab_2021,UJAHR,UMONAT,USTUNDE,UWOCHENTAG,UKATEGORIE,UART,UTYP1,ULICHTVERH,IstRad,IstPKW,IstFuss,IstKrad,IstGkfz,IstSonstige,USTRZUSTAND,LINREFX,LINREFY,XGCSWGS84,YGCSWGS84
139590,11,8,8020622,8200727,2020,6,8,4,3,6,7,0,0,1,1,0,0,0,0,802456,5011,5819142,524
139591,11,5,5020627,5200632,2020,6,15,4,2,2,6,0,0,1,0,1,0,0,0,786288,37,5828190,176
139592,11,1,1044102,1400940,2020,6,8,2,3,4,6,0,0,1,0,0,0,0,0,794948,835,5832003,25
139593,11,6,6020408,6200420,2020,6,8,2,3,6,2,0,0,0,1,0,0,1,0,792713,5606,5816243,44
139594,11,10,10030725,10300732,2020,6,7,2,3,6,4,0,0,1,1,0,0,0,0,810268,1889,5829484,834
139595,11,3,3050920,3500933,2020,6,8,4,2,5,3,0,1,1,0,0,0,0,0,801608,7264,5831820,354
139596,11,10,10020413,10200420,2020,6,7,2,3,0,1,0,1,0,0,0,0,0,0,812009,7017,5830593,207
139597,11,11,11030721,11300724,2020,6,6,2,3,5,3,0,1,1,0,0,0,0,0,804429,7888,5827859,723
139598,11,10,10040830,10400837,2020,6,6,2,3,5,3,0,1,1,0,0,0,0,0,810554,138,5825086,669
139599,11,3,3030715,3300516,2020,6,5,2,3,0,1,0,0,0,0,1,0,0,1,800934,9089,5833544,124
139600,11,6,6010102,6100102,2020,6,1,4,3,0,1,2,0,0,0,0,0,1,0,793656,6065,5820601,521
139601,11,6,6020409,6200421,2020,6,15,4,3,2,6,0,0,1,0,0,0,1,0,793568,7957,5817994,815
139602,11,5,5020524,5200528,2020,6,16,2,3,2,6,0,0,1,0,1,0,0,0,783770,3092,5826238,3
139603,11,1,1022206,1200628,2020,6,16,2,2,5,2,0,0,1,0,0,0,0,0,796050,208,5828133,29
139604,11,4,4010102,4100101,2020,6,16,2,3,1,5,0,0,1,0,0,0,0,0,792308,3802,5830561,17
139605,11,6,6020303,6200313,2020,6,8,3,3,0,5,0,0,1,0,0,0,0,0,795231,8525,5818142,305
139606,11,10,10040933,10400940,2020,6,15,2,3,4,6,0,1,0,0,0,0,0,0,813092,958,5826531,53
139607,11,4,4030726,4500936,2020,6,15,3,3,2,6,0,0,1,0,0,0,0,0,792147,9339,5825308,443
139608,11,5,5020417,5200420,2020,6,15,2,2,5,3,0,1,0,0,0,1,0,0,783583,3432,5828663,61
139609,11,11,11041128,11401136,2020,6,11,5,3,8,7,0,0,0,0,0,0,1,0,805863,6209,5825864,426
139610,11,11,11030721,11300722,2020,6,21,3,3,1,5,1,1,1,0,0,0,0,0,803827,1972,5827980,251
139611,11,5,5020418,5200421,2020,6,9,3,3,6,7,0,1,0,1,0,0,0,0,780888,4584,5828594,654
139612,11,12,12304313,12500825,2020,6,15,2,3,2,6,0,0,1,0,0,0,0,0,792392,8533,5835093,243
139613,11,8,8020726,8200831,2020,6,15,5,3,5,3,0,0,1,0,0,0,0,0,799573,8664,5816478,708
139614,11,2,2030401,2300417,2020,6,19,3,3,0,2,0,1,0,0,1,0,0,0,800465,773,5825258,11
139615,11,8,8020619,8200622,2020,6,14,2,3,5,2,0,0,1,0,0,0,0,0,801273,7567,5821490,719
139616,11,7,7070703,7601544,2020,6,14,2,3,3,6,0,0,1,0,1,0,0,0,798621,901,5814453,398
139617,11,1,1011301,1100308,2020,6,14,2,3,3,6,0,1,1,0,0,0,0,0,797523,9375,5828744,692
139618,11,7,7020204,7200413,2020,6,13,2,3,1,5,0,1,1,0,0,0,0,0,796118,4423,5823495,798
139619,11,1,1022206,1200628,2020,6,19,3,3,5,2,0,0,1,0,1,0,0,0,795784,3676,5828189,952
139620,11,12,12214422,12200310,2020,6,13,2,2,5,3,0,0,1,0,1,0,0,0,792187,9151,5832950,646
139621,11,2,2040502,2400521,2020,6,13,2,2,0,5,0,1,1,0,0,0,0,0,801260,2745,5827919,617
139622,11,3,3030715,3300516,2020,6,10,5,3,5,3,0,0,1,0,0,0,0,0,800943,4117,5833548,116
139623,11,1,1044202,1401047,2020,6,18,3,3,6,4,0,1,0,1,0,0,0,0,795889,7254,5830457,977
139624,11,6,6020410,6200422,2020,6,13,2,3,0,7,0,1,0,0,0,0,0,0,794674,2862,5816305,964
139625,11,2,2010102,2100102,2020,6,12,2,2,5,3,0,1,1,0,0,0,0,0,798248,7207,5826084,225
139626,11,1,1011103,1100103,2020,6,12,2,3,2,7,0,0,0,0,1,0,1,0,796055,1941,5825585,357
139627,11,2,2030301,2300314,2020,6,20,2,3,5,2,0,1,1,0,0,0,0,0,799901,9018,5825710,647
139628,11,6,6030501,6300524,2020,6,11,2,2,5,2,0,1,1,0,0,0,0,0,789357,946,5817365,66
139629,11,1,1022101,1200517,2020,6,18,3,3,5,2,0,0,1,0,1,0,0,0,793309,419,5829041,819
139630,11,2,2010101,2100101,2020,6,17,2,3,5,2,0,1,0,0,0,0,0,0,797838,2149,5825787,23
139631,11,1,1011302,1100309,2020,6,10,2,3,6,4,0,1,0,1,0,0,0,0,798642,174,5828819,459
139632,11,10,10020416,10200423,2020,6,8,5,3,5,2,0,0,1,0,1,0,0,0,813234,788,5831081,101
139633,11,7,7010101,7100101,2020,6,18,3,3,3,6,0,1,0,0,0,0,0,0,794786,5858,5825560,972
139634,11,5,5020521,5200524,2020,6,11,2,3,5,2,0,0,1,0,0,0,1,0,780345,1874,5827612,8
139635,11,3,3020307,3200310,2020,6,10,2,3,0,2,0,0,1,0,0,0,1,0,799675,7949,5837846,564
139636,11,5,5020524,5200528,2020,6,10,2,2,4,6,0,0,1,0,0,0,0,0,783645,1911,5825496,262
139637,11,1,1011101,1100101,2020,6,18,3,3,5,2,0,0,1,0,0,0,0,0,795247,263,5826624,124
139638,11,1,1033203,1300836,2020,6,21,4,3,5,3,2,0,1,0,0,0,0,0,796881,9756,5831208,72
139639,11,2,2020204,2200210,2020,6,8,2,3,0,7,0,1,0,0,0,0,0,0,798899,2071,5825119,953
139640,11,3,3030406,3300413,2020,6,16,2,1,5,2,0,0,1,0,1,0,0,0,802717,719,5837328,139
139641,11,2,2020204,2200210,2020,6,18,3,3,1,5,0,1,1,0,0,0,0,0,798187,6986,5824806,584
139642,11,1,1011401,1100415,2020,6,19,4,3,0,1,0,1,0,0,0,0,0,0,797806,9468,5829268,398
139643,11,3,3030716,3300517,2020,6,17,1,3,0,3,0,1,0,0,0,0,1,0,802446,7071,5834003,648
139644,11,6,6040810,6400844,2020,6,18,1,3,5,2,0,1,0,0,1,0,0,0,791395,3739,5820496,925
139645,11,6,6020301,6200311,2020,6,8,4,3,5,3,0,1,1,0,0,0,0,0,796238,483,5818263,634
139646,11,4,4051652,4501149,2020,6,22,1,3,2,7,2,1,1,0,0,0,0,0,793828,3084,5824514,13
139647,11,3,3010102,3100103,2020,6,8,4,3,6,4,0,0,1,1,0,0,0,0,804768,4187,5840684,787
139648,11,1,1033201,1300834,2020,6,22,1,3,5,2,2,1,1,0,0,0,0,0,798082,906,5829999,888
139649,11,1,1011202,1100206,2020,6,20,1,3,1,7,0,1,1,0,0,0,0,0,797569,791,5828037,498
139650,11,8,8030830,8300935,2020,6,18,3,2,4,6,0,0,1,0,1,0,0,0,802511,8719,5817976,347
139651,11,8,8010404,8100417,2020,6,14,4,3,5,3,0,1,1,0,0,0,0,0,802059,733,5822740,705
139652,11,4,4041136,4400728,2020,6,20,1,3,1,5,0,1,1,0,0,0,0,0,789887,5587,5823100,54
139653,11,6,6040810,6400844,2020,6,19,1,3,5,2,0,1,1,0,0,0,0,0,791273,2576,5821468,66
139654,11,8,8010214,8100209,2020,6,8,4,3,5,2,0,0,1,0,0,0,0,0,802065,1378,5821982,426
139655,11,8,8030830,8300935,2020,6,18,1,3,0,1,0,1,0,0,0,0,0,0,803027,3984,5817420,248
139656,11,3,3061227,3601243,2020,6,17,1,3,1,5,0,1,1,0,0,0,0,0,799294,6563,5831428,926
139657,11,1,1022103,1200517,2020,6,7,4,3,4,6,0,0,1,0,0,0,1,0,795002,3801,5829559,295
139658,11,3,3030715,3300516,2020,6,18,1,2,9,1,0,0,1,0,0,0,0,0,801103,5291,5834535,321
139659,11,10,10010308,10100311,2020,6,17,3,3,5,2,0,1,1,0,0,0,0,0,806548,8631,5829160,927
139660,11,9,9010302,9100306,2020,6,16,1,2,5,7,0,0,1,0,1,0,0,0,803784,7355,5820878,907
139661,11,9,9041501,9401534,2020,6,17,3,3,6,4,2,1,0,1,0,0,0,0,811289,2304,5820184,737
139662,11,1,1011202,1100206,2020,6,15,1,3,0,1,0,0,0,0,0,0,1,0,798370,9617,5827943,535
139663,11,4,4030623,4300622,2020,6,14,5,3,2,6,0,0,1,0,1,0,0,0,793603,96,5826428,394
139664,11,7,7020203,7200409,2020,6,17,3,3,0,5,0,0,1,0,0,0,0,0,795644,93,5824137,998
139665,11,7,7020204,7200414,2020,6,12,1,3,2,6,0,1,1,0,0,0,0,0,796285,1841,5823952,611
139666,11,8,8020727,8200832,2020,6,7,4,3,2,1,0,0,1,0,1,0,0,0,801752,438,5816992,706
139667,11,1,1011203,1100206,2020,6,11,1,3,5,5,0,1,1,0,0,0,0,0,798183,7211,5827311,38
139668,11,1,1044103,1400942,2020,6,11,1,3,2,6,0,0,1,0,0,0,0,0,795160,2051,5831040,856
139669,11,5,5010339,5100317,2020,6,17,3,3,2,6,0,0,1,0,0,0,0,0,787073,39,5828148,29
139670,11,4,4030621,4300620,2020,6,16,1,3,5,2,0,1,0,0,0,0,0,0,794160,6061,5827010,473
139671,11,2,2020204,2200210,2020,6,22,7,3,5,3,2,0,1,0,0,0,0,1,798290,7417,5824802,658
139672,11,4,4030623,4300622,2020,6,17,3,3,2,6,0,0,1,0,1,0,0,0,793880,8411,5826227,567
139673,11,8,8010301,8100310,2020,6,21,7,3,5,3,2,1,1,0,0,0,0,1,800573,1651,5825139,787
139674,11,2,2030402,2300419,2020,6,21,7,2,6,4,2,0,1,1,0,0,0,1,801598,8367,5825936,289
139675,11,5,5020523,5200527,2020,6,11,5,3,5,3,0,0,1,0,0,0,0,0,782958,4913,5827080,329
139676,11,10,10010310,10100315,2020,6,16,3,3,2,6,0,0,1,0,0,0,0,0,809849,8353,5831049,119
139677,11,8,8010301,8100311,2020,6,20,7,3,5,3,2,1,1,0,0,0,0,1,800513,1384,5824555,201
139678,11,1,1011303,1100310,2020,6,5,4,3,5,2,0,1,1,0,0,0,0,0,798742,7577,5828196,702
139679,11,12,12214527,12200515,2020,6,20,7,3,6,7,1,1,0,1,0,0,0,1,790098,4724,5834969,678
139680,11,1,1011304,1100311,2020,6,19,7,3,0,1,1,1,0,0,0,0,0,1,799921,5311,5827460,165
139681,11,12,12103117,12100101,2020,6,16,3,3,6,4,0,0,1,1,0,0,0,0,796186,6961,5832756,537
139682,11,1,1044102,1400940,2020,6,14,4,2,2,6,0,0,1,0,1,0,0,0,794941,8419,5832079,399
139683,11,10,10040931,10400938,2020,6,19,7,3,0,1,1,1,0,0,0,0,0,1,814341,2128,5830081,751
139684,11,3,3020209,3200206,2020,6,18,7,3,0,6,0,0,1,0,1,0,0,1,798080,484,5834691,485
139685,11,3,3061228,3601245,2020,6,7,5,3,0,7,0,1,0,1,0,0,0,0,801229,6035,5831030,124
139686,11,8,8030830,8300935,2020,6,9,3,3,1,5,0,0,1,0,0,0,0,0,802356,1366,5817870,232
139687,11,9,9020701,9200715,2020,6,16,7,2,0,7,0,1,0,0,0,0,0,0,808747,431,5819067,29
139688,11,1,1033201,1300834,2020,6,16,7,2,0,1,0,0,0,0,1,0,0,1,798021,1388,5830087,216
139689,11,1,1011302,1100309,2020,6,9,5,3,5,3,0,1,0,0,0,0,1,0,798534,7166,5828993,565
139690,11,5,5010314,5100316,2020,6,9,3,3,2,6,0,0,1,0,0,0,1,0,785279,541,5829297,33
139691,11,4,4030518,4300517,2020,6,16,7,1,5,3,0,1,1,0,0,0,0,0,791951,8424,5828403,504
139692,11,10,10010204,10100206,2020,6,14,7,2,2,6,0,0,1,0,0,0,0,1,809259,8984,5833260,697
139693,11,1,1022201,1200623,2020,6,14,7,3,1,5,0,1,1,0,0,0,0,0,795075,4828,5828944,33
139694,11,1,1011201,1100205,2020,6,16,3,3,0,1,0,1,0,0,0,0,0,0,797237,76,5827397,868
139695,11,1,1033101,1300730,2020,6,18,4,3,5,3,0,1,0,0,0,0,0,0,796666,2536,5831967,173
139696,11,8,8010404,8100417,2020,6,14,7,3,5,7,0,1,1,0,0,0,0,0,801896,849,5822706,888
139697,11,1,1033203,1300836,2020,6,14,7,3,0,2,0,1,1,0,0,0,0,0,796651,8436,5831080,656
139698,11,12,12214422,12200310,2020,6,18,4,3,5,2,0,1,1,0,0,0,0,0,792021,335,5833079,147
139699,11,1,1033101,1300732,2020,6,14,7,3,6,4,0,1,0,1,0,0,0,0,797301,5165,5832277,877
139700,11,12,12214424,12200411,2020,6,17,4,3,2,6,0,0,1,0,1,0,0,0,792879,4636,5832146,982
139701,11,9,9020802,9200819,2020,6,14,7,3,6,4,0,0,1,1,0,0,0,0,810399,5351,5819859,936
139702,11,1,1011101,1100101,2020,6,13,7,3,5,3,0,1,1,0,0,0,0,0,794723,2554,5826042,927
139703,11,1,1033203,1300836,2020,6,12,7,3,0,7,0,1,0,0,0,0,0,0,796691,5446,5829859,575
139704,11,8,8010117,8100102,2020,6,11,7,3,5,7,0,0,1,0,1,0,0,0,800559,1391,5823303,409
139705,11,3,3050923,3500934,2020,6,8,3,3,5,3,0,0,1,0,0,0,0,0,800427,8784,5832285,641
139706,11,6,6020304,6200314,2020,6,13,4,2,2,6,0,1,1,0,0,0,0,0,795040,7252,5817730,946
139707,11,12,12304314,12500824,2020,6,10,7,3,2,6,0,0,1,0,0,0,0,0,791157,473,5836351,744
139708,11,5,5020522,5200525,2020,6,11,7,2,5,3,0,0,1,0,1,0,0,0,781042,7114,5827419,538
139709,11,6,6020410,6200422,2020,6,6,7,3,5,3,0,0,1,0,0,0,0,0,794565,5185,5816332,734
139710,11,12,12304313,12500825,2020,6,15,3,2,5,2,0,0,1,0,1,0,0,0,792311,794,5835033,321
139711,11,1,1011202,1100206,2020,6,1,7,3,1,5,2,1,1,0,0,0,0,0,797713,6246,5827740,8
139712,11,3,3050925,3500936,2020,6,14,3,2,1,5,0,1,0,0,0,0,1,0,802071,9196,5831129,677
139713,11,1,1044202,1401047,2020,6,0,7,3,6,2,2,0,0,1,0,0,1,0,795532,489,5830731,948
139714,11,1,1044101,1400938,2020,6,12,5,3,0,2,0,1,1,0,0,0,0,0,793947,17,5830165,721
139715,11,7,7040403,7400823,2020,6,8,3,3,5,2,0,1,1,0,0,0,0,0,797268,9128,5821088,203
139716,11,11,11020412,11200411,2020,6,17,7,3,3,2,1,1,1,0,0,0,0,1,805714,4668,5831826,162
139717,11,1,1011305,1100312,2020,6,16,4,3,5,2,0,1,1,0,0,0,0,0,799690,207,5827210,72
139718,11,6,6020409,6200421,2020,6,15,5,3,6,6,0,1,0,1,0,0,0,0,793087,2141,5816647,605
139719,11,2,2020205,2200211,2020,6,14,3,3,3,6,0,1,1,0,0,0,0,0,798102,9947,5824547,145
139720,11,4,4010101,4100101,2020,6,13,6,2,5,2,0,1,0,0,0,0,1,0,790399,7261,5829029,346
139721,11,1,1011302,1100309,2020,6,20,6,2,3,6,0,1,1,0,0,0,0,0,798098,384,5828950,244
139722,11,4,4030930,4501041,2020,6,19,6,3,0,7,0,1,0,0,0,0,0,1,793293,579,5825653,371
139723,11,8,8010303,8100314,2020,6,18,6,3,0,1,0,1,0,0,0,0,0,0,801231,177,5823807,384
139724,11,1,1011302,1100309,2020,6,8,3,3,0,1,0,1,0,0,0,0,0,0,799032,7051,5828941,845
139725,11,12,12214423,12200308,2020,6,18,6,3,0,1,0,0,1,0,1,0,0,0,792812,6641,5833245,471
139726,11,12,12214423,12200308,2020,6,18,6,3,5,3,0,0,1,0,0,0,1,0,792577,7041,5833283,41
139727,11,8,8041035,8401241,2020,6,11,5,3,5,3,0,0,1,0,0,0,0,0,804903,3106,5818698,161
139728,11,1,1044203,1401049,2020,6,15,3,3,5,3,0,1,1,0,0,0,0,0,796341,9113,5831942,394
139729,11,6,6030607,6300631,2020,6,17,6,3,5,3,0,0,1,0,0,0,0,0,791233,6959,5816030,241
139730,11,9,9052001,9502043,2020,6,17,6,3,5,3,0,0,1,0,0,0,0,0,810357,4389,5823533,579
139731,11,5,5010207,5100209,2020,6,17,6,3,6,7,0,1,0,1,0,0,0,0,783277,7706,5830339,587
139732,11,6,6020408,6200420,2020,6,14,3,3,2,6,0,1,1,0,0,0,0,0,793111,927,5816290,943
139733,11,12,12302109,12601133,2020,6,16,6,3,6,7,0,1,0,1,0,0,0,0,795221,8844,5836952,144
139734,11,7,7070705,7601546,2020,6,15,6,3,1,5,0,1,1,0,0,0,0,0,798687,5599,5814084,972
139735,11,1,1033203,1300836,2020,6,13,3,3,5,3,0,1,1,0,0,0,0,0,796408,9578,5830825,94
139736,11,5,5040936,5400943,2020,6,8,6,3,2,6,0,1,1,0,0,0,0,0,781558,3184,5819636,38
139737,11,8,8010301,8100311,2020,6,15,6,3,5,7,0,1,1,0,0,0,1,0,800853,7557,5824525,572
139738,11,10,10040933,10400940,2020,6,9,5,1,6,4,0,1,0,1,0,0,0,0,812438,971,5824769,128
139739,11,9,9051901,9501939,2020,6,6,3,3,5,2,0,1,1,0,0,0,0,0,810763,9189,5821244,651
139740,11,12,12214423,12200308,2020,6,14,6,3,2,6,0,0,1,0,0,0,0,0,792323,1397,5833702,671
139741,11,1,1044201,1401044,2020,6,16,4,3,4,6,0,1,0,0,0,0,1,0,796647,8218,5831622,276
139742,11,2,2050801,2500830,2020,6,14,6,3,3,6,0,1,1,0,0,0,0,0,802216,4283,5827524,403
139743,11,1,1011301,1100308,2020,6,13,6,3,0,1,0,0,0,0,1,0,0,0,797586,4648,5828187,474
139744,11,3,3030715,3300516,2020,6,6,3,3,5,3,0,0,1,0,0,0,1,0,800153,9482,5833852,556
139745,11,7,7050505,7501134,2020,6,13,4,3,5,3,0,1,1,0,0,0,0,0,799298,944,5819054,86
139746,11,2,2020203,2200209,2020,6,13,6,2,5,2,0,1,0,0,0,0,1,0,797129,2561,5823996,505
139747,11,1,1011204,1100207,2020,6,13,6,3,5,2,0,1,1,0,0,0,0,0,798619,3651,5826919,146
139748,11,2,2030302,2300316,2020,6,12,6,3,5,7,0,0,1,0,1,0,0,0,801382,2098,5826099,806
139749,11,1,1033203,1300836,2020,6,13,4,3,0,7,0,0,0,0,1,0,0,1,796459,2772,5829952,224
139750,11,1,1011102,1100102,2020,6,23,6,3,5,2,2,0,1,0,1,0,0,0,794309,38,5827020,968
139751,11,3,3040614,3400723,2020,6,22,6,3,1,5,2,1,1,0,0,0,0,0,798914,2663,5833274,101
139752,11,8,8010301,8100311,2020,6,23,4,3,1,1,2,0,1,0,1,0,0,0,800472,4274,5824773,384
139753,11,4,4010102,4100101,2020,6,22,6,2,1,5,2,1,0,0,0,0,1,0,792432,239,5830195,429
139754,11,4,4020310,4200308,2020,6,12,6,3,5,2,0,1,0,0,0,0,1,0,788168,9261,5827845,169
139755,11,1,1022206,1200628,2020,6,12,6,2,5,2,0,0,1,0,0,0,1,0,795703,6221,5828178,9
139756,11,7,7040406,7400928,2020,6,5,3,3,5,3,0,1,1,0,0,0,0,0,800274,6428,5821545,149
139757,11,2,2050802,2500834,2020,6,17,4,3,5,2,0,1,1,0,0,0,0,0,802550,8004,5826713,139
139758,11,5,5040936,5400943,2020,6,20,6,3,5,2,0,0,1,0,1,0,0,0,779920,4212,5821654,507
139759,11,10,10040933,10400940,2020,6,12,6,3,5,2,0,1,1,0,0,0,0,0,812382,183,5824149,368
139760,11,9,9051901,9501940,2020,6,12,6,3,1,5,0,1,1,0,0,0,0,0,812258,955,5821767,765
139761,11,2,2040503,2400522,2020,6,11,6,3,2,6,0,0,1,0,1,0,0,0,801389,3695,5828741,311
139762,11,5,5010313,5100315,2020,6,0,3,2,5,3,2,1,1,0,0,0,0,0,784331,575,5830000,34
139763,11,1,1011202,1100206,2020,6,13,3,3,5,2,0,0,1,0,1,0,0,0,797699,6925,5827788,6
139764,11,7,7060603,7601238,2020,6,11,6,3,1,5,0,0,1,0,0,0,0,0,798007,6086,5817103,486
139765,11,11,11040926,11400931,2020,6,12,3,3,5,2,0,1,1,0,0,0,0,0,806685,1672,5826906,706
139766,11,9,9020602,9200614,2020,6,10,6,2,6,4,0,0,1,1,0,0,0,0,808418,573,5820877,47
139767,11,1,1022207,1200629,2020,6,14,5,3,0,7,0,1,0,1,0,0,0,0,794589,5911,5827548,838
139768,11,9,9010402,9100408,2020,6,12,3,3,2,6,0,0,1,0,0,0,0,0,806468,3873,5820005,757
139769,11,10,10040931,10400938,2020,6,9,6,3,2,6,0,0,1,0,0,0,0,0,813659,1329,5829822,235
139770,11,5,5010209,5100211,2020,6,8,6,3,1,5,0,0,1,0,0,0,0,0,781976,7587,5829702,882
139771,11,10,10030724,10300731,2020,6,8,6,3,5,2,0,1,1,0,0,0,0,0,809564,8134,5828022,68
139772,11,3,3061126,3601141,2020,6,7,6,2,5,2,0,1,1,0,0,0,0,0,798968,2706,5831464,13
139773,11,2,2030302,2300316,2020,6,11,3,3,5,3,0,1,1,0,0,0,0,0,801186,4198,5825954,796
139774,11,6,6040804,6400838,2020,6,6,6,3,5,2,0,1,1,0,0,0,0,0,788376,7752,5819137,139
139775,11,3,3050923,3500934,2020,6,9,5,3,6,7,0,1,0,1,0,0,0,0,800335,725,5831951,805
139776,11,8,8020727,8200832,2020,6,10,5,3,6,2,0,0,1,1,0,0,0,0,801021,3153,5817079,243
139777,11,8,8041040,8401246,2020,6,11,3,3,5,3,0,0,1,0,0,1,0,0,806496,2728,5816239,656
139778,11,6,6030501,6300524,2020,6,7,5,2,0,1,0,1,0,0,0,0,0,1,788520,1136,5817046,93
139779,11,7,7070701,7601442,2020,6,12,5,3,5,2,0,0,1,0,0,0,0,1,799274,8579,5816258,17
139780,11,4,4051550,4501147,2020,6,11,5,3,5,2,0,1,1,0,0,0,0,1,793319,8362,5824170,131
139781,11,2,2050801,2500832,2020,6,12,5,3,5,7,0,1,1,0,0,0,0,0,803157,255,5827086,8
139782,11,1,1011204,1100207,2020,6,11,3,3,0,7,0,1,1,0,0,0,0,0,798149,7008,5826610,454
139783,11,4,4051448,4501045,2020,6,11,5,3,6,4,0,1,0,1,0,0,0,1,793736,6062,5824913,461
139784,11,12,12231101,12400723,2020,6,9,5,3,5,3,0,1,1,0,0,0,0,1,791422,7817,5838752,912
139785,11,4,4051652,4501149,2020,6,9,5,3,6,2,0,0,1,1,0,0,0,1,793469,172,5824498,997
139786,11,1,1044101,1400938,2020,6,10,3,3,5,2,0,1,1,0,0,0,0,0,794021,903,5830177,809
139787,11,4,4041134,4400726,2020,6,9,5,3,3,6,0,0,1,0,0,1,0,0,790833,919,5824761,386
139788,11,5,5010311,5100313,2020,6,9,5,3,6,4,0,0,1,1,0,0,0,1,785397,9985,5830320,93
139789,11,4,4041342,4400833,2020,6,7,5,3,5,3,0,0,1,0,0,0,0,0,792478,2225,5822325,258
139790,11,1,1011203,1100206,2020,6,10,3,2,0,7,0,1,0,0,0,0,0,0,797742,8809,5827563,882
139791,11,4,4041342,4400833,2020,6,9,5,3,2,6,0,0,1,0,0,0,1,1,792422,867,5822824,357
139792,11,1,1044203,1401048,2020,6,9,5,3,5,2,0,1,0,0,0,0,1,1,795436,7256,5831604,734
139793,11,7,7050501,7501029,2020,6,20,5,3,2,6,1,0,1,0,0,0,1,0,797590,3831,5819564,647
139794,11,3,3061126,3601141,2020,6,8,5,3,0,6,0,0,0,0,1,0,1,1,798952,9493,5831813,601
139795,11,8,8010214,8100209,2020,6,13,2,3,2,3,0,0,1,0,0,1,0,0,802066,749,5821982,779
139796,11,10,10020620,10200627,2020,6,12,4,3,2,6,0,0,1,0,0,0,0,0,811269,441,5829683,12
139797,11,2,2020203,2200208,2020,6,8,5,2,0,2,0,1,1,0,0,0,0,1,797815,4622,5824933,312
139798,11,1,1033201,1300834,2020,6,7,5,3,1,5,0,1,1,0,0,0,0,1,798203,3256,5830782,642
139799,11,3,3050924,3500935,2020,6,8,4,3,5,3,0,0,1,1,0,0,1,0,801993,6979,5831666,97
139800,11,1,1033203,1300836,2020,6,16,4,3,1,5,0,1,1,0,0,0,1,0,796914,3154,5831384,121
139801,11,7,7070703,7601544,2020,6,19,5,3,2,1,0,0,1,0,0,0,0,0,799612,339,5813974,452
139802,11,12,12214424,12200309,2020,6,15,4,3,1,5,0,1,1,0,0,0,0,0,793170,439,5832630,16
139803,11,12,12103218,12100205,2020,6,6,5,3,5,3,0,1,1,0,0,0,0,1,794836,914,5833490,542
139804,11,4,4020314,4200311,2020,6,19,5,3,5,7,0,0,1,0,0,0,0,0,789385,8778,5825830,759
139805,11,5,5020625,5200629,2020,6,15,5,3,5,3,0,0,1,0,0,0,0,0,784048,37,5828705,513
139806,11,4,4010103,4100102,2020,6,15,2,2,6,7,0,1,0,1,0,0,0,0,791674,4606,5829315,787
139807,11,1,1033201,1300834,2020,6,19,5,3,6,4,0,0,1,1,0,0,0,1,797616,3909,5830958,905
139808,11,11,11040926,11400929,2020,6,19,5,3,5,3,0,1,1,0,0,0,0,1,805596,6393,5827239,373
139809,11,4,4030415,4300412,2020,6,13,5,3,5,2,0,1,0,0,0,1,0,0,791665,9465,5827510,25
139810,11,4,4010102,4100101,2020,6,18,2,3,5,2,0,1,1,0,0,0,0,0,793341,673,5829714,923
139811,11,2,2040703,2400625,2020,6,17,7,3,5,2,0,0,1,0,0,0,0,1,801767,78,5826253,667
139812,11,3,3040513,3400620,2020,6,23,7,3,0,7,2,1,0,0,0,0,0,0,797433,1082,5833515,8
139813,11,8,8010118,8100104,2020,6,6,4,3,5,7,0,0,1,0,0,0,0,0,800935,9865,5822320,16
139814,11,8,8010118,8100105,2020,6,20,5,3,5,7,0,0,1,0,0,0,0,0,801054,8348,5822037,376
139815,11,7,7060601,7601236,2020,6,11,3,3,1,5,0,0,1,0,0,0,0,0,796818,9019,5816749,251
139816,11,1,1022206,1200628,2020,6,16,7,3,5,3,0,0,1,0,0,0,0,1,796238,6065,5828119,937
139817,11,12,12214527,12200515,2020,6,13,3,3,6,7,0,0,0,1,0,0,1,0,790237,4394,5835280,94
139818,11,1,1033203,1300836,2020,6,16,7,3,6,2,0,0,1,1,0,0,0,1,796301,1762,5830673,776
139819,11,10,10030727,10300734,2020,6,7,5,3,5,2,0,0,1,0,1,0,0,0,809554,4134,5826622,385
139820,11,4,4041344,4400835,2020,6,14,6,3,5,3,0,0,1,0,0,0,0,1,793356,356,5822838,156
139821,11,5,5010314,5100316,2020,6,6,2,3,1,5,0,1,1,0,0,0,0,0,785323,672,5829235,554
139822,11,1,1033203,1300836,2020,6,16,7,3,0,1,0,1,0,0,0,0,0,1,796727,4848,5830460,447
139823,11,7,7010102,7100103,2020,6,19,4,2,0,1,0,0,0,0,0,0,1,0,795972,5846,5824957,927
139824,11,1,1044202,1401046,2020,6,7,3,3,5,2,0,1,1,0,0,0,0,0,794628,3324,5829879,565
139825,11,6,6020303,6200313,2020,6,18,3,3,5,2,0,1,1,0,0,0,0,0,795205,1766,5818288,819
139826,11,4,4030931,4501042,2020,6,12,2,3,5,5,0,1,1,0,0,0,0,0,793524,2163,5825796,967