OBJECTID,LAND,BEZ,LOR,LOR_ab_2021,UJAHR,UMONAT,USTUNDE,UWOCHENTAG,UKATEGORIE,UART,UTYP1,ULICHTVERH,IstRad,IstPKW,IstFuss,IstKrad,IstGkfz,IstSonstige,USTRZUSTAND,LINREFX,LINREFY,XGCSWGS84,YGCSWGS84
139827,11,3,3030405,3300411,2020,6,16,7,3,2,2,0,0,1,0,0,0,0,1,803868,263,5839547,356
139828,11,6,6040804,6400838,2020,6,10,4,2,0,7,0,0,0,0,0,1,0,0,787610,18,5818086,347
139829,11,12,12214424,12200309,2020,6,13,6,3,6,7,0,1,0,1,0,0,0,0,793365,511,5832943,35
139830,11,4,4051448,4501045,2020,6,14,2,3,1,5,0,0,0,0,1,0,1,0,794231,1297,5824942,488
139831,11,1,1044102,1400939,2020,6,15,7,3,2,6,0,0,1,0,0,0,0,1,794545,321,5831592,976
139832,11,4,4051445,4500939,2020,6,16,4,2,9,1,0,0,0,0,1,0,0,0,792245,4336,5824060,482
139833,11,8,8041037,8401243,2020,6,17,3,2,0,1,0,1,0,0,0,0,0,0,805476,8006,5818450,943
139834,11,6,6040809,6400843,2020,6,8,2,3,2,6,0,0,1,0,0,0,0,0,792336,1503,5820740,41
139835,11,4,4010102,4100101,2020,6,15,7,3,1,7,0,0,1,0,0,0,0,1,792489,838,5829873,624
139836,11,9,9030903,9300923,2020,6,22,7,3,1,5,2,0,1,0,0,0,0,1,808086,499,5815276,884
139837,11,8,8041037,8401243,2020,6,9,4,3,5,3,0,1,1,0,0,0,0,0,805922,9225,5817234,603
139838,11,8,8020620,8200624,2020,6,17,5,3,6,4,0,0,1,1,0,0,0,0,801386,7505,5820959,73
139839,11,12,12302110,12601235,2020,6,15,1,2,1,5,0,0,1,0,0,0,1,0,794814,8566,5836296,836
139840,11,7,7010102,7100102,2020,6,18,6,3,6,4,0,0,0,1,1,0,0,1,794947,7975,5825418,256
139841,11,4,4010102,4100101,2020,6,10,2,3,5,2,0,0,1,0,0,1,0,0,793352,9582,5829679,213
139842,11,2,2020206,2200213,2020,6,22,6,3,1,5,2,1,1,0,0,0,0,0,799484,1502,5825104,518
139843,11,2,2030302,2300316,2020,6,10,4,3,5,7,0,1,0,0,0,0,1,0,801635,419,5826071,456
139844,11,12,12214125,12200414,2020,6,19,5,2,5,2,0,1,1,0,0,0,0,0,791908,889,5831509,603
139845,11,4,4041342,4400833,2020,6,11,2,3,5,3,0,1,0,0,0,0,1,0,792289,6239,5822097,62
139846,11,9,9020501,9200510,2020,6,17,6,3,0,2,0,1,1,0,0,0,0,1,805669,1755,5824140,507
139847,11,2,2050802,2500833,2020,6,13,4,3,5,2,0,0,1,0,0,0,1,0,802059,5278,5827162,222
139848,11,1,1044203,1401049,2020,6,16,3,3,5,3,0,1,1,0,0,0,0,0,795939,2677,5831408,993
139849,11,8,8041037,8401243,2020,6,17,2,3,5,3,0,1,1,0,0,0,0,0,805871,521,5817653,777
139850,11,8,8010301,8100312,2020,6,13,6,2,1,5,0,1,1,0,0,0,0,0,801626,8866,5824128,54
139851,11,1,1033201,1300834,2020,6,18,7,3,2,6,0,0,1,0,0,0,0,1,797714,513,5830669,6
139852,11,2,2020203,2200208,2020,6,17,4,3,0,2,0,1,1,0,0,0,0,0,797842,2243,5824926,622
139853,11,4,4020314,4200311,2020,6,21,5,3,0,7,1,0,0,0,1,0,0,0,790226,3399,5825437,132
139854,11,9,9051901,9501939,2020,6,12,3,2,5,2,0,1,1,0,0,0,0,0,809951,3519,5821593,663
139855,11,8,8010404,8100415,2020,6,12,6,3,5,2,0,1,1,0,0,0,0,0,801782,3236,5823395,543
139856,11,1,1011202,1100206,2020,6,12,4,3,0,6,0,1,1,0,0,0,0,0,797727,604,5827660,202
139857,11,2,2020204,2200210,2020,6,15,3,3,8,1,0,1,1,0,0,0,0,0,798357,6548,5825306,978
139858,11,8,8020727,8200832,2020,6,12,5,3,1,5,0,0,1,0,0,0,1,0,801599,6501,5817448,221
139859,11,4,4030930,4501041,2020,6,16,6,3,2,6,0,1,1,0,0,0,0,0,792751,6889,5825490,863
139860,11,3,3030715,3300516,2020,6,17,2,2,5,3,0,1,0,0,1,0,0,0,801158,63,5833193,38
139861,11,2,2040502,2400521,2020,6,12,6,3,0,7,0,0,1,1,0,0,0,0,800927,1145,5828516,858
139862,11,4,4051652,4501149,2020,6,18,7,3,2,7,0,0,1,0,1,0,0,1,793938,3657,5824451,786
139863,11,12,12103219,12100204,2020,6,14,4,3,0,5,0,0,1,0,0,0,1,0,795386,7433,5832478,164
139864,11,4,4051655,4501153,2020,6,14,5,3,6,7,0,1,0,1,0,0,0,0,793987,6973,5824062,64
139865,11,4,4020311,4200309,2020,6,9,3,3,3,6,0,0,1,0,1,0,0,0,788786,4164,5827307,842
139866,11,1,1022104,1200520,2020,6,23,6,3,2,2,2,1,1,0,0,0,0,0,794573,1698,5828722,96
139867,11,2,2020206,2200213,2020,6,10,3,3,2,6,0,0,1,0,0,0,0,0,800277,4554,5824785,16
139868,11,4,4030828,4300624,2020,6,18,6,3,0,6,0,0,1,0,0,0,1,0,793513,9806,5826085,425
139869,11,12,12301203,12500926,2020,6,14,5,3,2,2,0,1,1,0,0,0,0,0,793409,619,5836082,397
139870,11,7,7050501,7501029,2020,6,14,6,3,0,3,0,1,1,0,0,0,0,1,796996,8981,5819494,368
139871,11,9,9051801,9501838,2020,6,15,2,3,3,6,0,1,0,0,0,0,1,0,821016,5744,5818281,953
139872,11,3,3061227,3601244,2020,6,21,6,3,0,2,1,1,1,0,0,0,0,0,800157,9352,5831671,39
139873,11,4,4041343,4400834,2020,6,14,3,3,5,2,0,1,1,0,0,0,0,0,792668,555,5823055,776
139874,11,9,9010101,9100101,2020,6,19,6,3,0,1,0,1,0,0,0,0,0,1,802605,2039,5824486,523
139875,11,4,4041344,4400835,2020,6,10,5,3,2,6,0,0,1,0,0,0,1,0,792759,7948,5821814,512
139876,11,10,10010204,10100206,2020,6,15,6,2,5,3,0,1,1,0,0,0,0,0,810058,5262,5833176,451
139877,11,9,9020802,9200819,2020,6,17,2,3,4,6,0,1,0,0,0,0,0,0,810507,7312,5819991,585
139878,11,4,4051652,4501149,2020,6,19,6,3,1,5,1,0,1,0,1,0,0,1,793696,3642,5824497,552
139879,11,1,1011302,1100309,2020,6,21,4,3,2,6,1,0,1,0,1,0,0,0,798029,8284,5828917,878
139880,11,9,9051702,9501737,2020,6,14,5,3,2,6,0,0,1,0,0,0,0,0,815201,5017,5824376,866
139881,11,9,9010201,9100202,2020,6,7,3,2,2,6,0,0,1,0,0,0,0,0,803523,6957,5823549,279
139882,11,7,7040403,7400823,2020,6,19,2,3,2,6,0,0,1,0,0,0,0,0,797273,326,5820992,838
139883,11,1,1044201,1401045,2020,6,19,6,3,4,3,0,1,0,0,0,0,1,1,796704,6178,5831646,66
139884,11,8,8010405,8100418,2020,6,11,4,3,6,4,0,0,1,1,0,0,0,0,802126,4842,5823668,876
139885,11,1,1044202,1401047,2020,6,19,5,3,5,2,0,1,1,0,0,0,0,0,795521,6608,5830728,955
139886,11,2,2040701,2400623,2020,6,13,2,3,0,1,0,1,0,0,0,0,0,0,800621,2885,5827232,356
139887,11,7,7050501,7501029,2020,6,18,6,3,5,2,0,1,1,0,0,0,0,0,797709,9657,5819218,644
139888,11,9,9010302,9100306,2020,6,15,4,2,2,6,0,0,1,0,1,0,0,0,805100,4549,5820627,442
139889,11,9,9030901,9300920,2020,6,17,3,3,5,3,0,1,0,0,0,0,1,0,807837,2589,5816224,143
139890,11,2,2050801,2500830,2020,6,18,4,3,5,2,0,1,1,0,0,0,0,0,802440,972,5827416,69
139891,11,10,10010311,10100316,2020,6,6,3,3,0,2,0,1,1,0,0,0,0,0,810690,9509,5832009,971
139892,11,11,11020513,11200512,2020,6,10,2,2,5,2,0,0,1,0,1,0,0,0,803105,59,5830493,811
139893,11,8,8010301,8100311,2020,6,18,6,3,2,6,0,0,1,0,0,0,0,0,800507,887,5824452,781
139894,11,6,6030503,6300526,2020,6,9,4,3,5,2,0,0,1,0,0,0,1,0,789557,7216,5817363,343
139895,11,2,2030302,2300315,2020,6,18,5,3,3,6,0,1,0,0,0,0,0,0,800378,4341,5825781,191
139896,11,3,3071536,3701554,2020,6,21,1,3,0,7,1,1,1,0,0,0,0,0,798938,9523,5829961,273
139897,11,4,4010103,4100102,2020,6,17,6,3,3,6,0,0,1,0,0,1,0,1,791195,7012,5829044,731
139898,11,4,4051445,4500939,2020,6,13,4,3,5,2,0,0,1,0,1,0,0,0,792438,4892,5824111,484
139899,11,11,11020513,11200512,2020,6,19,3,2,3,6,0,1,0,0,0,1,0,0,803171,3855,5831344,956
139900,11,7,7070704,7601545,2020,6,18,2,3,6,4,0,0,1,1,0,0,0,0,800447,502,5814110,961
139901,11,3,3050924,3500935,2020,6,17,6,3,1,5,0,1,1,0,0,0,0,0,801523,6754,5831339,254
139902,11,2,2030302,2300315,2020,6,15,7,3,5,3,0,1,1,0,0,0,0,1,800678,2831,5825795,4
139903,11,1,1033101,1300731,2020,6,15,2,2,6,7,0,0,0,1,0,0,1,0,797075,7594,5832300,513
139904,11,2,2010103,2100104,2020,6,16,6,3,5,2,0,1,1,0,0,0,0,1,799291,8485,5826221,11
139905,11,3,3020209,3200205,2020,6,15,7,3,5,2,0,1,1,0,0,0,0,1,798131,6167,5835469,495
139906,11,10,10010310,10100314,2020,6,8,4,3,5,2,0,0,1,0,0,0,0,0,809024,81,5830220,1
139907,11,3,3050923,3500934,2020,6,16,5,3,6,4,0,0,1,1,0,0,0,0,800246,3686,5831947,69
139908,11,9,9020701,9200715,2020,6,14,1,2,5,2,0,0,1,0,0,0,0,0,807658,1275,5819376,412
139909,11,2,2020203,2200209,2020,6,19,3,3,5,2,0,1,1,0,0,0,0,0,797094,148,5824482,434
139910,11,3,3061227,3601244,2020,6,11,1,2,5,3,0,1,1,0,0,0,0,0,800056,2914,5831261,545
139911,11,6,6010208,6100208,2020,6,14,3,3,2,6,0,0,1,0,0,0,0,0,794267,3442,5820307,579
139912,11,7,7070701,7601442,2020,6,12,5,3,2,7,0,1,1,0,0,0,1,0,799591,3771,5814693,8
139913,11,6,6040810,6400844,2020,6,15,6,3,1,5,0,1,1,0,0,0,0,1,791034,1927,5819944,909
139914,11,6,6010209,6100209,2020,6,17,2,3,5,2,0,1,1,0,0,0,0,0,794697,3542,5821611,7
139915,11,4,4030620,4300619,2020,6,16,6,2,6,4,0,0,1,1,0,0,0,0,792554,484,5827370,371
139916,11,3,3040614,3400724,2020,6,14,7,3,0,2,0,0,1,0,1,0,0,1,799992,7048,5834944,148
139917,11,1,1033202,1300835,2020,6,22,4,2,0,1,2,1,0,0,0,0,0,0,797711,6265,5829672,264
139918,11,9,9020702,9200716,2020,6,15,5,3,0,3,0,0,1,0,1,0,0,0,809133,4257,5818827,397
139919,11,8,8010214,8100209,2020,6,10,1,3,5,7,0,1,1,0,0,0,0,0,801994,4169,5822418,239
139920,11,1,1011302,1100309,2020,6,9,3,3,2,2,0,0,1,0,1,0,0,0,797912,1047,5828327,431
139921,11,8,8010211,8100206,2020,6,7,4,3,0,7,0,0,1,0,0,0,0,0,801096,2452,5823594,25
139922,11,7,7040405,7400927,2020,6,20,5,2,1,5,0,0,1,0,1,0,0,0,799267,3327,5821748,969
139923,11,2,2010104,2100106,2020,6,20,1,3,2,6,0,0,1,0,0,0,0,0,799254,924,5825632,16
139924,11,8,8020620,8200624,2020,6,11,3,3,3,6,0,0,1,0,0,0,0,0,800997,6216,5820582,427
139925,11,5,5020523,5200527,2020,6,13,6,3,6,7,0,1,0,1,0,0,0,0,782816,7371,5827120,383
139926,11,10,10020413,10200420,2020,6,13,3,3,6,4,0,1,0,1,0,0,0,0,811823,5896,5830765,893
139927,11,2,2030302,2300315,2020,6,15,6,3,5,2,0,1,1,0,0,0,0,1,800788,1933,5825815,481
139928,11,6,6040810,6400844,2020,6,8,5,3,5,2,0,1,0,0,0,0,1,0,792659,6966,5821780,114
139929,11,1,1022206,1200628,2020,6,14,6,3,5,2,0,1,1,0,0,0,0,0,795466,2009,5827764,898
139930,11,3,3040818,3400827,2020,6,6,2,3,0,5,0,0,0,0,1,0,1,0,799650,4311,5831868,927
139931,11,7,7060604,7601340,2020,6,14,6,3,5,3,0,1,1,0,0,0,0,0,796462,494,5815476,907
139932,11,3,3061227,3601244,2020,6,19,4,3,5,3,0,0,1,0,1,0,0,0,800054,814,5831273,526
139933,11,8,8010301,8100310,2020,6,18,1,3,0,5,0,1,0,0,0,0,1,0,800561,5485,5825112,333
139934,11,4,4020311,4200310,2020,6,7,3,3,2,6,0,0,1,0,0,0,0,0,789490,4149,5826609,632
139935,11,11,11030720,11300721,2020,6,11,2,3,2,6,0,0,1,0,1,0,0,0,806113,7925,5830141,763
139936,11,6,6030502,6300525,2020,6,14,6,3,5,3,0,1,1,0,0,0,0,0,790289,1603,5814823,79
139937,11,6,6030607,6300631,2020,6,11,4,3,9,1,0,0,0,0,1,0,0,0,792521,1735,5816455,833
139938,11,4,4030931,4501042,2020,6,11,2,3,3,6,0,1,0,0,0,0,1,0,794037,358,5826212,945
139939,11,4,4030519,4300518,2020,6,14,6,3,5,3,0,0,1,0,0,0,0,0,791337,8783,5828707,921
139940,11,1,1011301,1100308,2020,6,11,4,3,0,1,0,1,0,0,0,0,0,0,797508,4603,5828784,196
139941,11,4,4051655,4501153,2020,6,13,6,3,0,1,0,0,0,0,1,0,0,0,794341,8541,5823921,828
139942,11,5,5010314,5100317,2020,6,14,2,3,0,1,0,0,0,0,1,0,0,0,785346,5025,5828611,763
139943,11,9,9020802,9200819,2020,6,13,6,2,0,2,0,0,1,0,0,0,1,0,810076,2062,5820412,743
139944,11,12,12214422,12200310,2020,6,17,4,2,5,3,0,0,1,0,1,0,0,0,792304,6645,5833695,42
139945,11,1,1044101,1400937,2020,6,19,1,3,5,3,0,1,1,0,0,0,0,0,793819,5418,5831769,373
139946,11,8,8041035,8401241,2020,6,17,3,3,1,5,0,1,1,0,0,0,0,0,804228,1443,5819180,61
139947,11,1,1011303,1100310,2020,6,9,2,3,0,1,0,1,0,0,0,0,0,0,799592,2688,5828711,3
139948,11,4,4010103,4100102,2020,6,10,6,3,0,1,0,0,0,0,1,0,0,0,791132,13,5829138,44
139949,11,11,11010310,11100309,2020,6,13,7,3,3,6,0,0,0,0,1,1,0,1,805493,9738,5833375,904
139950,11,3,3071639,3701660,2020,6,9,4,3,6,7,0,1,0,1,0,0,0,0,800752,66,5829482,211
139951,11,6,6010208,6100208,2020,6,18,5,3,0,6,0,0,1,0,1,0,0,0,794734,2573,5820096,157
139952,11,9,9051801,9501838,2020,6,15,1,3,5,2,0,1,1,0,0,0,0,0,818407,6881,5820624,738
139953,11,9,9031001,9301025,2020,6,10,6,3,5,3,0,0,1,0,0,1,0,0,809888,2428,5815220,841
139954,11,7,7010102,7100103,2020,6,12,4,3,3,6,0,1,0,0,0,0,0,0,795733,3139,5825649,92
139955,11,4,4030621,4300620,2020,6,19,5,3,1,7,0,0,1,0,1,0,0,0,793365,6457,5827871,415
139956,11,3,3010102,3100102,2020,6,14,2,3,0,3,0,0,1,0,1,0,0,0,804671,926,5841372,532
139957,11,11,11030721,11300722,2020,6,9,6,3,3,6,0,1,1,0,0,0,0,0,803851,894,5828355,952
139958,11,2,2040703,2400625,2020,6,14,4,3,2,6,0,0,1,0,0,0,0,0,801558,786,5826339,817
139959,11,9,9041601,9401635,2020,6,16,3,3,2,3,0,1,1,0,0,0,1,0,817046,3864,5817053,964
139960,11,6,6030608,6300632,2020,6,21,2,2,0,1,1,0,0,0,1,0,0,0,791586,6001,5816746,366
139961,11,1,1044101,1400938,2020,6,7,6,3,6,4,0,0,1,1,0,0,0,0,794262,9064,5831248,37
139962,11,7,7010101,7100101,2020,6,11,7,3,0,7,0,0,0,1,0,0,1,0,794638,338,5825746,104
139963,11,12,12214125,12200412,2020,6,7,4,2,0,7,0,0,1,0,0,0,0,0,789408,4371,5833411,246
139964,11,3,3050924,3500935,2020,6,20,5,3,7,7,0,1,0,0,0,0,0,0,801532,1666,5831429,64
139965,11,9,9020802,9200819,2020,6,17,1,2,0,1,0,1,0,0,0,0,0,0,810694,8457,5819390,939
139966,11,11,11020412,11200411,2020,6,12,3,2,5,7,0,0,1,0,0,1,0,0,806155,313,5831393,953
139967,11,2,2010103,2100105,2020,6,10,7,3,1,5,0,1,1,0,0,0,0,1,799173,2864,5825864,112
139968,11,7,7050503,7501031,2020,6,14,3,3,2,6,0,0,1,0,0,0,0,0,799060,9709,5819774,175
139969,11,12,12214421,12200307,2020,6,11,5,3,0,1,0,0,0,0,1,0,0,0,793092,3373,5833868,503
139970,11,4,4030827,4300623,2020,6,16,6,3,0,6,0,0,1,0,0,0,1,0,792184,897,5826116,572
139971,11,7,7050501,7501030,2020,6,19,3,2,1,7,0,0,1,0,0,0,0,0,797939,1857,5819777,9
139972,11,8,8041037,8401243,2020,6,13,5,3,5,3,0,1,1,0,0,0,0,0,805598,9398,5817084,818
139973,11,10,10040933,10400941,2020,6,17,6,3,5,3,0,0,1,0,1,0,0,0,813348,1312,5824981,687
139974,11,9,9020502,9200511,2020,6,18,2,3,1,5,0,1,1,0,0,0,0,0,807047,8902,5821926,841
139975,11,1,1011105,1100102,2020,6,6,6,3,5,2,0,0,1,0,1,0,0,0,796574,148,5826871,85
139976,11,7,7040402,7400822,2020,6,13,7,3,1,5,0,0,1,0,1,0,0,1,796564,8466,5821140,435
139977,11,1,1044202,1401047,2020,6,0,4,3,5,3,2,0,1,0,0,0,0,0,795638,2896,5830644,623
139978,11,1,1033203,1300836,2020,6,16,5,3,6,2,0,0,1,1,0,0,0,0,796850,3294,5830637,318
139979,11,1,1011306,1100313,2020,6,11,3,3,5,3,0,1,1,0,0,0,0,0,800084,639,5826454,44
139980,11,9,9041501,9401534,2020,6,11,6,3,0,1,0,1,0,0,0,0,0,0,810871,5887,5820662,935
139981,11,1,1011103,1100103,2020,6,12,3,3,5,3,0,0,1,0,0,0,0,0,795327,7074,5826172,701
139982,11,8,8041038,8401244,2020,6,12,6,3,2,6,0,0,1,0,0,0,0,0,806267,7986,5816345,167
139983,11,12,12301203,12500926,2020,6,12,5,3,1,5,0,0,1,0,0,0,0,0,792933,83,5835316,546
139984,11,6,6030610,6300634,2020,6,14,6,3,5,3,0,0,1,0,0,0,0,1,791963,9447,5818450,881
139985,11,6,6020410,6200422,2020,6,15,2,3,2,6,0,0,1,0,0,0,0,0,794080,5156,5817435,716
139986,11,5,5010311,5100313,2020,6,12,6,3,5,2,0,1,1,0,0,0,0,0,785398,1884,5830310,24
139987,11,6,6010205,6100205,2020,6,19,4,3,5,7,0,0,1,0,1,0,0,0,795266,2001,5819989,61
139988,11,11,11020411,11200410,2020,6,12,7,3,5,3,0,1,1,0,0,0,0,0,805181,3238,5832380,875
139989,11,3,3030715,3300516,2020,6,16,2,3,1,6,0,1,1,0,0,0,0,0,801340,8542,5833162,676
139990,11,6,6030610,6300634,2020,6,11,6,3,5,2,0,0,1,0,0,0,1,0,792085,85,5818855,442
139991,11,6,6030501,6300524,2020,6,22,4,3,5,2,2,1,0,0,1,0,0,0,788268,2782,5817568,494
139992,11,6,6020408,6200420,2020,6,14,5,3,2,6,0,0,1,0,0,0,0,0,792561,9714,5815880,191
139993,11,1,1033201,1300834,2020,6,8,3,3,5,2,0,1,1,0,0,0,0,0,798072,6223,5829989,312
139994,11,8,8010303,8100314,2020,6,22,2,3,5,2,2,1,1,0,0,0,0,0,801012,4212,5823904,6
139995,11,10,10030724,10300731,2020,6,17,5,3,0,2,0,1,1,0,0,0,0,0,809564,6989,5828021,702
139996,11,1,1011304,1100311,2020,6,19,4,3,5,2,0,1,1,0,0,0,0,0,799583,3827,5828042,773
139997,11,9,9020802,9200819,2020,6,16,5,3,3,6,0,0,1,0,0,0,0,0,810531,797,5820020,868
139998,11,1,1044202,1401047,2020,6,13,2,3,5,3,0,0,1,0,0,0,1,0,795859,9106,5830445,786
139999,11,2,2010103,2100104,2020,6,1,5,3,0,1,2,1,0,0,0,0,0,1,799294,65,5826223,749
140000,11,9,9010301,9100304,2020,6,16,4,3,0,1,0,0,0,0,1,0,0,0,804230,8846,5822829,186
140001,11,3,3040614,3400721,2020,6,17,3,3,2,1,0,1,1,0,0,0,0,0,798340,4606,5833050,675
140002,11,4,4030623,4300622,2020,6,8,2,3,5,7,0,0,1,0,1,0,0,0,793261,289,5827381,291
140003,11,6,6040805,6400839,2020,6,15,5,3,0,7,0,1,0,0,0,0,0,0,789232,3178,5818410,235
140004,11,3,3020209,3200206,2020,6,7,3,3,5,3,0,1,0,0,0,0,0,0,798327,108,5834826,443
140005,11,4,4051445,4500939,2020,6,10,2,3,5,3,0,1,1,0,0,0,0,0,792509,939,5824501,51
140006,11,9,9041403,9401433,2020,6,21,5,2,0,7,1,1,0,0,0,0,0,0,812161,3444,5819879,59
140007,11,7,7050505,7501134,2020,6,10,4,3,8,1,0,0,1,1,0,0,0,0,799441,343,5817763,36
140008,11,6,6040703,6400737,2020,6,18,5,3,1,5,0,1,1,0,0,0,0,0,784562,8939,5817340,87
140009,11,4,4041134,4400726,2020,6,21,1,3,1,5,1,1,1,0,0,0,0,0,790507,2519,5824007,879
140010,11,2,2050801,2500830,2020,6,19,5,3,0,1,0,1,0,0,0,0,0,0,802434,11,5827420,84
140011,11,2,2010103,2100104,2020,6,13,4,2,8,1,0,0,0,0,0,0,1,0,799319,91,5826181,92
140012,11,2,2020205,2200211,2020,6,11,7,3,6,4,0,1,1,1,0,0,0,0,798216,2333,5824527,784
140013,11,5,5010206,5100208,2020,6,16,3,3,2,2,0,0,1,0,0,0,0,0,782178,7012,5830088,646
140014,11,11,11010206,11100205,2020,6,8,2,3,5,2,0,0,1,0,1,0,0,0,805757,4694,5833789,282
140015,11,3,3061332,3601348,2020,6,19,5,3,5,3,0,1,1,0,0,0,0,0,799838,4615,5830805,76
140016,11,3,3061332,3601348,2020,6,5,7,3,1,5,0,1,1,0,0,0,0,0,799719,1248,5830506,27
140017,11,3,3010102,3100103,2020,6,15,4,3,5,3,0,1,1,0,0,0,0,0,804246,247,5840161,609
140018,11,4,4030929,4501040,2020,6,21,5,3,5,2,1,0,1,0,0,0,0,0,792706,8192,5825392,81
140019,11,4,4030417,4300414,2020,6,5,7,3,3,6,1,1,1,0,0,0,0,0,791791,4904,5827052,536
140020,11,6,6020305,6200316,2020,6,8,4,3,1,5,0,0,1,0,0,0,1,0,796132,8096,5817730,945
140021,11,3,3020307,3200308,2020,6,17,5,3,1,5,0,0,1,0,0,0,0,0,798952,9289,5837498,859
140022,11,12,12302107,12601236,2020,6,14,1,3,5,2,0,1,1,0,0,0,0,0,794406,3491,5836250,61
140023,11,9,9041301,9401329,2020,6,5,4,3,6,6,0,1,0,1,0,0,0,0,811776,9197,5819741,667
140024,11,5,5020625,5200629,2020,6,15,3,3,5,2,0,1,1,0,0,0,0,0,784552,2602,5828177,377
140025,11,1,1033102,1300733,2020,6,12,5,3,6,4,0,1,0,1,0,0,0,0,797156,5919,5831919,572
140026,11,3,3061126,3601141,2020,6,19,6,3,0,7,0,1,0,1,0,0,0,0,798708,5415,5831483,411
140027,11,7,7040405,7400927,2020,6,17,2,3,5,7,0,1,1,0,0,0,0,0,798031,2214,5822213,853
140028,11,1,1022106,1200522,2020,6,19,5,3,5,3,0,1,1,0,0,0,0,0,794210,3806,5828308,753
140029,11,2,2040502,2400521,2020,6,3,7,2,5,2,2,0,1,0,0,0,0,1,801249,6412,5827834,186
140030,11,4,4041344,4400835,2020,6,22,4,3,6,7,2,0,1,1,0,0,0,0,792803,4052,5821857,872
140031,11,5,5020627,5200632,2020,6,16,5,3,5,2,0,0,1,0,1,0,0,0,785948,7119,5828005,478
140032,11,2,2030302,2300316,2020,6,9,3,3,5,7,0,1,1,0,0,0,0,0,801217,821,5826223,356
140033,11,2,2050802,2500834,2020,6,17,3,3,3,6,0,0,0,0,0,1,1,0,801992,1216,5826986,67
140034,11,11,11010205,11100204,2020,6,18,5,3,5,2,0,1,1,0,0,0,0,0,806305,1363,5833901,131
140035,11,7,7060604,7601341,2020,6,11,3,3,5,3,0,1,1,0,0,0,0,0,797967,2175,5815773,748
140036,11,2,2020204,2200210,2020,6,18,5,3,5,2,0,1,1,0,0,0,0,0,798293,1112,5824779,31
140037,11,6,6040703,6400737,2020,6,13,3,3,0,6,0,1,1,0,0,0,0,0,784670,2232,5816663,919
140038,11,2,2010102,2100103,2020,6,19,5,3,2,6,0,1,1,0,0,0,0,0,798553,1434,5825560,64
140039,11,6,6020305,6200316,2020,6,8,5,3,0,1,0,1,0,0,0,0,0,0,796065,3823,5817492,188
140040,11,9,9020802,9200819,2020,6,15,6,3,0,1,0,0,0,0,1,0,0,1,810491,5221,5820151,582
140041,11,2,2040701,2400521,2020,6,17,2,2,5,2,0,1,1,0,0,0,0,0,800718,131,5827873,272
140042,11,1,1011201,1100205,2020,6,17,5,3,2,2,0,0,1,0,0,0,1,0,797461,302,5826823,687
140043,11,6,6040702,6400736,2020,6,19,4,2,0,1,1,1,0,0,0,0,0,0,787518,9744,5816927,711
140044,11,1,1011201,1100205,2020,6,13,5,3,1,5,0,0,1,0,1,0,0,0,797134,1928,5826468,713
140045,11,12,12103218,12100205,2020,6,18,3,3,3,6,0,1,1,0,0,0,0,0,795416,5344,5833377,251
140046,11,4,4051654,4501150,2020,6,11,2,3,4,2,0,1,1,0,0,0,0,0,793680,7367,5823812,666
140047,11,10,10040933,10400941,2020,6,17,5,3,5,3,0,1,1,0,0,0,0,0,812399,9581,5824300,541
140048,11,11,11030618,11300618,2020,6,11,4,3,2,6,0,0,1,0,0,0,1,0,802456,256,5828875,556
140049,11,2,2020203,2200209,2020,6,19,5,3,6,7,0,1,0,1,0,0,0,0,797347,6408,5824751,613
140050,11,1,1011103,1100103,2020,6,13,2,3,2,6,0,1,0,0,0,0,0,0,795284,7803,5826044,349
140051,11,2,2020204,2200210,2020,6,16,5,3,5,3,0,0,1,0,0,0,0,0,798169,3534,5824809,389
140052,11,4,4010102,4100101,2020,6,15,4,3,0,3,0,0,1,0,0,0,1,0,792062,2323,5829754,868
140053,11,1,1011104,1100104,2020,6,22,4,3,6,7,2,1,0,1,0,0,0,0,796465,8701,5825893,442
140054,11,3,3061332,3601348,2020,6,14,6,3,5,3,0,1,1,0,0,0,0,0,799842,6555,5830809,576
140055,11,1,1022206,1200628,2020,6,14,2,3,2,6,0,0,1,0,0,1,0,0,795457,814,5827747,902
140056,11,4,4030620,4300619,2020,6,16,5,3,6,7,0,0,1,1,0,0,0,0,792274,228,5827248,345
140057,11,1,1011302,1100309,2020,6,17,4,3,1,5,0,1,1,0,0,0,0,0,798269,665,5828394,72
140058,11,6,6030501,6300524,2020,6,5,3,3,1,1,0,0,1,0,0,0,1,0,788889,1456,5816189,832
140059,11,5,5010209,5100211,2020,6,9,2,3,0,7,0,1,0,0,0,0,1,0,783432,689,5829184,455
140060,11,12,12302110,12601235,2020,6,16,5,2,1,5,0,0,1,0,1,0,0,0,795197,2326,5835882,434
140061,11,4,4010102,4100101,2020,6,9,4,3,5,3,0,0,1,0,0,0,1,0,792256,3046,5830681,955
140062,11,12,12214423,12200308,2020,6,17,5,3,2,6,0,0,1,0,0,0,0,0,792558,8956,5833885,978