OBJECTID,LAND,BEZ,LOR,LOR_ab_2021,UJAHR,UMONAT,USTUNDE,UWOCHENTAG,UKATEGORIE,UART,UTYP1,ULICHTVERH,IstRad,IstPKW,IstFuss,IstKrad,IstGkfz,IstSonstige,USTRZUSTAND,LINREFX,LINREFY,XGCSWGS84,YGCSWGS84
140299,11,5,5020628,5200633,2020,6,18,1,3,0,5,0,0,1,0,0,0,1,0,783993,6368,5826878,222
140300,11,2,2050801,2500830,2020,6,19,7,3,1,1,0,1,1,0,0,0,0,0,802505,8965,5827402,25
140301,11,3,3061131,3601142,2020,7,20,4,3,8,1,0,0,1,0,0,0,0,1,798875,4398,5830380,724
140302,11,12,12302108,12601134,2020,7,11,6,3,5,2,0,1,1,0,0,0,0,0,794725,5142,5837232,957
140303,11,4,4010103,4100102,2020,6,15,3,3,2,6,0,0,1,0,0,0,0,0,791225,6018,5829020,764
140304,11,12,12231102,12400720,2020,7,13,7,3,0,7,0,0,1,0,0,0,1,0,789841,3681,5839539,393
140305,11,11,11030618,11300617,2020,6,18,2,3,0,2,0,1,1,0,0,0,0,0,803064,1153,5829527,296
140306,11,9,9041302,9401330,2020,6,13,6,2,0,1,0,1,0,0,0,0,0,0,811932,589,5817770,108
140307,11,8,8020619,8200623,2020,6,16,3,3,0,7,0,0,0,0,1,0,0,0,801989,6594,5820675,803
140308,11,5,5010206,5100208,2020,7,23,1,2,1,5,2,0,1,0,0,0,0,1,782137,1021,5830558,528
140309,11,8,8010211,8100206,2020,6,22,2,2,5,7,2,0,1,0,0,0,0,0,800422,1664,5823830,24
140310,11,8,8020619,8200622,2020,6,17,6,3,2,2,0,0,1,0,1,0,0,0,801913,7548,5821770,52
140311,11,4,4020310,4200308,2020,7,7,5,2,2,6,0,0,1,0,0,0,0,0,789140,2899,5827547,86
140312,11,7,7040405,7400927,2020,7,15,7,3,2,6,0,0,0,0,1,0,1,0,798906,5243,5821703,587
140313,11,1,1033101,1300732,2020,6,23,1,3,5,2,2,1,1,0,0,0,0,0,797208,9126,5832038,856
140314,11,6,6010101,6100101,2020,6,15,6,3,0,5,0,1,1,0,0,0,0,1,793226,2317,5821130,337
140315,11,7,7040401,7400721,2020,7,11,4,2,6,4,0,0,1,1,0,0,0,1,798252,2336,5823959,65
140316,11,2,2030302,2300316,2020,7,9,6,3,5,2,0,1,1,0,0,0,0,0,801464,2044,5826036,855
140317,11,7,7010104,7100205,2020,7,13,5,3,0,6,0,0,0,0,1,0,1,0,796039,6833,5824950,529
140318,11,7,7020202,7200308,2020,6,14,3,3,5,7,0,1,1,0,0,0,0,0,794775,171,5823914,463
140319,11,4,4030724,4300415,2020,7,17,7,3,1,5,0,1,1,0,0,0,0,0,791306,4514,5826330,836
140320,11,4,4020311,4200310,2020,6,14,2,3,1,5,0,1,1,0,0,0,0,0,789112,9073,5826616,275
140321,11,1,1011101,1100101,2020,6,22,6,3,2,6,2,0,1,0,1,0,0,0,795216,5688,5826605,468
140322,11,8,8020621,8200725,2020,7,15,5,3,3,6,0,1,0,0,0,0,0,0,799918,2602,5819654,695
140323,11,1,1011301,1100308,2020,7,13,4,2,2,6,0,1,1,0,0,0,0,1,796484,1897,5829281,829
140324,11,2,2020203,2200207,2020,7,20,6,3,2,2,0,1,1,0,0,0,0,0,797090,1842,5824708,727
140325,11,2,2020203,2200209,2020,6,22,1,3,5,2,2,0,1,0,0,0,0,0,797749,969,5824024,579
140326,11,5,5020625,5200629,2020,7,7,4,3,0,1,0,1,0,0,0,0,0,0,784503,8399,5828158,39
140327,11,10,10010310,10100315,2020,7,15,5,3,5,2,0,1,1,0,0,0,0,0,809512,9338,5831408,915
140328,11,6,6040808,6400842,2020,7,9,4,3,0,1,0,1,0,0,0,0,0,0,789811,7254,5819798,664
140329,11,3,3071536,3701554,2020,7,20,6,3,5,2,0,1,0,0,0,0,1,0,799192,3152,5830026,281
140330,11,9,9051901,9501941,2020,6,20,1,2,0,1,0,1,0,0,0,0,0,1,812067,29,5821205,269
140331,11,4,4020310,4200308,2020,7,10,4,3,2,6,0,0,1,0,0,0,0,0,790246,2583,5828048,851
140332,11,11,11051330,11501339,2020,6,13,3,3,5,2,0,1,1,0,0,0,0,0,807283,239,5825420,5
140333,11,3,3061131,3601142,2020,7,17,7,2,0,4,0,1,0,1,0,0,0,0,798620,3867,5830283,11
140334,11,4,4030725,4300416,2020,6,20,1,3,2,6,0,0,1,0,1,0,0,0,791318,7708,5826075,28
140335,11,2,2020204,2200210,2020,6,17,6,3,5,3,0,1,1,0,0,0,0,0,798610,9544,5825141,97
140336,11,4,4051654,4501150,2020,7,12,5,3,1,5,0,1,1,0,0,0,0,0,793919,8211,5824035,225
140337,11,11,11040926,11400929,2020,7,18,4,3,5,7,0,1,1,0,0,0,0,0,805090,7592,5826888,192
140338,11,1,1011302,1100309,2020,7,17,6,3,5,2,0,1,1,0,0,0,0,0,797957,1407,5828502,75
140339,11,3,3040818,3400830,2020,6,20,1,3,5,3,0,0,1,0,0,0,0,1,799425,3359,5833250,423
140340,11,2,2050803,2500835,2020,6,20,3,3,8,1,0,0,1,0,0,0,0,0,803112,5111,5826302,957
140341,11,9,9051901,9501939,2020,7,17,1,3,4,6,0,1,0,0,0,0,0,0,811043,5205,5821857,809
140342,11,4,4030620,4300619,2020,6,8,3,3,5,2,0,0,1,0,0,0,0,0,792161,9973,5827298,311
140343,11,9,9020802,9200819,2020,6,13,6,2,5,3,0,1,1,0,0,0,0,1,810173,8112,5820386,968
140344,11,12,12231101,12400723,2020,6,11,6,2,1,5,0,1,1,0,0,0,0,0,791902,689,5838627,978
140345,11,8,8041035,8401241,2020,6,10,3,3,5,3,0,0,1,0,0,0,0,0,804091,5645,5819275,292
140346,11,3,3071536,3701554,2020,6,9,6,2,1,5,0,1,0,0,0,1,0,0,799056,8488,5830173,86
140347,11,2,2020203,2200209,2020,7,11,7,3,5,2,0,1,1,0,0,0,0,0,797749,362,5824034,295
140348,11,12,12302110,12601235,2020,6,19,1,3,5,2,1,0,1,0,0,0,0,0,794878,2255,5835832,641
140349,11,10,10010310,10100315,2020,6,9,6,3,1,5,0,1,0,0,0,0,1,0,809276,2262,5830515,734
140350,11,11,11020412,11200411,2020,7,16,4,3,2,6,0,0,1,0,0,0,1,0,805015,8585,5831470,4
140351,11,7,7070701,7601442,2020,7,14,6,2,5,3,0,1,1,0,0,0,0,0,799299,227,5816214,1
140352,11,3,3061126,3601141,2020,6,18,1,3,0,3,0,1,0,0,0,0,0,1,799202,3048,5831606,282
140353,11,7,7060604,7601341,2020,6,18,3,3,1,5,0,1,1,0,0,0,0,0,797934,7973,5815754,761
140354,11,6,6020306,6200317,2020,7,14,1,3,5,3,0,1,1,0,0,0,0,0,796619,17,5817420,214
140355,11,1,1011202,1100206,2020,6,8,3,2,5,2,0,0,0,0,1,0,0,0,797734,9744,5827611,933
140356,11,8,8010509,8100521,2020,6,8,6,3,0,5,0,0,0,0,0,0,1,0,803975,6792,5821990,185
140357,11,8,8010301,8100311,2020,7,10,5,3,5,2,0,1,1,0,0,0,0,0,800827,2688,5824497,574
140358,11,8,8010404,8100417,2020,7,16,7,3,1,5,0,1,1,0,0,0,0,0,802552,6976,5823011,891
140359,11,1,1044201,1401045,2020,6,18,1,2,5,3,0,1,1,0,0,0,0,1,796703,6912,5831625,7
140360,11,8,8010301,8100311,2020,6,8,6,3,5,3,0,1,1,0,0,0,0,0,800582,7831,5824581,129
140361,11,7,7010104,7100205,2020,7,19,4,3,5,2,0,0,1,0,0,0,0,0,796010,1084,5824976,82
140362,11,12,12214422,12200310,2020,7,11,6,3,2,6,0,0,1,0,0,0,0,0,792355,3889,5833992,523
140363,11,5,5020625,5200629,2020,7,14,5,3,0,6,0,0,1,0,0,0,1,0,784662,945,5828489,829
140364,11,7,7010102,7100102,2020,7,17,7,3,1,5,0,0,1,0,0,0,1,0,795333,8865,5825186,493
140365,11,11,11040926,11400929,2020,6,18,1,3,5,3,0,1,1,0,0,0,0,0,805326,1185,5827211,372
140366,11,4,4051445,4500939,2020,6,8,6,3,1,5,0,1,1,0,0,0,0,0,792533,3561,5824545,786
140367,11,7,7020201,7200307,2020,7,16,4,3,2,6,0,1,1,0,0,0,0,0,794930,9704,5824686,481
140368,11,5,5020523,5200527,2020,7,13,6,3,2,6,0,0,1,0,0,0,0,0,782292,7207,5827434,54
140369,11,1,1033101,1300732,2020,6,16,3,3,5,2,0,1,1,0,0,0,0,0,797709,588,5832893,764
140370,11,1,1044203,1401048,2020,7,14,7,3,2,6,0,0,1,0,0,0,0,0,795305,3058,5831423,23
140371,11,2,2050801,2500832,2020,6,20,2,3,3,6,0,1,0,0,1,0,0,0,803104,3591,5826927,863
140372,11,4,4030931,4501042,2020,6,7,6,3,6,2,0,0,1,1,0,0,0,0,793970,603,5826183,166
140373,11,1,1011303,1100310,2020,7,6,5,3,5,2,0,0,1,0,0,0,0,0,799243,999,5828468,59
140374,11,6,6030502,6300525,2020,7,18,6,3,0,5,0,1,1,0,0,0,0,0,789609,1022,5815412,507
140375,11,12,12301203,12500926,2020,6,17,1,2,5,2,0,1,1,0,0,0,0,1,793418,8087,5836087,611
140376,11,8,8010405,8100418,2020,6,11,6,3,5,5,0,1,1,0,0,0,0,0,801677,4479,5823806,676
140377,11,1,1011401,1100415,2020,7,10,4,3,6,7,0,1,0,1,0,0,0,1,797972,7752,5829462,44
140378,11,3,3020210,3200207,2020,6,6,3,3,5,3,0,1,1,0,0,0,0,0,798584,5667,5835208,409
140379,11,6,6030609,6300633,2020,6,6,3,3,3,6,0,1,1,0,0,0,0,0,793280,6679,5819091,269
140380,11,1,1011402,1100416,2020,7,1,7,3,5,2,2,1,1,0,0,0,0,0,798814,1754,5829368,3
140381,11,1,1011204,1100207,2020,6,19,2,3,0,7,0,0,1,0,0,0,0,0,798396,6245,5827380,888
140382,11,10,10010102,10100102,2020,6,18,6,3,5,3,0,1,1,0,0,0,0,0,809450,5406,5834611,969
140383,11,1,1044202,1401047,2020,7,15,5,3,6,4,0,0,1,1,0,0,0,0,795575,5035,5829997,48
140384,11,3,3071639,3701660,2020,7,15,4,3,5,3,0,0,1,0,0,0,1,0,801057,1214,5829336,423
140385,11,11,11051332,11501341,2020,7,23,6,3,0,1,2,1,0,0,0,0,0,0,807107,4097,5824052,963
140386,11,9,9020701,9200715,2020,6,16,1,3,5,3,0,1,1,0,0,0,0,0,808809,855,5819002,504
140387,11,6,6020303,6200313,2020,7,19,5,3,5,7,0,1,1,0,0,0,0,0,795274,278,5818378,156
140388,11,4,4020311,4200310,2020,7,9,4,3,5,3,0,0,1,0,1,0,0,0,789586,1191,5825971,596
140389,11,6,6030502,6300525,2020,7,23,5,3,9,1,2,0,1,0,0,0,0,1,790232,6962,5814874,829
140390,11,1,1011305,1100312,2020,6,12,3,3,5,3,0,1,1,0,0,0,0,0,799458,3091,5827067,944
140391,11,12,12103115,12100103,2020,7,11,7,3,3,2,0,1,1,0,0,0,0,0,795329,2486,5833842,599
140392,11,5,5020625,5200629,2020,6,7,1,2,5,3,0,1,1,0,0,0,0,0,784093,2036,5827985,76
140393,11,4,4030620,4300619,2020,6,18,6,3,5,2,0,1,1,0,0,0,0,0,792864,742,5827297,653
140394,11,6,6010206,6100206,2020,7,17,4,3,6,4,0,0,1,1,0,0,0,0,794973,9531,5819683,703
140395,11,4,4051446,4501043,2020,7,9,6,3,6,2,0,0,1,1,0,0,0,0,792609,9175,5824955,974
140396,11,10,10020412,10200417,2020,7,16,6,3,0,4,2,0,1,1,0,0,0,0,811762,2531,5831779,135
140397,11,1,1011101,1100101,2020,7,17,3,3,2,6,0,0,1,0,0,0,0,0,795215,1163,5826605,134
140398,11,2,2050801,2500832,2020,7,18,3,3,0,1,0,0,1,0,1,0,0,0,803368,104,5826804,401
140399,11,7,7060604,7601339,2020,7,10,1,3,1,5,0,1,1,0,0,0,0,0,795515,9588,5815986,186
140400,11,3,3061430,3601450,2020,7,15,2,3,5,2,0,1,1,0,0,0,0,0,802306,9331,5829215,134
140401,11,8,8010213,8100208,2020,7,16,5,3,2,6,0,0,1,0,0,0,0,1,801478,5909,5823012,625
140402,11,7,7020204,7200412,2020,7,16,3,3,5,2,0,0,1,0,0,0,0,0,796261,5935,5822942,688
140403,11,9,9020601,9200613,2020,7,22,4,3,0,1,2,1,0,0,0,0,0,0,806903,3277,5821183,42
140404,11,5,5030833,5300840,2020,7,18,4,3,2,6,0,0,1,0,0,0,0,1,787914,1128,5829321,9
140405,11,8,8020622,8200726,2020,7,8,1,3,5,3,0,1,1,0,0,0,0,0,801236,5052,5819770,29
140406,11,7,7030303,7300619,2020,7,16,3,3,5,2,0,1,1,0,0,0,0,0,795412,4305,5821006,578
140407,11,3,3020203,3200204,2020,7,12,3,2,7,7,0,0,0,0,1,0,0,0,798461,2662,5837324,47
140408,11,6,6030605,6300629,2020,7,17,1,3,6,4,0,0,1,1,0,0,0,0,792564,3567,5819608,209
140409,11,1,1044101,1400938,2020,7,16,3,3,2,6,0,0,1,0,0,0,1,0,794200,9553,5830352,158
140410,11,10,10040932,10400939,2020,7,10,2,3,0,3,0,0,0,0,0,0,1,0,812929,4695,5827925,439
140411,11,9,9020702,9200717,2020,7,15,1,3,3,1,0,0,1,0,1,0,0,0,809887,2542,5819242,562
140412,11,11,11010310,11100309,2020,7,13,5,3,2,6,0,0,1,0,0,0,0,1,805346,9129,5833272,424
140413,11,10,10010308,10100311,2020,7,16,3,3,0,2,0,1,0,0,0,0,1,0,806627,1589,5830238,93
140414,11,5,5030731,5300737,2020,7,16,4,3,5,2,0,0,1,0,1,0,0,0,787908,458,5829398,734
140415,11,10,10040828,10400835,2020,7,14,4,3,5,3,0,0,1,0,1,0,0,1,811332,7731,5828399,483
140416,11,1,1011103,1100103,2020,7,16,3,3,5,3,0,1,1,0,0,0,0,0,795384,6283,5826004,538
140417,11,1,1011302,1100309,2020,7,18,4,3,5,2,0,1,1,0,0,0,0,0,798633,3971,5828821,535
140418,11,12,12214424,12200309,2020,7,16,4,3,5,2,0,1,1,0,0,0,0,1,793552,36,5832377,256
140419,11,11,11040926,11400930,2020,7,14,3,3,0,3,0,0,0,0,1,0,1,0,805994,5168,5826987,974
140420,11,3,3030406,3300412,2020,7,10,3,3,5,3,0,1,1,0,0,0,0,0,803005,309,5839505,404
140421,11,7,7070705,7601546,2020,7,14,1,3,1,1,0,0,1,0,1,0,0,0,798924,3609,5813492,894
140422,11,4,4051445,4500939,2020,7,14,3,3,0,3,0,0,1,0,1,0,0,0,792328,814,5824062,936
140423,11,6,6010210,6100210,2020,7,9,2,3,2,6,0,0,1,0,0,0,0,0,795297,932,5821056,183
140424,11,10,10010308,10100311,2020,7,13,1,3,3,6,0,0,1,0,0,0,0,0,806704,5585,5830265,622
140425,11,9,9020501,9200510,2020,7,5,5,3,5,3,0,1,1,0,0,0,0,0,806067,2768,5823415,185
140426,11,11,11051332,11501341,2020,7,14,3,3,5,3,0,1,1,0,0,0,0,0,805881,6282,5824458,985
140427,11,2,2010101,2100101,2020,7,15,4,3,2,7,0,0,1,0,1,0,0,0,797669,8317,5825845,261
140428,11,12,12224230,12400619,2020,7,12,4,3,5,3,0,0,1,0,0,0,0,1,787041,2462,5836813,796
140429,11,9,9020802,9200819,2020,7,14,3,3,2,6,0,0,1,0,0,0,0,0,810014,5022,5820402,474
140430,11,10,10010203,10100205,2020,7,6,3,3,5,2,0,1,1,0,0,0,0,0,808087,3942,5832324,462
140431,11,5,5020417,5200420,2020,7,13,1,3,1,1,0,0,1,0,0,0,0,0,781874,284,5829138,261
140432,11,7,7050503,7501031,2020,7,15,2,3,0,3,0,0,1,0,0,0,1,0,798634,245,5819886,564
140433,11,7,7040403,7400823,2020,7,13,3,2,5,3,0,0,1,0,0,0,0,0,796826,5395,5822175,667
140434,11,10,10030724,10300731,2020,7,17,2,3,5,3,0,1,1,0,0,0,0,0,808899,1313,5828657,88
140435,11,10,10010206,10100209,2020,7,13,1,3,2,6,0,1,0,0,0,0,0,0,809971,1702,5832034,158
140436,11,12,12103218,12100205,2020,7,9,3,3,3,6,0,1,1,0,0,0,0,0,794553,5289,5833462,655
140437,11,8,8020726,8200831,2020,7,11,1,3,1,5,0,0,0,0,1,0,1,0,799324,946,5816281,339
140438,11,4,4041133,4400725,2020,7,13,3,2,5,3,0,1,1,0,0,0,0,0,790538,45,5825130,855
140439,11,7,7060604,7601339,2020,7,8,2,3,6,7,0,0,0,1,0,0,1,0,795643,503,5816072,249
140440,11,4,4020209,4200207,2020,7,14,1,2,1,5,0,1,1,0,0,0,0,0,789609,4816,5824598,917
140441,11,10,10010308,10100311,2020,7,9,5,2,6,4,0,0,1,1,0,0,0,0,806798,523,5830313,506
140442,11,6,6010208,6100208,2020,7,13,3,3,8,1,0,1,0,0,0,0,0,0,793900,3928,5820779,187
140443,11,5,5010314,5100316,2020,7,13,4,3,2,6,0,0,1,0,0,0,0,0,785198,6008,5829357,684
140444,11,4,4010101,4100101,2020,7,5,4,3,5,7,0,0,1,0,1,0,0,0,791009,4703,5830675,716
140445,11,4,4030929,4501040,2020,7,12,3,3,2,6,0,0,1,0,0,0,0,0,792298,522,5825863,307
140446,11,11,11030721,11300722,2020,7,19,3,3,1,7,1,1,1,0,0,0,0,0,804157,7107,5828052,351
140447,11,8,8010214,8100209,2020,7,17,1,2,5,3,0,1,1,0,0,0,0,0,801745,1015,5822047,577
140448,11,11,11010205,11100204,2020,7,15,2,3,2,2,0,0,1,0,0,0,1,0,806487,4298,5833031,242
140449,11,8,8010118,8100105,2020,7,17,5,3,1,5,0,1,1,0,0,0,0,1,800975,349,5822229,537
140450,11,2,2020204,2200210,2020,7,8,3,3,1,5,0,1,1,0,0,0,0,0,798877,29,5825178,443
140451,11,9,9020702,9200716,2020,7,20,4,3,0,5,0,1,1,0,0,0,0,0,809270,867,5819268,349
140452,11,2,2040501,2400520,2020,7,18,4,3,0,1,0,1,0,0,0,0,0,1,800344,467,5828435,398
140453,11,6,6040804,6400838,2020,7,17,1,2,3,6,0,0,1,0,1,0,0,0,787521,3422,5817454,428
140454,11,2,2010101,2100101,2020,7,8,4,3,0,6,0,1,1,0,0,0,0,0,797799,1688,5825949,398
140455,11,11,11030618,11300617,2020,7,20,5,3,4,6,1,1,0,0,0,0,0,0,802550,9739,5829316,637
140456,11,6,6010205,6100205,2020,7,9,4,3,0,4,0,0,0,1,0,0,1,0,795186,4145,5819788,508
140457,11,9,9041401,9401431,2020,7,16,3,3,5,2,0,1,1,0,0,0,0,0,811800,665,5820004,219
140458,11,1,1033101,1300732,2020,7,8,3,3,6,4,0,0,1,1,0,0,0,0,797303,42,5832281,822
140459,11,2,2010104,2100106,2020,7,17,3,3,2,6,0,0,1,0,0,0,0,0,799686,8087,5825673,627
140460,11,6,6040703,6400737,2020,7,11,7,3,5,7,0,0,1,0,1,0,0,0,785022,2268,5817565,132
140461,11,11,11020514,11200513,2020,7,14,2,3,5,3,0,0,1,0,0,0,0,0,804680,5761,5830714,645
140462,11,9,9041401,9401431,2020,7,16,5,3,0,2,0,0,1,0,1,0,0,1,811583,192,5820381,848
140463,11,3,3061126,3601141,2020,7,8,3,3,0,2,0,1,0,0,0,0,1,0,798825,6331,5831633,101
140464,11,2,2010104,2100106,2020,7,20,4,3,5,2,0,1,0,0,0,0,1,1,799788,6723,5825699,13
140465,11,7,7020204,7200412,2020,7,17,4,3,2,7,0,1,1,0,0,0,0,1,796281,5558,5823076,141
140466,11,8,8010404,8100415,2020,7,11,7,3,6,7,0,1,0,1,0,0,0,0,801147,8432,5823763,37
140467,11,1,1033101,1300732,2020,7,8,3,3,5,2,0,1,0,0,1,0,0,0,797349,9954,5832388,949
140468,11,12,12214125,12200412,2020,7,12,3,3,5,2,0,1,0,0,0,0,1,0,791381,2616,5833126,635
140469,11,1,1033203,1300836,2020,7,16,7,3,1,7,0,0,1,1,0,0,0,0,796788,851,5829965,746
140470,11,1,1011104,1100104,2020,7,7,3,3,0,3,0,1,1,0,0,0,0,0,796520,5047,5825884,543
140471,11,10,10040933,10400940,2020,7,6,2,3,5,3,0,1,0,0,0,0,1,0,811981,4646,5826824,577
140472,11,11,11051229,11501238,2020,7,14,7,3,2,6,0,0,1,0,0,0,0,0,804440,202,5825747,915
140473,11,5,5010101,5100104,2020,7,12,5,2,5,3,0,0,1,0,0,0,0,1,785186,1631,5831172,521
140474,11,4,4020208,4200206,2020,7,15,3,2,6,2,0,0,1,1,0,0,0,0,786924,8941,5825817,13
140475,11,1,1044201,1401045,2020,7,19,7,3,5,3,0,1,1,0,0,0,0,0,796716,962,5831634,119
140476,11,2,2020203,2200209,2020,7,7,3,3,5,2,0,1,1,0,0,0,0,0,797472,8399,5824559,62
140477,11,11,11051330,11501339,2020,7,17,2,3,5,2,0,1,1,0,0,0,0,0,807345,8124,5825226,16
140478,11,11,11030721,11300722,2020,7,18,7,3,5,3,0,1,1,0,0,0,0,0,804291,7954,5828425,382
140479,11,5,5010339,5100317,2020,7,14,5,3,5,3,0,0,1,0,0,0,0,1,785726,772,5828367,3
140480,11,12,12301203,12500930,2020,7,4,3,3,0,2,1,1,1,0,0,0,0,0,793582,9182,5835212,397
140481,11,6,6030504,6300528,2020,7,17,4,3,5,3,0,1,1,0,0,0,0,0,789050,8898,5816686,52
140482,11,2,2020206,2200212,2020,7,15,4,3,2,6,0,0,1,0,0,0,1,1,799997,4665,5824443,887
140483,11,10,10010206,10100209,2020,7,7,3,3,5,3,0,1,1,0,0,0,0,0,810012,451,5832310,96
140484,11,4,4051448,4501045,2020,7,9,3,3,5,2,0,1,1,0,0,0,0,0,793709,8422,5824868,941
140485,11,1,1011304,1100311,2020,7,17,7,3,5,2,0,1,1,0,0,0,0,0,799985,2674,5827429,32
140486,11,5,5010311,5100313,2020,7,23,3,3,1,7,2,0,1,0,0,0,0,1,786278,5075,5831668,867
140487,11,11,11020514,11200513,2020,7,8,2,3,0,3,0,1,1,0,0,0,0,0,804726,5008,5831203,98
140488,11,5,5010207,5100209,2020,7,18,7,3,5,3,0,1,1,0,0,0,0,0,783305,76,5830752,597
140489,11,3,3030715,3300516,2020,7,10,5,3,5,2,0,0,1,0,1,0,0,0,801180,1077,5833189,499
140490,11,8,8020619,8200622,2020,7,22,3,3,2,6,2,0,1,0,0,0,0,1,802085,4536,5821941,293
140491,11,3,3050919,3500932,2020,7,14,4,3,5,2,0,1,1,0,0,0,0,0,802061,6517,5832766,667
140492,11,5,5010314,5100316,2020,7,10,4,3,0,6,0,0,1,0,0,0,0,1,785296,7314,5829288,537
140493,11,12,12301203,12500930,2020,7,22,3,3,0,2,2,0,1,1,0,0,0,1,792851,7782,5835169,966
140494,11,1,1044101,1400938,2020,7,11,4,3,5,2,0,1,0,0,0,0,1,0,794646,8246,5831461,117
140495,11,3,3061430,3601450,2020,7,13,4,3,0,1,0,1,0,0,0,0,0,1,802539,3139,5829311,403
140496,11,4,4041342,4400833,2020,7,21,3,3,0,7,2,0,0,0,1,0,0,1,792559,4938,5822168,371
140497,11,8,8010508,8100520,2020,7,7,3,3,2,6,0,0,1,0,0,0,0,0,803208,5431,5822740,429
140498,11,4,4051652,4501149,2020,7,16,7,3,5,2,0,1,1,0,0,0,0,0,793451,9167,5824380,189
140499,11,11,11020412,11200411,2020,7,20,3,2,0,1,0,0,0,0,1,0,0,0,805640,1643,5831766,398
140500,11,8,8041035,8401241,2020,7,7,2,3,1,5,0,1,1,0,0,0,0,0,805045,8858,5818990,783
140501,11,11,11051332,11501341,2020,7,16,7,3,5,2,0,1,1,0,0,0,0,0,807221,2607,5823930,382
140502,11,2,2010102,2100102,2020,7,8,5,3,5,2,0,1,1,0,0,0,0,1,798441,1232,5826527,97
140503,11,10,10010102,10100102,2020,7,11,4,2,5,2,0,0,1,0,0,0,0,0,809347,7444,5834283,414
140504,11,8,8010211,8100206,2020,7,18,3,3,0,4,0,1,0,1,0,0,0,0,800356,7855,5824312,196
140505,11,5,5030832,5300841,2020,7,17,3,3,5,2,0,1,1,0,0,0,0,0,789322,9815,5829301,844
140506,11,11,11030619,11300620,2020,7,18,3,2,5,3,0,1,1,0,0,0,0,0,803816,1714,5829074,363
140507,11,2,2030402,2300419,2020,7,20,7,3,0,5,0,1,1,0,0,0,0,0,801968,9393,5825631,794
140508,11,1,1011105,1100102,2020,7,14,2,3,5,7,0,0,1,0,1,0,0,0,795817,9785,5826567,766
140509,11,2,2020205,2200211,2020,7,16,5,3,0,1,0,1,0,0,0,0,0,1,798478,5897,5824451,8
140510,11,11,11041128,11401137,2020,7,18,3,2,6,4,0,0,1,1,0,0,0,0,806756,4941,5825676,1
140511,11,4,4030827,4300623,2020,7,22,3,3,6,7,2,1,0,1,0,0,0,0,792730,5292,5826204,352
140512,11,1,1011303,1100310,2020,7,16,7,3,6,4,0,0,0,1,0,0,1,0,799221,49,5828940,807
140513,11,9,9010101,9100101,2020,7,14,2,3,5,2,0,1,1,0,0,0,0,0,802359,9734,5825338,753
140514,11,4,4041134,4400726,2020,7,18,5,2,0,7,0,1,0,0,0,0,0,1,790434,5051,5824170,852
140515,11,4,4030623,4300622,2020,7,19,3,3,5,3,0,1,0,0,0,0,0,0,793493,7903,5826491,609
140516,11,7,7070704,7601545,2020,7,17,2,3,5,3,0,1,0,0,1,0,0,0,800929,519,5814186,112
140517,11,8,8010405,8100418,2020,7,17,4,3,3,6,0,1,0,0,0,0,1,0,802262,6261,5823860,365
140518,11,6,6020409,6200421,2020,7,18,2,3,5,2,0,1,1,0,0,0,0,0,793213,2492,5816448,755
140519,11,5,5010207,5100209,2020,7,6,4,2,5,3,0,0,1,0,0,0,0,0,783467,7904,5830708,212
140520,11,5,5020626,5200631,2020,7,15,3,3,5,7,0,1,1,0,0,0,0,0,784726,6538,5827559,101
140521,11,9,9010202,9100203,2020,7,17,3,2,0,1,0,1,0,0,0,0,0,0,804411,2323,5823886,503
140522,11,2,2020203,2200209,2020,7,23,2,2,5,2,2,0,1,0,1,0,0,0,797756,3258,5824034,401
140523,11,1,1011201,1100205,2020,7,15,7,3,5,3,0,1,1,0,0,0,0,0,796992,389,5826607,827
140524,11,11,11020411,11200410,2020,7,14,2,3,5,2,0,1,1,0,0,0,0,0,805295,3225,5832050,634
140525,11,1,1011304,1100311,2020,7,15,5,3,1,5,0,0,1,0,0,0,0,1,799607,5929,5828009,801
140526,11,11,11051229,11501238,2020,7,17,3,2,5,3,0,1,1,0,0,0,0,0,804666,31,5825590,64
140527,11,2,2040703,2400625,2020,7,17,2,3,1,5,0,1,1,0,0,0,0,0,800969,475,5826777,407
140528,11,4,4030623,4300622,2020,7,18,4,2,0,7,0,1,0,0,0,0,0,0,793785,4092,5826308,111
140529,11,4,4051654,4501150,2020,7,16,4,3,5,2,0,1,1,0,0,0,0,1,793708,3512,5823948,602
140530,11,5,5040937,5400944,2020,7,17,3,3,2,2,0,0,0,0,1,0,1,0,782099,8425,5820235,302
140531,11,4,4030929,4501040,2020,7,18,2,3,2,6,0,0,1,0,0,0,0,0,792681,1451,5825453,738
140532,11,4,4030931,4501042,2020,7,22,4,3,0,1,2,0,1,0,1,0,0,1,794179,5258,5825980,31
140533,11,1,1011302,1100309,2020,7,0,4,3,0,1,2,1,0,0,0,0,0,0,798659,371,5828525,395
140534,11,6,6040701,6400735,2020,7,14,7,3,2,6,0,1,1,0,0,0,0,0,784454,5638,5816431,889