OBJECTID,LAND,BEZ,LOR,LOR_ab_2021,UJAHR,UMONAT,USTUNDE,UWOCHENTAG,UKATEGORIE,UART,UTYP1,ULICHTVERH,IstRad,IstPKW,IstFuss,IstKrad,IstGkfz,IstSonstige,USTRZUSTAND,LINREFX,LINREFY,XGCSWGS84,YGCSWGS84
140535,11,1,1033203,1300836,2020,7,22,3,1,6,4,2,0,1,1,0,0,0,0,796816,1844,5831270,685
140536,11,9,9051702,9501737,2020,7,14,3,3,2,6,0,0,1,0,0,0,0,0,814204,9937,5821574,76
140537,11,3,3061131,3601142,2020,7,14,7,3,3,6,0,1,0,0,0,0,0,0,799194,423,5831007,812
140538,11,3,3030405,3300411,2020,7,19,2,3,5,3,0,0,1,0,0,0,0,0,804016,7347,5838913,813
140539,11,1,1011301,1100308,2020,7,21,2,3,2,2,2,1,1,0,0,0,0,0,797539,2052,5828717,945
140540,11,2,2030301,2300314,2020,7,10,7,3,2,6,0,0,1,0,0,0,0,0,800101,3332,5825740,401
140541,11,10,10010308,10100311,2020,7,13,5,3,0,3,0,0,0,0,0,0,1,1,806683,4676,5829147,33
140542,11,10,10030726,10300733,2020,7,16,2,3,7,7,0,1,0,0,0,0,0,0,808598,8605,5826467,372
140543,11,3,3061332,3601346,2020,7,18,2,3,5,3,0,1,0,0,0,0,0,0,799426,27,5830820,929
140544,11,4,4041342,4400833,2020,7,16,4,3,2,2,0,0,1,0,0,0,0,0,792055,6585,5822464,852
140545,11,2,2010103,2100104,2020,7,15,4,3,5,3,0,1,1,0,0,0,0,1,799281,264,5826219,832
140546,11,11,11020411,11200410,2020,7,11,2,3,5,3,0,0,1,0,0,0,1,0,806125,7838,5832010,961
140547,11,1,1011402,1100416,2020,7,9,3,3,1,5,0,1,1,0,0,0,0,0,798597,3877,5829529,38
140548,11,6,6010206,6100206,2020,7,9,7,3,1,5,0,1,1,0,0,0,0,0,794332,3245,5819569,708
140549,11,8,8010118,8100105,2020,7,7,2,2,6,2,0,0,1,1,0,0,0,0,801088,3973,5821953,879
140550,11,12,12103117,12100101,2020,7,21,2,3,5,2,0,1,1,0,0,0,0,0,795786,906,5832580,132
140551,11,12,12214421,12200307,2020,7,10,3,3,0,2,0,1,1,0,0,0,0,0,793377,53,5833163,852
140552,11,4,4051446,4501043,2020,7,19,7,2,5,3,0,1,1,0,0,0,0,0,793034,4036,5824459,692
140553,11,11,11020411,11200410,2020,7,22,2,3,6,4,2,0,1,1,0,0,0,0,804978,1196,5832995,894
140554,11,4,4041137,4400727,2020,7,11,2,2,6,7,0,0,0,1,0,0,1,0,791487,6257,5824025,65
140555,11,3,3040614,3400725,2020,7,18,7,2,2,7,0,0,1,0,0,0,0,1,798844,5064,5834954,842
140556,11,6,6020410,6200422,2020,7,11,5,3,5,2,0,1,1,0,0,0,0,0,794115,9122,5817425,126
140557,11,7,7040401,7400721,2020,7,19,2,3,2,6,0,0,1,0,0,0,0,1,798356,1895,5823947,819
140558,11,6,6020303,6200313,2020,7,19,2,3,5,2,0,0,1,0,0,0,0,0,795355,2809,5818450,988
140559,11,4,4010102,4100101,2020,7,15,4,3,5,2,0,0,1,0,0,0,0,0,793352,6884,5829679,98
140560,11,12,12301205,12500928,2020,7,12,4,2,5,2,0,0,1,0,1,0,0,1,792607,9697,5837532,688
140561,11,5,5020625,5200629,2020,7,19,2,2,2,6,0,0,1,0,1,0,0,0,784724,9001,5828629,759
140562,11,4,4051550,4501147,2020,7,7,3,3,0,1,0,1,0,0,0,0,0,0,792895,416,5824307,859
140563,11,1,1011401,1100415,2020,7,15,7,2,0,1,0,1,0,0,0,0,0,0,798274,4552,5829365,938
140564,11,9,9051901,9501939,2020,7,13,2,3,2,6,0,0,1,0,0,0,0,0,810675,5406,5820307,836
140565,11,5,5020521,5200524,2020,7,19,2,3,2,7,0,0,1,0,0,0,0,0,780986,3035,5827993,568
140566,11,10,10010204,10100206,2020,7,17,2,3,2,5,0,0,1,0,0,0,0,0,808873,2229,5832737,153
140567,11,5,5010101,5100104,2020,7,20,6,3,2,6,0,0,1,0,0,0,0,0,785197,73,5831565,976
140568,11,7,7030301,7300516,2020,7,22,5,3,0,3,2,0,1,0,1,0,0,1,793966,3113,5822008,746
140569,11,2,2050602,2500728,2020,7,8,2,3,2,2,0,1,1,0,0,0,0,0,802904,103,5827850,781
140570,11,2,2010102,2100102,2020,7,17,6,2,6,2,0,0,1,1,0,0,0,0,798188,6915,5826507,89
140571,11,1,1022201,1200623,2020,7,10,5,3,1,5,0,1,1,0,0,0,0,0,795128,6033,5829492,648
140572,11,4,4051446,4501043,2020,7,18,2,3,5,2,0,0,1,0,1,0,0,0,793075,4891,5824907,386
140573,11,1,1033102,1300733,2020,7,14,4,3,5,2,0,1,1,0,0,0,0,0,797142,281,5831886,608
140574,11,6,6030605,6300629,2020,7,8,4,3,5,3,0,0,1,0,0,0,0,1,792496,5937,5819656,273
140575,11,6,6030610,6300634,2020,7,18,2,3,5,2,0,0,1,0,1,0,0,0,791925,9458,5817834,405
140576,11,6,6040703,6400737,2020,7,20,3,2,0,1,0,0,0,0,1,0,0,0,786836,837,5817455,213
140577,11,12,12214424,12200309,2020,7,16,6,3,2,6,0,0,1,0,0,0,0,1,793416,2317,5832473,593
140578,11,8,8020619,8200623,2020,7,12,2,2,2,2,0,0,1,0,0,0,1,0,802473,5656,5820697,773
140579,11,6,6020301,6200311,2020,7,17,5,3,2,2,0,0,1,0,0,0,1,1,796232,9505,5818607,371
140580,11,3,3061228,3601245,2020,7,16,2,3,5,2,0,1,0,0,0,0,0,1,800196,142,5830928,884
140581,11,6,6010103,6100103,2020,7,19,2,3,5,3,0,0,1,0,1,0,0,0,793466,678,5821463,332
140582,11,8,8010404,8100417,2020,7,10,4,3,1,5,0,1,1,0,0,0,0,0,802291,5268,5822839,454
140583,11,9,9041501,9401534,2020,7,19,4,3,5,3,0,1,1,0,0,0,0,1,811102,1108,5820276,826
140584,11,8,8010405,8100418,2020,7,20,2,3,0,3,1,1,1,0,0,0,0,0,801974,8123,5824039,361
140585,11,4,4041344,4400835,2020,7,8,4,3,5,3,0,1,1,0,0,0,0,0,793353,7599,5822576,665
140586,11,4,4031032,4500937,2020,7,15,3,3,0,1,0,1,1,0,0,0,0,0,791678,224,5825321,857
140587,11,5,5020625,5200629,2020,7,17,2,3,0,6,0,0,1,0,0,0,1,0,783849,4445,5828694,489
140588,11,2,2010104,2100106,2020,7,9,4,3,0,1,0,1,0,0,0,0,0,0,799226,7646,5825611,946
140589,11,1,1011303,1100310,2020,7,13,3,3,5,3,0,1,1,0,0,0,0,0,799122,1054,5828521,266
140590,11,9,9041501,9401534,2020,7,17,2,2,0,1,0,1,0,0,0,0,0,1,810801,4325,5820318,508
140591,11,5,5010101,5100101,2020,7,17,3,2,5,3,0,1,1,0,0,0,0,0,785193,9425,5833804,467
140592,11,9,9020501,9200510,2020,7,15,6,3,2,6,0,0,1,0,0,0,1,1,806946,7049,5823356,29
140593,11,4,4041136,4400728,2020,7,10,2,2,2,2,0,1,1,0,0,0,0,0,790031,9459,5823001,544
140594,11,8,8041035,8401241,2020,7,16,5,2,6,4,0,0,1,1,0,0,0,1,804016,8118,5819158,7
140595,11,9,9031101,9301126,2020,7,17,2,3,5,3,0,1,1,0,0,0,0,1,810799,6456,5818208,964
140596,11,12,12214125,12200412,2020,7,20,4,3,0,7,0,0,0,0,1,0,0,0,788687,2622,5833271,26
140597,11,11,11020411,11200410,2020,7,17,4,3,2,6,0,0,1,0,0,0,0,1,805237,147,5832171,492
140598,11,9,9020502,9200512,2020,7,15,6,2,5,2,0,1,1,0,0,0,0,0,809220,8928,5821510,13
140599,11,3,3051017,3501038,2020,7,17,2,3,0,3,0,0,1,0,0,0,1,0,803947,3687,5832364,491
140600,11,8,8010118,8100105,2020,7,12,3,3,2,6,0,1,0,0,0,0,1,0,800594,6988,5821832,835
140601,11,1,1011301,1100308,2020,7,15,6,3,5,2,0,1,1,0,0,0,0,1,796917,1204,5828129,617
140602,11,1,1011204,1100207,2020,7,16,2,3,1,5,0,1,1,0,0,0,0,0,798660,8492,5826865,4
140603,11,10,10040830,10400837,2020,7,6,2,3,5,3,0,0,1,0,0,0,1,0,810584,9172,5825271,3
140604,11,3,3030406,3300413,2020,7,15,6,3,5,3,0,0,1,0,0,0,0,1,803467,954,5838536,983
140605,11,2,2050801,2500831,2020,7,12,5,2,0,1,0,0,0,0,1,0,0,1,802886,341,5827170,132
140606,11,9,9041501,9401534,2020,7,16,2,2,6,4,0,1,0,1,0,0,0,0,810832,8612,5820306,688
140607,11,11,11020412,11200411,2020,7,17,2,3,5,2,0,1,1,0,0,0,0,0,805694,334,5831384,14
140608,11,11,11030720,11300721,2020,7,16,4,3,5,2,0,0,1,0,0,0,1,0,805528,1163,5830069,422
140609,11,8,8020622,8200727,2020,7,18,2,3,0,7,0,0,1,0,0,0,1,0,801322,347,5819546,793
140610,11,5,5010314,5100316,2020,7,15,6,3,6,2,0,0,1,1,0,0,0,0,784853,6948,5829248,361
140611,11,2,2030401,2300418,2020,7,14,5,3,2,1,0,0,1,0,0,0,0,1,801080,7715,5824972,365
140612,11,9,9041601,9401635,2020,7,13,2,3,0,1,0,1,0,0,0,0,1,0,816717,398,5817345,289
140613,11,2,2040702,2400624,2020,7,18,4,3,0,1,0,1,0,0,0,0,0,0,801874,6519,5826894,247
140614,11,4,4030725,4300416,2020,7,15,4,3,0,3,0,1,1,0,0,0,0,1,791289,8598,5826076,656
140615,11,1,1011201,1100205,2020,7,16,2,3,6,4,0,1,0,1,0,0,0,0,797138,5926,5826463,545
140616,11,1,1011301,1100308,2020,7,10,3,2,5,3,0,1,0,0,0,0,0,0,797055,5317,5828891,334
140617,11,4,4020311,4200310,2020,7,15,6,3,2,6,0,0,1,0,1,0,0,1,789550,5676,5826557,977
140618,11,4,4030621,4300620,2020,7,16,2,3,5,3,0,1,0,0,0,0,0,0,793281,3587,5827445,28
140619,11,4,4041241,4400832,2020,7,9,2,3,1,5,0,1,1,0,0,0,0,0,791350,3444,5822461,3
140620,11,8,8020619,8200623,2020,7,13,6,3,1,5,0,1,0,0,1,0,0,0,802178,1832,5820660,513
140621,11,7,7040404,7400826,2020,7,10,5,2,5,2,0,0,1,0,0,0,1,0,796696,5296,5820024,209
140622,11,11,11040926,11400929,2020,7,16,2,3,5,2,0,1,1,0,0,0,0,0,804803,93,5826500,682
140623,11,4,4020310,4200308,2020,7,14,4,3,0,7,0,0,0,0,1,0,0,1,789589,7736,5828392,478
140624,11,3,3050923,3500934,2020,7,11,4,3,5,2,0,0,1,0,0,0,0,1,800201,6398,5832140,271
140625,11,12,12103117,12100101,2020,7,15,2,2,6,4,0,0,1,1,0,0,0,0,795940,8088,5832726,683
140626,11,1,1011303,1100310,2020,7,23,3,2,0,1,2,0,0,0,0,0,1,0,799596,1143,5828489,678
140627,11,1,1011301,1100308,2020,7,14,6,3,1,6,0,1,1,0,0,0,0,1,797116,6799,5828197,11
140628,11,7,7050505,7501134,2020,7,14,4,3,5,2,0,0,1,0,0,0,0,1,798947,108,5817290,642
140629,11,7,7050503,7501031,2020,7,15,2,3,5,7,0,0,1,0,0,0,0,0,798433,2816,5820499,125
140630,11,2,2040503,2400522,2020,7,8,3,3,0,7,0,1,0,0,0,0,0,0,801813,6478,5827954,1
140631,11,10,10040828,10400835,2020,7,14,6,3,6,4,0,0,1,1,0,0,0,1,811594,2088,5828306,716
140632,11,7,7040406,7400928,2020,7,14,2,3,0,3,0,0,1,0,1,0,0,0,800359,1709,5821695,132
140633,11,1,1033102,1300733,2020,7,8,2,2,5,5,0,0,1,0,1,0,0,0,797437,34,5831599,762
140634,11,1,1011101,1100101,2020,7,13,6,3,2,6,0,0,1,0,0,0,0,1,794560,5758,5826085,22
140635,11,1,1011204,1100207,2020,7,9,5,2,0,1,0,0,0,0,0,0,1,0,798013,6641,5826690,395
140636,11,11,11010205,11100204,2020,7,11,2,3,5,2,0,0,1,0,0,0,0,0,806311,4102,5833876,843
140637,11,9,9010202,9100203,2020,7,16,2,3,3,6,0,1,0,0,0,0,1,0,803777,7001,5823276,496
140638,11,1,1044101,1400938,2020,7,11,4,3,0,6,0,0,1,0,1,0,0,0,793800,7689,5830399,856
140639,11,5,5010208,5100210,2020,7,5,4,2,5,3,1,0,1,0,1,0,0,0,783819,5427,5830580,149
140640,11,4,4030827,4300623,2020,7,11,2,3,0,7,0,0,1,0,1,0,0,0,792381,9059,5826034,961
140641,11,9,9020702,9200717,2020,7,18,3,3,6,4,0,0,1,1,0,0,0,0,809397,9616,5819689,671
140642,11,10,10010308,10100311,2020,7,14,6,3,2,6,0,0,1,0,0,0,0,1,806568,3239,5828057,229
140643,11,11,11051229,11501238,2020,7,23,1,3,1,5,2,1,1,0,0,0,0,0,803556,5984,5826264,326
140644,11,1,1044202,1401046,2020,7,17,5,3,0,5,0,0,1,0,1,0,0,1,794830,1682,5830170,801
140645,11,6,6040809,6400843,2020,7,14,2,3,5,3,0,1,0,0,0,0,1,0,791785,1462,5819655,125
140646,11,2,2010102,2100102,2020,7,23,4,3,5,7,2,0,1,0,0,0,0,1,798092,6749,5826491,569
140647,11,5,5010206,5100208,2020,7,23,1,3,2,6,2,0,1,0,1,0,0,0,781951,6986,5830597,583
140648,11,7,7060604,7601339,2020,7,11,5,3,5,2,0,1,1,0,0,0,0,0,795658,1524,5816070,127
140649,11,2,2020204,2200210,2020,7,13,2,3,5,3,0,0,1,0,0,0,0,0,798172,3991,5824835,599
140650,11,4,4051549,4501146,2020,7,17,2,3,3,6,0,1,0,0,0,0,0,0,793310,327,5823826,451
140651,11,2,2030401,2300417,2020,7,19,5,3,0,7,0,0,0,0,1,0,0,1,800064,582,5825416,94
140652,11,4,4030415,4300412,2020,7,9,4,2,2,6,0,0,1,0,0,0,0,0,791530,742,5827497,729
140653,11,1,1022206,1200628,2020,7,15,3,2,5,3,0,1,0,0,0,0,1,0,795519,125,5828218,136
140654,11,3,3050919,3500932,2020,7,10,2,3,0,4,0,0,0,1,0,0,1,0,802059,5263,5832763,44
140655,11,5,5030731,5300737,2020,7,17,3,3,5,2,0,0,1,0,0,1,0,0,786960,6125,5829592,804
140656,11,10,10020517,10200524,2020,7,11,6,3,6,7,0,0,1,1,0,0,0,0,812580,8585,5830343,707
140657,11,4,4051550,4501043,2020,7,22,1,3,5,2,2,1,1,0,0,0,0,0,792860,7475,5824321,136
140658,11,1,1033102,1300733,2020,7,15,5,3,0,6,0,0,0,0,1,0,1,1,797670,5747,5831880,62
140659,11,6,6020303,6200313,2020,7,10,2,3,1,5,0,0,1,0,0,0,0,0,795132,8555,5818252,602
140660,11,2,2020203,2200209,2020,7,18,4,3,5,2,0,1,1,0,0,0,0,0,797101,5385,5824476,476
140661,11,4,4030828,4300624,2020,7,16,4,3,6,4,0,1,0,1,0,0,0,1,793064,5502,5826099,255
140662,11,8,8010404,8100415,2020,7,9,2,3,5,2,0,1,1,0,0,0,0,0,801231,6928,5823675,361
140663,11,12,12214421,12200307,2020,7,11,3,3,5,3,0,0,1,0,0,0,0,0,793139,2066,5833868,13
140664,11,4,4030417,4300414,2020,7,11,6,3,2,6,0,0,1,0,1,0,0,1,791682,508,5827486,86
140665,11,11,11040926,11400931,2020,7,11,4,3,2,6,0,0,1,0,0,0,0,1,806597,7205,5827345,35
140666,11,6,6020303,6200313,2020,7,9,6,3,6,2,0,0,0,1,0,0,1,1,795347,5186,5818440,34
140667,11,6,6010206,6100206,2020,7,21,4,3,0,1,0,0,1,0,0,0,0,0,794709,6334,5819920,922
140668,11,1,1011401,1100415,2020,7,14,3,3,3,2,0,1,1,0,0,0,0,0,797506,1496,5829187,783
140669,11,1,1033102,1300733,2020,7,9,6,3,5,3,0,0,1,0,0,0,0,1,797150,2016,5831887,944
140670,11,8,8010214,8100209,2020,7,9,2,3,5,3,0,0,1,0,0,0,0,0,801473,209,5822057,988
140671,11,4,4030931,4501042,2020,7,22,2,3,5,3,2,1,1,0,0,0,0,0,793522,9808,5825456,863
140672,11,12,12214527,12200515,2020,7,8,6,3,5,3,0,1,1,0,0,0,0,1,790313,7352,5835441,89
140673,11,9,9020601,9200613,2020,7,13,5,2,2,6,0,0,1,0,1,0,0,1,806952,7701,5821076,314
140674,11,8,8010404,8100417,2020,7,8,2,3,5,3,0,0,1,0,1,0,0,0,802353,808,5822750,585
140675,11,4,4051448,4501045,2020,7,17,4,3,5,2,0,1,1,0,0,0,0,0,793477,628,5824923,423
140676,11,9,9010302,9100306,2020,7,15,4,3,5,2,0,0,1,0,0,0,1,1,804217,628,5821057,45
140677,11,3,3061332,3601347,2020,7,13,2,3,5,7,0,1,1,0,0,0,0,0,799715,305,5830883,903
140678,11,6,6020302,6200312,2020,7,9,3,3,2,6,0,1,1,0,0,0,0,0,794374,5094,5819071,751
140679,11,7,7020202,7200308,2020,7,8,6,3,5,3,0,1,1,0,0,0,0,1,795008,4371,5823599,73
140680,11,2,2050601,2500726,2020,7,13,2,3,0,1,0,1,0,0,0,0,0,0,801948,9743,5829057,758
140681,11,4,4041134,4400726,2020,7,8,2,3,5,7,0,1,1,0,0,0,0,0,791230,3498,5824451,383
140682,11,7,7070705,7601546,2020,7,8,6,3,5,3,0,1,1,0,0,0,0,1,798607,4321,5813326,196
140683,11,3,3050919,3500932,2020,7,4,5,3,1,7,1,0,1,0,0,0,0,0,801698,347,5832998,675
140684,11,9,9051702,9501737,2020,7,12,2,3,1,5,0,1,1,0,0,0,0,0,814895,308,5821586,882
140685,11,10,10010310,10100313,2020,7,12,2,3,5,3,0,0,1,0,0,0,0,0,807809,5497,5830770,46
140686,11,1,1022104,1200520,2020,7,10,2,3,0,6,0,1,1,0,0,0,0,0,794584,5868,5828536,343
140687,11,3,3050923,3500934,2020,7,6,6,2,0,7,0,0,1,0,1,0,0,1,801057,909,5832023,83
140688,11,9,9020501,9200510,2020,7,11,5,3,3,6,0,0,1,0,0,1,0,0,806013,905,5823040,72
140689,11,7,7020201,7200307,2020,7,8,2,3,5,2,0,1,1,0,0,0,0,0,794523,7973,5824648,13
140690,11,2,2040701,2400623,2020,7,15,4,3,5,3,0,1,1,0,0,0,0,0,800458,7417,5827593,735
140691,11,9,9041601,9401635,2020,7,12,4,2,4,6,0,0,1,0,0,0,0,0,818785,1926,5816638,509
140692,11,1,1011303,1100310,2020,7,7,2,3,0,7,0,0,0,0,1,0,0,1,798670,1982,5828142,497
140693,11,9,9010302,9100306,2020,7,7,3,3,5,3,0,1,1,0,0,0,0,0,804946,3155,5820717,98
140694,11,3,3061131,3601142,2020,7,5,6,3,2,1,0,0,1,0,0,0,0,1,798882,3328,5830383,32
140695,11,5,5030731,5300737,2020,7,7,2,3,5,2,0,1,0,0,0,1,0,0,787278,1489,5829423,64
140696,11,1,1011302,1100309,2020,7,0,2,3,6,2,2,0,1,1,0,0,0,0,798481,7995,5829056,736
140697,11,4,4051652,4501149,2020,7,17,5,3,5,5,0,1,1,0,0,0,0,0,793452,701,5824395,857
140698,11,5,5010101,5100101,2020,7,7,5,3,5,3,0,0,1,0,1,0,0,0,785475,5708,5833385,672
140699,11,10,10030726,10300733,2020,7,10,4,3,2,6,0,0,1,0,0,0,0,0,809522,3267,5827208,814
140700,11,9,9020501,9200510,2020,7,15,3,3,2,6,0,0,1,0,0,0,0,0,806366,639,5822233,698
140701,11,5,5010314,5100316,2020,7,14,4,3,2,6,0,0,1,0,0,0,0,0,784789,3011,5828840,122
140702,11,9,9020501,9200510,2020,7,9,4,3,5,3,0,1,1,0,0,0,0,1,806407,802,5822969,93
140703,11,2,2010102,2100102,2020,7,7,2,3,5,3,0,1,1,0,0,0,0,0,798311,1025,5825621,423
140704,11,2,2050801,2500832,2020,7,21,3,3,2,6,1,1,1,0,0,0,0,0,803425,2335,5826919,6
140705,11,8,8010404,8100415,2020,7,16,5,2,5,3,0,1,1,0,0,0,0,1,801363,8907,5823775,676
140706,11,8,8010211,8100206,2020,7,16,1,3,0,5,0,0,1,0,1,0,0,0,800388,3764,5824102,925
140707,11,12,12304314,12500824,2020,7,18,5,3,2,6,0,0,1,0,0,0,1,1,790205,4158,5835860,48
140708,11,6,6030502,6300525,2020,7,5,2,3,5,3,0,0,1,0,0,0,0,0,789712,2603,5815436,33
140709,11,4,4031032,4500937,2020,7,17,2,3,5,7,0,0,1,0,1,0,0,0,791636,3889,5825118,69
140710,11,7,7020203,7200409,2020,7,16,2,2,5,2,0,0,1,0,0,0,0,0,795224,335,5824372,504
140711,11,4,4030623,4300622,2020,7,15,4,3,6,2,0,0,1,1,0,0,0,0,793327,3405,5826642,987
140712,11,8,8030831,8301036,2020,7,16,2,3,3,6,0,1,1,0,0,0,0,0,804016,4883,5817810,199
140713,11,2,2010102,2100102,2020,7,5,4,3,0,1,0,0,0,0,1,0,0,0,798174,5113,5826505,535
140714,11,6,6040809,6400843,2020,7,15,3,3,2,6,0,0,1,0,0,0,0,0,792077,879,5820265,24
140715,11,4,4031032,4500937,2020,7,22,1,3,0,7,2,0,1,0,1,0,0,1,791660,6224,5825125,53
140716,11,1,1011306,1100313,2020,7,15,2,3,4,6,0,1,0,0,0,0,0,0,800420,2533,5826571,847
140717,11,4,4030620,4300619,2020,7,14,5,3,0,1,0,1,0,0,0,0,0,1,791986,6889,5827395,238
140718,11,5,5030731,5300737,2020,7,15,5,3,0,1,0,0,0,0,1,0,0,1,788028,6908,5829418,832
140719,11,6,6010205,6100205,2020,7,20,1,2,0,1,0,0,0,0,1,0,0,0,796192,5062,5819606,49
140720,11,3,3061332,3601348,2020,7,16,3,3,3,6,0,1,0,0,0,0,1,0,799920,706,5830702,822
140721,11,4,4030931,4501042,2020,7,18,6,3,3,5,0,1,1,0,0,0,0,0,793868,2382,5825525,25
140722,11,11,11030618,11300618,2020,7,10,6,3,5,2,0,1,1,0,0,0,0,0,802830,7796,5828742,557
140723,11,5,5010311,5100313,2020,7,20,6,3,0,6,1,0,1,0,1,0,0,0,786118,7327,5830511,89
140724,11,1,1011203,1100206,2020,7,12,2,3,5,5,0,1,1,0,0,0,0,0,797844,9574,5827461,943
140725,11,6,6020303,6200313,2020,7,9,6,3,0,4,0,0,0,1,0,0,1,0,795253,6036,5818638,715
140726,11,8,8020619,8200623,2020,7,18,1,3,5,3,0,1,1,0,0,0,0,1,801880,7888,5821131,345
140727,11,6,6010101,6100101,2020,7,18,1,3,1,6,0,1,1,0,0,0,1,0,792948,5934,5820919,639
140728,11,12,12103117,12100101,2020,7,9,6,3,5,2,0,1,1,0,0,0,0,0,796378,199,5832792,759
140729,11,10,10030724,10300731,2020,7,8,4,3,0,5,0,0,1,0,0,0,0,0,809055,397,5828800,88
140730,11,4,4030417,4300414,2020,7,17,7,3,5,3,0,1,1,0,0,0,0,0,791538,664,5826830,343
140731,11,7,7040401,7400721,2020,7,8,6,3,5,2,0,1,1,0,0,0,0,0,797749,1749,5822532,348
140732,11,5,5010207,5100209,2020,7,11,3,3,5,2,0,0,1,0,1,0,0,0,783319,5945,5830773,807
140733,11,8,8010303,8100314,2020,7,14,6,3,2,7,0,0,0,0,1,0,1,0,800682,131,5824253,52
140734,11,2,2040502,2400521,2020,7,0,6,3,0,2,2,1,0,0,0,0,1,0,800940,41,5828520,517
140735,11,8,8010301,8100312,2020,7,11,2,3,0,2,0,1,0,0,0,0,1,0,801464,7982,5823891,46
140736,11,6,6010205,6100205,2020,7,17,5,3,2,6,0,0,1,0,0,0,0,0,795810,472,5819681,99
140737,11,9,9041501,9401534,2020,7,6,5,2,0,3,0,1,0,0,0,0,0,1,810869,961,5820326,84
140738,11,9,9051901,9501939,2020,7,20,1,3,0,1,1,0,0,0,1,0,0,1,810888,6884,5821463,641
140739,11,4,4010102,4100101,2020,7,20,7,3,3,6,0,0,1,0,0,0,0,0,793353,7475,5829676,97
140740,11,2,2030302,2300315,2020,7,13,3,3,5,2,0,0,0,0,1,0,1,0,800668,7062,5825803,961
140741,11,3,3071536,3701554,2020,7,18,5,2,6,4,0,0,1,1,0,0,0,0,798885,3165,5829865,227
140742,11,1,1022106,1200522,2020,7,13,1,3,0,2,0,1,1,0,0,0,0,1,794316,3126,5828379,579
140743,11,11,11020514,11200513,2020,7,17,1,3,5,3,0,1,1,0,0,0,0,0,804671,701,5830737,516
140744,11,12,12214527,12200515,2020,7,12,3,3,2,6,0,0,1,0,0,0,0,0,790596,5127,5834497,364
140745,11,6,6040703,6400737,2020,7,13,7,2,3,6,0,1,0,0,0,0,0,0,784502,9318,5817255,592
140746,11,5,5010209,5100211,2020,7,16,5,3,1,5,0,1,1,0,0,0,0,0,782792,3898,5829570,473
140747,11,5,5010313,5100315,2020,7,10,3,2,5,3,0,0,1,0,1,0,0,0,784675,792,5829706,6
140748,11,1,1033102,1300733,2020,7,2,6,3,1,5,2,0,1,0,0,0,0,0,797426,7818,5831866,827
140749,11,8,8010214,8100209,2020,7,12,5,3,2,7,0,0,1,0,0,0,1,0,801635,4789,5822320,404
140750,11,1,1011201,1100205,2020,7,16,2,3,5,2,0,1,1,0,0,0,0,1,797471,465,5826799,263
140751,11,7,7050503,7501031,2020,7,16,5,3,2,2,0,1,1,0,0,0,0,0,799105,2361,5819853,49
140752,11,1,1022202,1200624,2020,7,20,4,3,5,2,0,0,1,0,0,0,0,0,795665,6085,5829739,16
140753,11,7,7030301,7300517,2020,7,18,1,3,3,6,0,0,0,0,1,0,1,1,794411,7596,5822341,188
140754,11,8,8010404,8100417,2020,7,17,7,3,5,3,0,1,1,0,0,0,0,0,802589,5286,5823076,161
140755,11,1,1033102,1300733,2020,7,19,3,3,5,2,0,1,1,0,0,0,0,0,796999,2298,5831504,466
140756,11,3,3050924,3500935,2020,7,18,6,2,4,6,0,1,0,0,0,0,0,0,801304,8827,5831326,22
140757,11,2,2010103,2100104,2020,7,12,5,3,2,6,0,0,1,0,0,0,0,1,798895,1305,5826272,151
140758,11,8,8010301,8100312,2020,7,20,6,3,5,3,0,0,1,0,1,0,0,0,801400,503,5824136,456
140759,11,9,9041501,9401534,2020,7,7,3,3,5,3,0,1,1,0,0,0,0,0,810885,6831,5820660,769
140760,11,2,2030401,2300417,2020,7,13,6,3,5,3,0,1,1,0,0,0,0,0,800649,95,5825682,122
140761,11,6,6020409,6200421,2020,7,15,5,3,1,5,0,1,1,0,0,0,0,1,794121,3887,5817678,721
140762,11,10,10010308,10100311,2020,7,10,7,3,5,2,0,1,1,0,0,0,0,0,806558,5524,5829131,585
140763,11,3,3050924,3500935,2020,7,15,5,3,6,4,0,0,1,1,0,0,0,0,801401,7618,5831491,949
140764,11,10,10010308,10100311,2020,7,15,3,3,5,2,0,1,1,0,0,0,0,0,807456,2066,5829172,146
140765,11,5,5040938,5400945,2020,7,21,6,2,0,7,2,1,0,0,0,0,0,0,780764,2661,5819204,889
140766,11,2,2050801,2500830,2020,7,14,5,3,5,3,0,1,0,0,0,0,1,0,802437,2194,5827409,939
140767,11,10,10010203,10100205,2020,7,14,2,3,0,2,0,0,1,0,1,0,0,0,808295,8278,5832814,543
140768,11,4,4030931,4501042,2020,7,18,4,2,1,5,0,1,1,0,0,0,0,0,794490,9866,5825875,14
140769,11,2,2050801,2500830,2020,7,22,7,3,0,1,2,0,0,0,1,0,0,0,802145,725,5827550,494
140770,11,10,10010311,10100316,2020,7,11,7,3,5,2,0,0,1,0,0,0,1,0,810317,8554,5831796,408