OBJECTID,LAND,BEZ,LOR,LOR_ab_2021,UJAHR,UMONAT,USTUNDE,UWOCHENTAG,UKATEGORIE,UART,UTYP1,ULICHTVERH,IstRad,IstPKW,IstFuss,IstKrad,IstGkfz,IstSonstige,USTRZUSTAND,LINREFX,LINREFY,XGCSWGS84,YGCSWGS84
140771,11,11,11030720,11300721,2020,7,18,3,2,0,1,0,1,0,0,0,0,0,0,805387,8834,5830017,438
140772,11,4,4051655,4501153,2020,7,15,6,3,1,5,0,1,1,0,0,0,0,0,793972,4364,5823100,278
140773,11,8,8020620,8200624,2020,7,14,5,3,5,2,0,0,1,0,1,0,0,0,800515,2589,5820540,588
140774,11,2,2010101,2100101,2020,7,7,6,3,4,6,0,1,0,0,0,0,0,0,797420,4778,5825955,332
140775,11,8,8010301,8100312,2020,7,17,2,3,1,5,0,1,1,0,0,0,0,0,801139,656,5824124,809
140776,11,3,3061429,3601449,2020,7,3,6,3,0,1,2,1,0,0,0,0,0,1,801106,6919,5830757,956
140777,11,10,10040933,10400940,2020,7,21,1,3,5,2,2,1,1,0,0,0,0,1,812350,801,5823795,872
140778,11,8,8041035,8401241,2020,7,3,1,3,1,5,2,1,1,0,0,0,0,0,804580,2503,5818621,214
140779,11,2,2040503,2400522,2020,7,14,5,3,5,3,0,1,1,0,0,0,0,0,801916,7566,5827967,945
140780,11,2,2020205,2200211,2020,7,10,4,3,5,2,0,1,1,0,0,0,0,0,798311,1941,5824424,635
140781,11,6,6040702,6400736,2020,7,18,7,3,5,3,0,1,1,0,0,0,0,0,787190,9899,5817117,859
140782,11,5,5030731,5300737,2020,7,13,2,3,2,6,0,0,1,0,0,1,0,0,787973,1149,5829368,786
140783,11,2,2030302,2300315,2020,7,1,1,3,1,5,2,0,1,0,0,0,0,1,800476,5631,5825949,796
140784,11,8,8010405,8100418,2020,7,16,4,3,1,7,0,0,1,0,0,0,0,0,802173,839,5823487,581
140785,11,11,11051229,11501238,2020,7,19,7,3,5,2,0,1,1,0,0,0,0,0,804093,5443,5826004,85
140786,11,11,11020411,11200410,2020,7,17,3,3,5,3,0,1,1,0,0,0,0,0,806503,1383,5832280,88
140787,11,1,1044203,1401049,2020,7,16,6,3,1,5,0,1,1,0,0,0,0,0,795956,4211,5831941,184
140788,11,2,2040501,2400520,2020,7,13,5,2,0,1,0,1,0,0,0,0,0,1,801277,7093,5828758,853
140789,11,3,3020209,3200205,2020,7,14,6,2,6,2,0,0,1,1,0,0,0,1,798131,716,5835469,517
140790,11,10,10040830,10400837,2020,7,12,2,2,0,7,0,1,0,0,0,0,0,0,810885,7044,5827048,474
140791,11,1,1022103,1200517,2020,7,16,5,3,0,1,0,1,0,0,0,0,0,0,793613,9084,5829862,365
140792,11,7,7010102,7100102,2020,7,16,1,3,3,6,0,0,1,0,0,0,0,0,794987,2237,5825148,29
140793,11,6,6040703,6400737,2020,7,18,1,2,5,7,0,1,1,0,0,0,0,0,785359,9969,5817763,44
140794,11,3,3061131,3601142,2020,7,13,5,3,0,3,0,1,1,0,0,0,0,0,798657,3485,5831006,64
140795,11,1,1011401,1100415,2020,7,6,4,3,2,6,0,0,0,0,0,0,1,0,797467,1553,5829187,319
140796,11,12,12103219,12100204,2020,7,16,7,3,0,3,0,1,1,0,0,0,0,0,795627,1599,5833003,112
140797,11,1,1011301,1100308,2020,7,13,5,3,6,4,0,1,0,1,0,0,0,0,797005,9883,5828589,794
140798,11,8,8030829,8300934,2020,7,10,3,3,2,6,0,0,1,0,1,0,0,0,802862,918,5818693,257
140799,11,1,1044101,1400938,2020,7,13,6,3,2,2,0,0,1,0,1,0,1,0,794018,7827,5830174,785
140800,11,9,9041501,9401534,2020,7,13,5,3,2,6,0,0,0,0,1,0,1,0,811255,8513,5820186,811
140801,11,1,1011204,1100207,2020,7,12,5,3,1,5,0,1,0,0,0,1,0,0,797877,2312,5826728,41
140802,11,1,1011103,1100103,2020,7,12,3,3,5,3,0,0,1,0,1,0,0,0,795325,878,5826174,963
140803,11,12,12103220,12100206,2020,7,15,6,2,5,5,0,0,1,0,1,0,0,0,794248,1792,5833682,373
140804,11,1,1011401,1100415,2020,7,11,5,3,0,6,0,1,0,0,1,0,0,1,797755,896,5829256,267
140805,11,7,7050501,7501030,2020,7,16,2,3,6,7,0,0,1,1,0,0,0,0,797931,226,5819775,786
140806,11,6,6040703,6400737,2020,7,19,5,2,5,2,0,1,1,0,0,0,0,0,787125,529,5817227,561
140807,11,8,8020727,8200832,2020,7,18,5,3,5,3,0,1,1,0,0,0,0,0,801515,51,5817619,325
140808,11,1,1011302,1100309,2020,7,14,5,3,2,7,0,1,1,0,0,0,0,0,798529,4484,5828982,191
140809,11,3,3050925,3500936,2020,7,10,1,3,1,7,0,0,1,0,0,0,0,0,801827,9111,5831249,13
140810,11,12,12214125,12200414,2020,7,13,1,3,2,6,0,1,0,0,0,0,0,0,791824,5105,5831341,524
140811,11,6,6040805,6400839,2020,7,14,3,3,2,6,0,0,1,0,0,0,0,0,789394,577,5818103,344
140812,11,7,7040402,7400822,2020,7,12,7,2,3,6,0,1,1,0,0,0,0,0,796819,85,5822133,248
140813,11,8,8010404,8100415,2020,7,11,5,2,5,2,0,0,0,0,0,0,1,0,802024,4712,5823488,291
140814,11,9,9041301,9401329,2020,7,9,3,3,5,3,0,0,1,0,0,0,0,0,812382,9334,5819052,851
140815,11,2,2040703,2400625,2020,7,1,6,3,0,1,2,1,0,0,0,0,0,0,801915,5415,5826638,64
140816,11,7,7010102,7100102,2020,7,11,5,3,5,7,0,0,1,0,0,0,0,0,795206,707,5825597,881
140817,11,9,9030901,9300920,2020,7,15,2,3,1,5,0,1,1,0,0,0,0,0,808325,3494,5817709,856
140818,11,1,1022203,1200625,2020,7,15,5,2,3,6,0,1,0,0,0,0,0,0,794614,5267,5828452,629
140819,11,8,8020622,8200726,2020,7,19,4,3,2,6,0,0,1,0,0,0,0,0,801283,4675,5819671,532
140820,11,2,2030301,2300314,2020,7,19,7,3,2,6,0,0,1,0,0,0,0,0,800168,4718,5825863,702
140821,11,6,6040701,6400735,2020,7,14,7,3,0,2,0,1,1,0,0,0,0,0,782020,7302,5815649,328
140822,11,11,11010103,11100102,2020,7,8,2,3,2,2,0,0,1,0,0,0,1,0,808268,8423,5834029,883
140823,11,3,3030715,3300516,2020,7,16,5,3,2,6,0,0,1,0,0,0,1,0,800686,7403,5833720,398
140824,11,7,7010102,7100102,2020,7,20,4,3,5,2,1,0,1,0,0,0,0,0,794958,1529,5825654,926
140825,11,6,6030504,6300528,2020,7,19,1,3,0,7,0,0,0,0,1,0,0,1,790187,3129,5815256,251
140826,11,2,2030402,2300419,2020,7,20,7,2,5,3,0,1,0,0,0,0,1,0,801591,9381,5825954,805
140827,11,2,2020203,2200208,2020,7,23,3,3,6,4,2,1,0,1,0,0,0,0,797811,2215,5824934,355
140828,11,6,6010207,6100207,2020,7,4,7,3,1,5,2,0,1,0,1,0,0,0,794236,264,5820216,631
140829,11,12,12214424,12200309,2020,7,11,5,2,5,2,0,1,1,0,0,0,0,0,793036,6788,5832664,426
140830,11,5,5020625,5200629,2020,7,8,3,3,6,4,0,1,0,1,0,0,0,0,784635,6023,5828404,908
140831,11,4,4030828,4300624,2020,7,20,6,2,0,1,1,0,0,0,0,0,1,0,792984,3447,5826086,81
140832,11,6,6010103,6100103,2020,7,11,5,3,4,6,0,1,1,0,0,0,0,1,793945,5804,5821357,973
140833,11,7,7010102,7100102,2020,7,13,2,3,5,3,0,0,1,0,1,0,0,0,794959,1946,5825403,756
140834,11,9,9010302,9100306,2020,7,12,2,3,3,2,0,0,1,0,0,1,0,0,803060,824,5820924,993
140835,11,8,8010213,8100208,2020,7,17,4,3,0,1,0,1,0,0,0,0,0,0,801402,4822,5822966,922
140836,11,3,3030711,3300514,2020,7,19,7,3,2,7,0,0,1,0,0,0,0,0,801682,7762,5836309,715
140837,11,1,1022201,1200623,2020,7,18,3,3,0,6,0,1,1,0,0,0,0,0,795464,9483,5829564,399
140838,11,1,1011401,1100414,2020,7,18,6,3,0,7,0,1,1,0,0,0,0,0,796992,9053,5829725,459
140839,11,4,4031032,4500937,2020,7,11,5,3,5,3,0,1,0,0,0,0,1,2,791177,452,5824965,719
140840,11,1,1044201,1401043,2020,7,5,6,2,6,4,0,1,0,1,0,0,0,0,795537,6467,5830766,839
140841,11,2,2030402,2300419,2020,7,19,3,3,0,7,0,0,1,0,1,0,0,0,801821,7058,5825758,631
140842,11,8,8030830,8300935,2020,7,13,6,3,2,6,0,0,1,0,0,0,0,0,802797,7722,5817492,377
140843,11,6,6020303,6200313,2020,7,10,5,2,0,6,0,0,1,0,0,0,1,0,795262,185,5818622,911
140844,11,8,8010211,8100206,2020,7,15,6,3,6,4,0,1,0,1,0,0,0,0,800428,9752,5823783,73
140845,11,1,1011303,1100310,2020,7,6,3,2,6,2,0,0,1,1,0,0,0,0,799494,1095,5828789,989
140846,11,6,6020409,6200421,2020,7,12,6,2,5,7,0,0,1,0,1,0,0,0,793301,4657,5816498,829
140847,11,4,4030623,4300622,2020,7,21,1,2,5,3,2,0,1,0,0,0,0,0,792928,6891,5826976,535
140848,11,10,10030724,10300731,2020,7,11,1,3,6,4,0,0,1,1,0,0,0,0,809082,5947,5829194,68
140849,11,12,12214421,12200307,2020,7,11,7,3,5,2,0,0,1,0,1,0,0,0,793392,2921,5833166,407
140850,11,12,12214424,12200411,2020,7,14,4,3,3,6,0,0,1,0,0,1,0,0,793146,4235,5832268,172
140851,11,3,3061227,3601243,2020,7,19,7,3,6,4,0,1,0,1,0,0,0,0,799844,9959,5831531,572
140852,11,3,3030711,3300514,2020,7,16,3,2,5,3,0,0,1,0,1,0,0,0,800750,5255,5836079,254
140853,11,8,8020728,8200833,2020,7,16,6,3,2,6,0,0,1,0,0,0,0,0,801982,2607,5817617,513
140854,11,7,7030301,7300517,2020,7,8,5,3,5,2,0,0,1,0,0,0,0,0,794238,9553,5822031,68
140855,11,8,8010510,8100521,2020,7,17,6,3,5,3,0,0,1,0,0,0,1,0,803804,5564,5821740,949
140856,11,1,1033102,1300733,2020,7,16,2,3,1,7,0,1,1,1,0,0,0,1,797382,1414,5831869,969
140857,11,2,2030302,2300315,2020,7,23,5,3,5,2,2,1,1,0,0,0,0,0,800672,3508,5825803,538
140858,11,12,12103115,12100103,2020,7,3,7,3,1,7,2,0,1,0,0,0,0,0,795901,1169,5833743,973
140859,11,9,9020701,9200715,2020,7,14,1,3,5,2,0,0,1,0,0,0,0,0,807699,3469,5818374,531
140860,11,2,2030401,2300418,2020,7,17,1,3,5,2,0,1,1,0,0,0,0,0,801281,2633,5825356,544
140861,11,12,12214423,12200308,2020,7,12,2,3,0,1,0,1,0,0,0,0,0,0,792900,8207,5833860,759
140862,11,4,4051551,4501148,2020,7,10,6,3,2,2,0,0,1,0,0,0,0,0,792827,328,5823219,15
140863,11,12,12214125,12200412,2020,7,9,7,3,5,7,0,0,1,0,1,0,0,0,790760,5623,5833707,498
140864,11,4,4041344,4400835,2020,7,18,1,3,6,7,0,0,1,1,0,0,0,0,793120,3541,5821759,64
140865,11,9,9051701,9501736,2020,7,18,1,3,0,1,0,1,0,0,0,0,0,1,813669,452,5820759,782
140866,11,1,1022207,1200629,2020,7,8,5,3,5,2,0,1,1,0,0,0,0,0,794403,998,5827614,109
140867,11,9,9041501,9401534,2020,7,9,4,3,5,3,0,1,1,0,0,0,0,0,811356,7199,5819895,27
140868,11,12,12301203,12500930,2020,7,17,7,3,5,3,0,1,1,0,0,0,0,0,792873,2325,5835190,572
140869,11,1,1044202,1401046,2020,7,8,5,3,5,2,0,1,0,0,0,0,1,0,794611,1323,5829879,14
140870,11,4,4030931,4501042,2020,7,11,3,3,5,3,0,1,1,0,0,0,0,0,794545,9071,5825993,978
140871,11,8,8010404,8100415,2020,7,14,6,3,2,6,0,0,1,0,0,0,0,0,801564,431,5823820,792
140872,11,9,9020802,9200819,2020,7,7,5,3,0,1,0,0,0,0,1,0,0,1,809772,3109,5820506,485
140873,11,7,7050505,7501134,2020,7,9,2,2,5,3,0,0,1,0,0,0,0,0,798775,1514,5819078,846
140874,11,4,4030415,4300412,2020,7,17,5,3,5,2,0,0,1,0,1,0,0,0,790754,2166,5827560,697
140875,11,4,4010101,4100101,2020,7,8,7,2,6,2,0,0,1,1,0,0,0,0,791214,1779,5829723,933
140876,11,9,9010202,9100203,2020,7,10,5,3,6,4,0,0,1,1,0,0,0,0,803949,451,5823442,2
140877,11,1,1011401,1100415,2020,7,6,1,2,5,3,0,0,1,0,0,0,0,0,798311,4466,5829383,168
140878,11,7,7060604,7601340,2020,7,21,7,2,5,3,1,0,1,0,0,0,1,0,796590,1858,5815876,452
140879,11,3,3030716,3300517,2020,7,12,3,3,4,6,0,1,1,0,0,0,0,0,802853,6508,5834301,506
140880,11,9,9030901,9300920,2020,7,10,7,3,5,3,0,1,1,0,0,0,0,0,809033,8824,5816420,528
140881,11,6,6030503,6300526,2020,7,7,5,2,5,3,0,0,1,0,1,0,0,1,789349,5175,5817285,641
140882,11,12,12214527,12200515,2020,7,16,3,2,5,3,0,1,0,0,1,0,0,0,790138,1877,5835796,224
140883,11,1,1022206,1200628,2020,7,22,4,2,0,1,2,1,0,0,0,0,0,0,796122,3043,5828444,847
140884,11,3,3030715,3300516,2020,7,15,7,2,3,6,0,1,1,0,0,0,0,0,800737,7976,5833604,627
140885,11,7,7010102,7100102,2020,7,7,5,3,1,5,0,1,0,0,0,1,0,1,795580,208,5825122,775
140886,11,1,1011303,1100310,2020,7,10,3,3,5,3,0,1,1,0,0,0,0,0,799573,9461,5828456,553
140887,11,2,2030401,2300418,2020,7,3,6,2,0,7,2,0,1,0,0,0,0,0,801554,6884,5825238,558
140888,11,2,2020202,2200208,2020,7,7,5,3,5,2,0,1,1,0,0,0,0,1,797918,4937,5825263,185
140889,11,3,3071536,3701554,2020,7,1,2,3,0,7,2,1,1,0,0,0,0,0,799031,1542,5829254,465
140890,11,3,3061126,3601141,2020,7,16,5,3,5,2,0,1,1,0,0,0,0,0,799242,2395,5831771,564
140891,11,2,2010103,2100104,2020,7,5,7,3,5,3,0,1,1,0,0,0,0,0,799343,1557,5826192,384
140892,11,12,12231102,12400721,2020,7,20,4,2,0,1,0,1,0,0,0,0,0,0,791200,695,5839957,962
140893,11,6,6030503,6300526,2020,7,19,1,3,2,6,0,0,1,0,0,0,0,1,789467,409,5817466,19
140894,11,2,2050801,2500830,2020,7,18,7,3,1,1,0,1,1,0,0,0,0,0,802632,893,5827374,783
140895,11,9,9020502,9200511,2020,7,20,3,3,5,3,0,0,1,0,0,0,0,0,806821,4353,5821995,77
140896,11,3,3040818,3400831,2020,7,1,7,2,0,1,2,1,0,0,0,0,0,0,800005,8466,5833873,563
140897,11,3,3020307,3200309,2020,7,5,5,3,5,3,0,1,0,0,0,0,1,1,800429,854,5836239,601
140898,11,6,6030608,6300632,2020,7,14,6,3,5,3,0,0,1,0,0,0,1,0,791450,559,5816678,18
140899,11,10,10030727,10300734,2020,7,8,3,3,5,2,0,1,1,0,0,0,0,0,809547,1361,5826906,24
140900,11,8,8010118,8100104,2020,7,13,6,3,1,5,0,1,1,0,0,0,0,0,800919,3277,5822358,643
140901,11,4,4030931,4501042,2020,7,4,5,3,9,1,1,0,1,0,0,0,0,0,794274,8881,5825953,64
140902,11,2,2010101,2100101,2020,7,13,2,3,5,7,0,0,1,0,1,0,0,0,797750,4103,5826078,91
140903,11,8,8010213,8100208,2020,7,22,1,3,5,3,2,0,1,0,0,0,0,0,801200,6129,5822628,491
140904,11,2,2050801,2500830,2020,7,21,6,3,2,6,1,0,1,0,1,0,0,0,802407,8844,5827432,8
140905,11,4,4030827,4300623,2020,7,22,5,3,6,4,2,1,0,1,0,0,0,0,792714,5985,5826110,342
140906,11,9,9010401,9100407,2020,7,14,2,3,3,6,0,0,1,0,1,0,0,0,806290,871,5820915,429
140907,11,10,10040830,10400837,2020,7,18,4,3,0,7,0,1,0,0,0,0,0,0,810868,5858,5826954,149
140908,11,4,4051448,4501045,2020,7,21,7,3,5,7,1,0,1,0,0,0,0,0,793492,5236,5825172,986
140909,11,10,10040932,10400939,2020,7,12,7,3,0,2,0,1,1,0,0,0,0,0,812933,756,5827910,44
140910,11,9,9051702,9501737,2020,7,18,3,3,5,3,0,0,1,0,1,0,0,0,813910,4879,5821809,487
140911,11,1,1011304,1100311,2020,7,23,6,3,1,5,2,0,1,0,0,0,1,0,800024,5976,5828524,7
140912,11,1,1011202,1100206,2020,7,21,5,3,5,2,1,1,1,0,0,0,0,0,797159,8237,5827689,563
140913,11,3,3040512,3400619,2020,7,16,6,3,0,1,0,0,0,0,1,0,0,1,795962,6181,5835563,736
140914,11,10,10030727,10300734,2020,7,5,3,3,5,3,0,0,1,0,1,0,0,0,809111,7095,5825589,517
140915,11,12,12214528,12400619,2020,7,11,6,3,5,3,0,1,1,0,0,0,0,0,787919,328,5836251,735
140916,11,4,4020311,4200309,2020,7,10,6,3,5,2,0,0,1,0,0,0,0,0,788873,4982,5827199,956
140917,11,9,9041301,9401329,2020,7,19,1,3,0,3,0,0,1,0,1,0,0,0,812091,175,5818053,654
140918,11,1,1011302,1100310,2020,7,6,1,3,3,6,0,1,0,0,0,0,0,0,799075,648,5828998,867
140919,11,1,1011204,1100207,2020,7,12,6,2,1,5,0,1,1,0,0,0,0,0,798829,3692,5826714,237
140920,11,4,4030827,4300623,2020,7,13,4,3,2,6,0,1,1,0,0,0,0,0,792230,4737,5826493,25
140921,11,12,12103219,12100204,2020,7,18,7,3,5,2,0,1,1,0,0,0,0,0,795066,5877,5832477,612
140922,11,4,4041137,4400727,2020,7,12,3,3,5,3,0,0,1,0,0,0,0,0,791511,2266,5823581,944
140923,11,1,1011302,1100309,2020,7,15,6,3,5,2,0,1,1,0,0,0,0,0,798133,4497,5828443,544
140924,11,1,1011101,1100101,2020,7,16,4,3,0,1,0,1,0,0,0,0,0,0,794933,5245,5826295,791
140925,11,3,3071537,3701555,2020,7,19,7,3,5,3,0,0,1,0,0,0,0,0,799809,3768,5830027,621
140926,11,2,2020206,2200212,2020,7,17,3,3,5,2,0,1,0,0,0,0,0,0,799059,948,5824559,656
140927,11,8,8041036,8401242,2020,7,17,6,3,2,3,0,1,1,0,0,0,0,0,805254,7614,5817233,271
140928,11,1,1033201,1300834,2020,7,20,5,3,5,3,0,1,1,0,0,0,0,0,798216,3143,5830906,31
140929,11,8,8041036,8401242,2020,7,14,6,2,5,2,0,0,1,0,1,0,0,0,805049,3204,5817550,26
140930,11,1,1011305,1100312,2020,7,19,2,2,2,6,0,1,0,0,0,0,0,0,799522,8682,5826727,281
140931,11,12,12214423,12200308,2020,7,6,6,3,5,3,0,1,1,0,0,0,0,0,792601,3772,5833866,226
140932,11,8,8020625,8200730,2020,7,17,1,3,5,2,0,1,1,0,0,0,0,1,801370,7945,5819267,283
140933,11,6,6030503,6300526,2020,7,18,1,3,5,3,0,0,1,0,1,0,0,0,789264,725,5818036,844
140934,11,5,5020626,5200631,2020,7,20,5,3,2,7,0,1,0,0,0,0,0,0,784762,2095,5826724,971
140935,11,4,4030931,4501042,2020,7,16,4,3,0,5,0,1,1,0,0,0,0,0,793784,7801,5825694,256
140936,11,1,1011105,1100102,2020,7,16,7,3,2,6,0,0,1,0,0,0,1,0,796587,7938,5826852,28
140937,11,12,12224230,12400617,2020,7,20,5,3,0,7,0,0,1,0,0,0,1,0,786217,9251,5836946,249
140938,11,3,3020209,3200205,2020,7,11,3,3,5,3,0,1,1,0,0,0,0,0,798127,4011,5835468,548
140939,11,8,8030829,8300934,2020,7,14,6,3,5,3,0,1,1,0,0,0,0,0,803571,985,5818133,528
140940,11,4,4030827,4300623,2020,7,19,5,3,2,7,0,1,1,0,0,0,0,0,792437,1246,5826118,224
140941,11,9,9020702,9200716,2020,7,9,2,2,3,6,0,1,0,0,0,0,0,0,809176,6521,5819268,801
140942,11,3,3040508,3400618,2020,7,17,5,3,5,3,0,1,0,0,0,0,0,0,796582,3768,5836107,299
140943,11,5,5010103,5100105,2020,7,16,6,3,0,6,0,0,0,0,1,0,1,1,784439,6522,5831822,437
140944,11,2,2010102,2100102,2020,7,6,5,3,0,6,0,0,1,0,1,0,0,1,798315,9156,5825613,142
140945,11,6,6030502,6300525,2020,7,18,5,3,5,2,0,1,1,0,0,0,0,0,790224,2763,5815013,47
140946,11,1,1011101,1100101,2020,7,11,2,3,5,2,0,1,1,0,0,0,0,0,794591,6924,5826066,984
140947,11,4,4030416,4300413,2020,7,15,5,3,5,2,0,1,0,0,0,0,1,0,790886,276,5827024,514
140948,11,2,2020204,2200210,2020,7,18,5,2,5,3,0,1,1,0,0,0,0,0,798696,8405,5824704,463
140949,11,5,5020419,5200423,2020,7,15,5,3,2,2,0,0,1,0,0,0,0,0,781987,458,5828469,109
140950,11,7,7060603,7601238,2020,7,11,1,3,0,3,0,1,0,0,1,0,0,1,798325,1697,5815893,801
140951,11,1,1044101,1400938,2020,7,14,1,3,2,6,0,0,1,0,0,0,0,0,794401,7018,5830547,591
140952,11,7,7040401,7400721,2020,7,15,3,3,0,6,0,1,1,0,0,0,0,0,798764,6133,5823944,33
140953,11,4,4051655,4501153,2020,7,13,7,3,0,6,0,1,1,0,0,0,0,0,794453,3433,5823551,447
140954,11,3,3020307,3200310,2020,7,18,5,3,5,3,0,0,1,0,0,0,0,1,799989,6482,5838595,71
140955,11,5,5030730,5300736,2020,7,10,3,3,5,2,0,1,0,0,0,0,1,0,786208,65,5829122,45
140956,11,11,11030619,11300620,2020,7,1,6,2,5,3,2,1,1,0,0,0,0,0,804147,6277,5829804,826
140957,11,2,2020206,2200213,2020,7,18,5,3,6,4,0,1,0,1,0,0,0,0,800270,5047,5824593,571
140958,11,11,11020412,11200411,2020,7,15,2,3,2,6,0,0,1,0,0,1,0,1,805973,5285,5831929,3
140959,11,6,6030608,6300632,2020,7,16,5,2,1,7,0,0,1,0,0,0,0,0,792048,6968,5817467,405
140960,11,1,1033203,1300836,2020,7,20,4,3,5,5,0,0,1,0,0,0,1,0,796399,8295,5830560,491
140961,11,7,7010101,7100101,2020,7,18,1,3,5,2,0,1,1,0,0,0,0,1,794499,5704,5825476,588
140962,11,3,3061429,3601449,2020,7,15,7,3,2,6,0,0,1,0,1,0,0,0,801684,9787,5830115,885
140963,11,2,2010103,2100104,2020,7,19,3,2,5,3,0,1,0,0,0,0,1,0,799235,4559,5826246,153
140964,11,8,8010211,8100206,2020,7,17,6,3,0,7,0,0,1,0,1,0,0,0,800603,6424,5823836,658
140965,11,4,4051656,4501151,2020,7,17,5,3,1,5,0,0,1,0,0,0,0,0,793363,896,5823411,245
140966,11,9,9041501,9401534,2020,7,19,1,3,0,6,0,0,1,0,1,0,0,1,811208,5074,5820250,299
140967,11,7,7020201,7200307,2020,7,21,7,3,1,5,1,1,1,0,0,0,0,0,794454,2896,5824204,613
140968,11,9,9020501,9200510,2020,7,13,3,3,3,6,0,1,1,0,0,1,0,0,806546,439,5822362,6
140969,11,10,10020518,10200525,2020,7,10,7,3,4,2,0,1,0,0,0,0,0,0,813302,9497,5829897,589
140970,11,4,4051549,4501146,2020,7,16,5,3,5,2,0,0,1,0,1,0,0,0,792215,7497,5823886,973
140971,11,10,10030724,10300731,2020,7,8,3,3,5,3,0,0,1,0,0,0,1,0,809189,4615,5830203,878
140972,11,1,1011304,1100310,2020,7,20,6,3,2,7,0,0,1,0,1,0,0,0,799523,6858,5828116,105
140973,11,7,7010102,7100102,2020,7,16,5,2,3,6,0,0,1,0,1,0,0,0,795000,3203,5825638,436
140974,11,11,11030720,11300721,2020,7,13,2,3,5,3,0,1,1,0,0,0,0,0,804919,199,5829941,714
140975,11,4,4041136,4400728,2020,7,14,2,3,5,3,0,0,1,0,0,0,1,0,790151,3799,5823157,75
140976,11,6,6010205,6100205,2020,7,15,6,3,5,3,0,1,1,0,0,0,0,0,795844,8952,5819910,47
140977,11,4,4031032,4500937,2020,7,17,4,3,1,5,0,1,1,0,0,0,0,0,791141,3238,5825044,874
140978,11,2,2040703,2400625,2020,7,20,7,3,6,4,0,0,1,1,0,0,0,0,801793,8877,5826568,388
140979,11,3,3030715,3300516,2020,7,18,3,3,2,6,0,0,1,0,0,0,0,0,801042,1811,5833828,745
140980,11,9,9031101,9301126,2020,7,19,6,3,5,3,0,1,0,0,0,0,0,0,811452,7953,5817464,425
140981,11,10,10040933,10400940,2020,7,15,5,3,5,5,0,0,1,0,0,0,0,0,812319,5881,5824695,339
140982,11,11,11020514,11200513,2020,7,14,6,3,2,6,0,0,1,0,0,0,0,0,804362,5931,5830835,635
140983,11,10,10010308,10100311,2020,7,16,2,3,0,1,0,1,0,0,0,0,0,1,806845,6034,5830340,443
140984,11,6,6020302,6200312,2020,7,10,6,3,5,3,0,1,1,0,0,0,0,0,794256,8437,5819374,903
140985,11,2,2040703,2400625,2020,7,23,1,3,0,1,2,1,0,0,0,0,0,1,801200,4633,5826536,6
140986,11,10,10040828,10400835,2020,7,14,6,3,1,5,0,0,1,0,0,0,0,0,812640,422,5828631,764
140987,11,9,9010301,9100304,2020,7,7,3,3,0,2,0,0,1,0,1,0,0,0,804753,894,5822294,975
140988,11,10,10040830,10400837,2020,7,12,6,3,5,3,0,0,1,0,1,0,0,0,810585,965,5825285,309
140989,11,4,4020311,4200309,2020,7,12,2,3,2,7,0,0,0,0,1,0,1,0,789060,6533,5827151,55
140990,11,7,7030301,7300517,2020,7,2,1,3,0,1,2,1,0,0,0,0,0,0,794708,234,5822791,329
140991,11,9,9020701,9200715,2020,7,15,4,3,2,6,0,0,1,0,0,0,0,0,808380,1092,5818927,839
140992,11,9,9010101,9100101,2020,7,14,7,3,5,3,0,0,1,0,0,0,0,0,802082,4647,5825007,757
140993,11,8,8020625,8200730,2020,7,17,3,2,2,6,0,0,1,0,0,0,0,0,801387,721,5819251,466
140994,11,9,9051701,9501736,2020,7,16,6,3,2,6,0,0,1,0,0,0,0,0,813069,2537,5821437,389
140995,11,3,3040614,3400724,2020,7,15,5,3,0,1,0,0,0,0,1,0,0,1,799993,4714,5834479,687
140996,11,12,12231101,12400722,2020,7,12,6,3,2,6,0,0,1,0,0,0,0,1,790692,873,5837433,352
140997,11,10,10010308,10100311,2020,7,17,2,3,0,1,0,0,0,0,1,0,0,1,807325,4253,5828452,893
140998,11,4,4030930,4501041,2020,7,16,5,3,0,2,0,0,1,0,1,0,0,0,792950,971,5825359,856
140999,11,8,8020727,8200832,2020,7,16,1,3,5,7,0,0,1,0,1,0,0,0,801573,7545,5817483,97
141000,11,8,8010118,8100105,2020,7,17,1,3,0,1,0,0,1,0,0,0,0,0,800974,1123,5821932,135
141001,11,11,11041128,11401136,2020,7,20,4,3,5,3,0,1,1,0,0,0,0,0,806050,9742,5826595,752
141002,11,4,4020311,4200310,2020,7,15,7,3,2,3,0,1,1,0,0,0,0,0,789489,6066,5826782,993
141003,11,12,12103117,12100101,2020,7,11,4,3,5,2,0,0,1,0,1,0,0,0,795783,1215,5832578,444
141004,11,2,2020206,2200213,2020,7,19,1,3,3,6,0,0,1,0,0,0,0,0,799975,903,5824734,558
141005,11,7,7040403,7400823,2020,7,19,4,3,5,2,0,1,1,0,0,0,0,0,797340,3363,5821934,689
141006,11,12,12214125,12200412,2020,7,9,4,3,2,6,0,0,1,0,0,0,1,0,789232,8985,5833657,268