OBJECTID,LAND,BEZ,LOR,LOR_ab_2021,UJAHR,UMONAT,USTUNDE,UWOCHENTAG,UKATEGORIE,UART,UTYP1,ULICHTVERH,IstRad,IstPKW,IstFuss,IstKrad,IstGkfz,IstSonstige,USTRZUSTAND,LINREFX,LINREFY,XGCSWGS84,YGCSWGS84
141007,11,10,10020413,10200418,2020,7,18,7,3,5,3,0,1,1,0,0,0,0,0,811373,2928,5831554,111
141008,11,7,7020203,7200409,2020,7,14,4,3,0,1,0,0,0,0,1,0,0,1,795164,4977,5823909,711
141009,11,7,7010102,7100102,2020,7,12,3,3,1,5,0,1,1,0,0,0,0,0,794972,9848,5825117,21
141010,11,4,4030726,4500936,2020,7,13,6,3,5,3,0,1,1,0,0,0,0,0,792208,8578,5825357,506
141011,11,2,2020204,2200210,2020,7,8,4,3,5,3,0,0,1,0,0,0,0,0,798314,6976,5825380,183
141012,11,11,11051229,11501238,2020,7,15,2,3,6,2,0,0,1,1,0,0,0,0,803707,3067,5826242,175
141013,11,1,1033202,1300835,2020,7,18,5,3,5,2,0,1,1,0,0,0,0,0,797763,4432,5829744,481
141014,11,8,8010301,8100311,2020,7,18,5,3,2,6,0,1,1,0,0,0,0,0,800788,2731,5824398,307
141015,11,3,3030405,3300411,2020,7,11,5,3,5,3,0,1,0,0,0,0,1,0,804032,431,5839547,65
141016,11,2,2050801,2500830,2020,7,10,1,3,0,1,0,1,0,0,0,0,0,1,802232,122,5827518,38
141017,11,5,5010207,5100209,2020,7,9,7,3,2,6,0,0,1,0,0,0,0,0,783265,1172,5830285,696
141018,11,3,3071537,3701555,2020,7,12,3,3,0,7,0,0,0,0,0,0,1,0,799756,3197,5829900,22
141019,11,11,11030720,11300721,2020,7,12,7,3,2,6,0,0,1,0,0,0,1,0,804162,904,5829854,361
141020,11,4,4041241,4400832,2020,7,15,4,3,5,2,0,0,1,0,0,0,0,1,791867,5823,5822380,148
141021,11,5,5010209,5100211,2020,7,9,3,3,5,2,0,0,1,0,1,0,0,0,781905,797,5829565,512
141022,11,4,4030621,4300620,2020,7,20,6,3,5,3,1,1,0,0,0,0,0,0,793025,7734,5827607,898
141023,11,4,4051655,4501153,2020,7,22,4,2,5,3,2,0,1,0,0,0,0,1,794185,8265,5823111,427
141024,11,5,5020625,5200629,2020,7,15,2,2,2,6,0,0,1,0,1,0,0,1,784678,365,5828604,33
141025,11,10,10030727,10300734,2020,7,10,3,3,0,3,0,0,0,0,0,0,1,0,809552,3521,5826713,988
141026,11,9,9020702,9200717,2020,7,2,6,3,0,6,2,1,1,0,0,0,0,0,809552,204,5819791,349
141027,11,1,1011302,1100309,2020,7,12,4,3,5,3,0,1,1,0,0,0,0,1,798548,4178,5828984,286
141028,11,8,8041035,8401241,2020,7,6,2,3,5,3,0,1,1,0,0,0,0,0,804634,7835,5818533,582
141029,11,1,1011305,1100312,2020,7,16,5,3,2,6,0,0,1,0,0,0,0,0,799696,6511,5827239,87
141030,11,4,4020311,4200310,2020,7,8,4,3,8,1,0,0,0,0,1,0,0,0,789632,421,5826488,722
141031,11,11,11030619,11300620,2020,7,19,1,3,5,2,0,1,1,0,0,0,0,0,803553,4438,5829762,155
141032,11,1,1044203,1401048,2020,7,17,7,3,6,4,0,0,1,1,0,0,0,0,795636,8569,5830962,79
141033,11,8,8010213,8100208,2020,7,20,3,3,1,5,1,1,1,0,0,0,0,0,801192,836,5822657,536
141034,11,8,8030831,8301037,2020,7,4,7,3,5,3,2,0,1,0,0,0,0,0,804707,7973,5817806,569
141035,11,6,6020408,6200420,2020,7,22,4,3,0,7,2,0,0,0,1,0,0,1,792344,4538,5815579,797
141036,11,4,4030417,4300414,2020,7,8,3,3,5,2,0,1,1,0,0,0,0,0,790946,2615,5826751,524
141037,11,6,6040810,6400844,2020,7,13,6,3,1,7,0,1,1,0,0,0,0,0,790494,517,5819747,699
141038,11,2,2030302,2300316,2020,7,21,4,3,5,3,2,0,1,0,0,0,1,1,800625,1184,5826266,814
141039,11,6,6010206,6100206,2020,7,13,2,3,2,6,0,1,0,0,0,0,1,0,794721,1656,5820034,393
141040,11,8,8010212,8100207,2020,7,17,1,3,5,3,0,1,1,0,1,0,0,0,801327,2854,5823578,964
141041,11,7,7040403,7400823,2020,7,16,4,3,5,3,0,1,1,0,0,0,0,0,797317,1761,5821758,523
141042,11,4,4051551,4501148,2020,7,19,7,3,5,2,0,0,1,0,0,0,1,0,793342,288,5823072,75
141043,11,5,5030730,5300735,2020,7,15,5,3,5,3,0,0,1,0,0,0,0,0,786520,4196,5831496,91
141044,11,2,2050802,2500833,2020,7,19,4,3,1,5,0,1,1,0,0,0,0,0,802586,8277,5827015,103
141045,11,9,9020701,9200715,2020,7,22,7,3,0,1,2,1,0,0,0,0,0,0,807850,7948,5818443,146
141046,11,3,3050919,3500932,2020,7,14,7,3,5,2,0,1,1,0,0,0,0,0,802071,217,5832781,147
141047,11,4,4030930,4501041,2020,7,19,3,3,5,2,0,1,1,0,0,0,0,0,792951,8768,5825360,4
141048,11,8,8010214,8100209,2020,7,19,6,3,5,3,0,1,0,0,0,0,1,0,801802,5238,5821957,171
141049,11,2,2010102,2100102,2020,7,19,4,3,5,7,1,1,0,0,0,0,1,0,798029,7748,5825787,266
141050,11,7,7040401,7400721,2020,7,12,6,3,2,7,0,0,1,0,1,0,0,0,797297,932,5823228,539
141051,11,6,6020304,6200314,2020,7,6,3,3,0,3,0,0,0,0,1,1,0,0,794861,8757,5817928,115
141052,11,2,2020203,2200209,2020,7,12,6,3,5,2,0,0,1,0,1,0,0,0,797452,6119,5824012,575
141053,11,11,11051331,11501340,2020,7,11,6,3,5,3,0,0,1,0,1,0,0,0,807973,9349,5823859,412
141054,11,12,12214421,12200307,2020,7,20,1,3,1,5,0,1,1,0,0,0,0,0,793428,481,5833874,105
141055,11,1,1044101,1400938,2020,7,10,1,3,1,5,0,0,1,0,0,0,0,0,794381,8057,5829914,518
141056,11,9,9020501,9200510,2020,7,20,6,3,5,2,0,1,1,0,0,0,0,0,806580,745,5822760,307
141057,11,4,4030724,4300415,2020,7,13,4,3,6,7,0,0,0,1,0,0,1,0,790660,1551,5826001,657
141058,11,10,10020622,10200629,2020,7,19,7,2,5,3,0,0,1,0,0,0,1,0,810330,2142,5827949,109
141059,11,1,1011204,1100207,2020,7,13,3,3,4,6,0,1,0,0,0,0,0,0,798484,294,5827124,33
141060,11,9,9010301,9100304,2020,7,15,6,3,5,2,0,0,1,0,0,0,0,0,804474,4767,5821865,526
141061,11,5,5020420,5200422,2020,7,19,4,3,1,5,0,0,0,0,1,1,0,0,779557,167,5828535,953
141062,11,4,4030828,4300624,2020,7,12,2,3,0,3,0,1,0,0,0,0,1,0,793262,4562,5826099,558
141063,11,11,11041022,11401032,2020,7,17,5,3,5,2,0,1,1,0,0,0,0,0,806575,557,5827797,14
141064,11,2,2020206,2200212,2020,7,10,6,3,0,7,0,1,0,0,0,0,0,0,799515,755,5824529,653
141065,11,4,4030416,4300413,2020,8,16,3,3,2,3,0,1,1,0,0,0,0,0,790844,959,5827245,97
141066,11,1,1044201,1401045,2020,7,12,3,3,0,6,0,0,1,0,0,0,1,0,796490,4367,5831965,642
141067,11,9,9010402,9100409,2020,8,13,2,1,9,1,0,0,0,1,0,1,0,0,807243,4939,5818123,291
141068,11,1,1011402,1100416,2020,8,16,7,3,6,4,0,0,1,1,0,0,0,0,798630,65,5829367,661
141069,11,9,9051901,9501939,2020,8,7,5,3,3,6,0,0,1,0,1,0,1,0,810254,3694,5821456,451
141070,11,5,5020625,5200629,2020,7,10,6,3,2,6,0,0,1,0,0,0,1,0,784717,6527,5828569,633
141071,11,9,9051901,9501941,2020,8,10,2,3,2,2,0,0,1,0,0,0,0,0,812053,6701,5821202,964
141072,11,1,1022206,1200628,2020,7,13,6,2,0,1,0,1,0,0,0,0,0,0,795676,1513,5828181,324
141073,11,11,11030720,11300721,2020,8,15,4,2,1,5,0,0,0,0,1,0,1,0,804680,6066,5828701,259
141074,11,12,12214422,12200310,2020,7,11,3,3,2,6,0,0,1,0,0,0,0,0,791463,3843,5833059,959
141075,11,2,2040701,2400623,2020,7,10,6,3,5,7,0,1,1,0,0,0,0,0,800705,3084,5827778,154
141076,11,8,8041035,8401241,2020,8,7,4,2,5,3,0,0,1,0,1,0,0,0,805023,2182,5818884,558
141077,11,12,12302211,12601031,2020,7,11,3,3,0,1,0,1,0,0,0,0,0,0,792892,124,5836994,828
141078,11,7,7030303,7300619,2020,7,9,6,3,5,2,0,1,1,0,0,0,0,0,795823,3601,5820991,133
141079,11,2,2040703,2400625,2020,8,10,3,3,2,6,0,0,1,0,0,0,1,0,801726,61,5826275,342
141080,11,2,2020203,2200208,2020,7,10,3,2,0,2,0,0,0,0,0,0,1,0,797844,2919,5824926,134
141081,11,9,9041401,9401431,2020,8,8,7,3,5,3,0,1,0,0,1,0,0,0,811673,1704,5820438,712
141082,11,7,7030301,7300517,2020,8,13,5,2,5,2,0,1,0,0,0,0,1,0,793904,9077,5822769,126
141083,11,12,12214424,12200309,2020,7,8,6,3,5,3,0,0,1,0,0,0,0,0,792909,9903,5833008,543
141084,11,10,10020620,10200627,2020,8,14,4,3,2,2,0,1,1,0,0,0,0,0,811317,7615,5829828,796
141085,11,11,11030619,11300620,2020,7,5,6,3,5,2,1,1,1,0,0,0,0,0,803526,9761,5829744,999
141086,11,5,5020625,5200629,2020,8,15,4,3,0,6,0,0,0,0,0,1,1,0,784759,3307,5828727,37
141087,11,12,12214424,12200309,2020,7,5,6,3,3,2,1,0,1,0,0,1,0,0,793219,8446,5832395,693
141088,11,1,1044203,1401049,2020,8,19,4,3,3,6,0,0,1,0,1,0,0,0,796104,9021,5831991,359
141089,11,3,3010102,3100102,2020,7,10,3,3,5,3,0,0,1,0,0,0,0,0,804814,197,5841408,215
141090,11,11,10010203,10100205,2020,8,8,1,3,5,3,0,1,1,0,0,0,0,0,807664,5064,5833598,912
141091,11,10,10040931,10400938,2020,8,17,5,3,5,3,0,1,1,0,0,0,0,0,812865,7014,5828233,456
141092,11,1,1011202,1100206,2020,7,1,6,3,5,2,2,1,1,0,0,0,0,0,797901,4297,5828175,989
141093,11,1,1022104,1200519,2020,8,13,3,3,3,6,0,1,1,0,0,0,0,0,793717,6488,5829120,112
141094,11,7,7020202,7200308,2020,7,9,3,3,5,2,0,1,0,0,0,0,0,0,794765,3551,5823720,604
141095,11,11,11030720,11300721,2020,8,11,7,2,0,1,0,1,0,0,0,0,0,0,804346,265,5829081,597
141096,11,2,2040703,2400625,2020,8,11,5,3,2,2,0,1,1,0,0,0,0,0,801754,1888,5826263,21
141097,11,7,7010101,7100101,2020,7,0,6,3,0,7,2,0,1,1,0,0,0,0,794807,7758,5825869,776
141098,11,4,4030828,4300624,2020,8,22,4,3,0,1,2,0,0,0,1,0,0,0,792752,6268,5826109,202
141099,11,2,2040703,2400625,2020,7,21,6,3,5,2,1,1,0,0,1,0,0,0,801759,5125,5826240,279
141100,11,7,7040402,7400822,2020,8,19,3,3,5,3,0,0,1,0,0,0,0,0,796607,8755,5821287,676
141101,11,9,9051901,9501939,2020,7,8,3,2,5,3,0,1,1,0,0,0,0,0,809952,737,5821593,775
141102,11,8,8041036,8401242,2020,8,19,1,3,2,2,0,0,1,0,0,0,0,1,805058,579,5817552,399
141103,11,8,8010213,8100208,2020,8,6,7,3,1,7,0,0,1,0,0,0,0,0,801491,505,5822591,965
141104,11,12,12214424,12200309,2020,8,16,5,3,5,2,0,1,1,0,0,0,0,0,793494,965,5832426,37
141105,11,6,6020410,6200422,2020,7,23,6,2,0,1,2,1,0,0,0,0,0,0,794871,2583,5816435,52
141106,11,7,7050501,7501029,2020,8,14,2,3,3,6,0,0,1,0,1,0,0,0,797504,473,5820142,777
141107,11,1,1044202,1401046,2020,7,8,3,3,5,2,0,1,1,0,0,0,0,0,794896,6276,5830252,12
141108,11,5,5010208,5100210,2020,7,22,6,3,5,2,2,1,1,0,0,0,0,0,783711,8178,5830467,233
141109,11,1,1033101,1300731,2020,8,22,3,3,1,5,2,0,1,0,1,0,0,0,796909,268,5833068,632
141110,11,11,11030721,11300725,2020,7,7,3,3,1,5,0,0,1,0,0,0,0,0,805272,1058,5827905,96
141111,11,2,2050803,2500835,2020,8,6,7,3,1,5,1,0,1,0,0,0,0,0,802080,5376,5826376,21
141112,11,5,5010314,5100316,2020,8,17,5,3,5,3,0,0,1,0,0,1,0,0,784950,718,5829455,857
141113,11,4,4010101,4100101,2020,7,21,6,2,0,4,2,0,0,1,1,0,0,0,791249,945,5829731,184
141114,11,9,9010301,9100304,2020,8,11,3,3,2,6,0,0,1,0,0,0,0,0,804495,4752,5821721,55
141115,11,9,9051901,9501939,2020,7,6,3,3,5,7,0,0,1,0,1,0,0,0,810628,2264,5821037,47
141116,11,11,11020411,11200410,2020,7,12,6,2,2,6,0,0,1,0,0,0,0,0,805080,286,5833065,414
141117,11,7,7020201,7200307,2020,8,9,4,3,1,5,0,1,0,0,0,1,0,0,794965,6394,5824044,597
141118,11,4,4051446,4501043,2020,7,19,6,3,5,2,0,1,1,0,0,0,0,0,792687,574,5825315,993
141119,11,3,3071638,3701659,2020,8,6,4,3,5,2,0,1,0,0,0,0,1,0,799655,1505,5829000,672
141120,11,1,1011301,1100308,2020,7,18,6,3,3,6,0,1,1,0,0,0,0,0,797555,268,5828690,648
141121,11,8,8041037,8401243,2020,8,17,3,3,2,7,0,0,1,0,0,0,0,0,805607,6874,5817703,472
141122,11,12,12302211,12601031,2020,7,0,3,2,0,1,2,1,0,0,0,0,0,0,793645,87,5836857,32
141123,11,10,10020622,10200629,2020,8,19,1,3,2,6,0,0,1,0,0,0,0,0,811145,3565,5829172,198
141124,11,4,4010102,4100101,2020,8,19,7,3,0,6,0,0,1,0,1,0,0,0,793346,675,5829700,188
141125,11,10,10010102,10100104,2020,8,9,5,2,4,6,0,0,1,0,0,0,0,0,810377,4679,5833668,302
141126,11,1,1044101,1400937,2020,7,18,6,3,2,6,0,0,1,0,0,0,0,0,793998,2931,5832012,85
141127,11,5,5010101,5100104,2020,8,12,2,3,1,5,0,1,1,0,0,0,0,0,785262,1125,5831822,581
141128,11,1,1022207,1200629,2020,7,18,6,2,5,3,0,1,1,0,0,0,0,0,794895,9401,5827785,791
141129,11,9,9010402,9100408,2020,8,23,4,3,2,6,2,0,1,0,0,0,0,0,806388,5476,5820819,115
141130,11,9,9020701,9200715,2020,7,22,3,2,5,2,2,0,1,0,1,0,0,0,807699,9706,5818374,731
141131,11,3,3061430,3601450,2020,7,17,6,3,5,2,0,1,1,0,0,0,0,0,802342,1839,5829201,715
141132,11,4,4020208,4200206,2020,8,13,4,2,0,5,0,1,1,0,0,0,0,0,788496,1555,5825879,73
141133,11,5,5030832,5300841,2020,7,17,6,2,6,7,0,0,0,1,0,1,0,0,789732,5645,5829341,348
141134,11,7,7040405,7400927,2020,8,12,4,3,1,5,0,1,1,0,0,0,0,0,797943,462,5821256,815
141135,11,2,2010103,2100105,2020,7,16,6,3,5,3,0,1,1,0,0,0,0,0,799222,2442,5825759,835
141136,11,5,5010311,5100313,2020,8,13,4,3,2,7,0,0,1,0,0,0,1,0,785302,525,5830834,156
141137,11,7,7070701,7601442,2020,7,16,6,3,5,7,0,0,1,0,1,0,0,0,799603,567,5815438,304
141138,11,8,8040933,8401139,2020,8,14,3,3,5,3,0,0,1,0,0,0,0,0,803566,5346,5818641,511
141139,11,5,5010312,5100314,2020,7,20,3,3,2,2,0,1,1,0,0,0,0,0,784778,4209,5830365,354
141140,11,10,10020622,10200629,2020,8,19,1,2,5,2,0,0,1,0,0,0,0,0,811308,3823,5828499,694
141141,11,11,11010309,11100308,2020,8,13,7,3,0,2,0,1,0,0,0,0,0,0,804612,9538,5833363,745
141142,11,9,9041601,9401635,2020,8,15,5,3,9,1,0,0,0,0,1,0,0,0,816662,984,5817389,907
141143,11,2,2030301,2300314,2020,7,15,6,3,5,3,0,1,1,0,0,0,0,0,799702,891,5826016,312
141144,11,12,12301203,12500926,2020,8,9,2,3,6,4,0,0,1,1,0,0,0,0,793574,599,5836122,261
141145,11,3,3061228,3601245,2020,7,15,6,3,5,3,0,1,1,0,0,0,0,0,800746,9092,5831302,64
141146,11,3,3030711,3300515,2020,8,15,4,3,2,2,0,0,1,0,0,0,0,0,801133,3451,5835053,986
141147,11,8,8010301,8100310,2020,7,20,3,3,5,2,1,0,1,0,1,0,0,0,801053,9798,5824925,459
141148,11,9,9030901,9300920,2020,7,15,6,3,5,2,0,1,1,0,0,0,0,0,808922,655,5817990,711
141149,11,4,4041136,4400728,2020,8,7,4,3,5,3,0,0,1,0,0,0,1,0,790681,439,5822696,372
141150,11,2,2030302,2300316,2020,7,20,3,3,5,3,0,1,1,0,0,0,0,0,800983,1102,5826065,6
141151,11,3,3061126,3601140,2020,7,14,6,3,5,2,0,1,1,0,0,0,0,0,798411,9276,5831802,81
141152,11,9,9010402,9100408,2020,8,9,3,3,5,2,0,1,1,0,0,0,0,0,806723,9087,5820286,475
141153,11,8,8010117,8100102,2020,7,20,3,3,6,4,0,1,0,1,0,0,0,0,800116,342,5823264,529
141154,11,4,4030623,4300622,2020,7,19,3,2,5,2,0,1,1,0,0,0,0,0,793286,2877,5826689,915
141155,11,4,4020314,4200311,2020,7,14,6,3,2,6,0,0,1,0,0,0,0,0,790403,488,5825747,412
141156,11,7,7010101,7100101,2020,8,18,3,3,1,5,0,1,1,0,0,0,0,0,794688,507,5825118,769
141157,11,2,2020203,2200208,2020,7,18,3,3,2,6,0,0,1,0,0,0,0,0,797291,1756,5824857,432
141158,11,5,5010101,5100104,2020,8,11,7,3,3,6,0,0,1,0,1,0,0,0,785220,44,5831766,87
141159,11,1,1033203,1300836,2020,8,14,5,3,5,2,0,1,1,0,0,0,0,0,796456,4682,5829954,887
141160,11,1,1033102,1300733,2020,7,22,5,3,6,2,2,0,1,1,0,0,0,0,797022,6058,5831484,411
141161,11,1,1033202,1300835,2020,8,17,2,3,6,7,0,0,0,1,0,0,1,0,797809,1714,5830444,189
141162,11,9,9020601,9200613,2020,7,21,5,3,0,2,1,0,1,0,1,0,0,0,805902,4542,5821818,312
141163,11,4,4020310,4200308,2020,8,14,4,3,2,6,0,0,1,0,0,0,0,0,790415,764,5827311,799
141164,11,12,12214423,12200308,2020,7,17,5,3,5,3,0,1,1,0,0,0,0,0,792787,9684,5833377,432
141165,11,2,2050802,2500833,2020,8,18,4,3,0,1,0,1,1,0,0,0,0,0,802257,6896,5827116,264
141166,11,2,2050802,2500834,2020,7,17,3,3,1,5,0,1,1,0,0,0,0,0,802871,1266,5826616,677
141167,11,4,4031032,4500938,2020,8,1,1,2,5,3,2,0,1,0,0,0,0,0,791640,5798,5824505,85
141168,11,2,2020204,2200210,2020,8,19,5,3,2,6,0,0,1,0,0,0,0,0,798275,7735,5825307,293
141169,11,1,1011301,1100308,2020,7,17,5,3,6,4,0,1,0,1,0,0,0,0,797013,158,5828550,884
141170,11,5,5010101,5100101,2020,8,12,3,3,0,5,0,1,1,0,0,0,0,0,785130,5794,5832362,817
141171,11,8,8020619,8200623,2020,7,16,3,2,5,2,0,0,1,0,0,0,0,0,802275,2779,5820674,25
141172,11,3,3030715,3300516,2020,7,22,6,3,0,7,2,1,0,0,0,0,0,0,800454,3521,5832377,774
141173,11,8,8020625,8200730,2020,8,14,4,3,1,5,0,1,1,0,0,0,0,0,801637,243,5817723,96
141174,11,1,1011401,1100415,2020,7,17,5,3,2,2,0,1,1,0,0,0,0,0,798328,7264,5829345,405
141175,11,10,10040931,10400938,2020,8,9,4,3,6,2,0,0,1,1,0,0,0,0,813476,8487,5829449,404
141176,11,8,8041037,8401243,2020,8,7,7,3,5,3,0,1,1,0,0,0,0,0,806230,1762,5817660,58
141177,11,1,1011105,1100102,2020,8,12,5,2,5,2,0,1,1,0,0,0,0,0,796588,83,5826876,575
141178,11,7,7070701,7601442,2020,7,17,5,3,5,2,0,0,1,0,0,0,0,0,799260,2404,5816264,994
141179,11,1,1011302,1100309,2020,8,15,4,2,3,6,0,0,1,0,0,0,1,0,798517,226,5829075,932
141180,11,2,2010102,2100103,2020,7,16,5,3,5,3,0,0,1,0,0,0,0,0,798417,6787,5825770,725
141181,11,9,9051702,9501737,2020,8,20,3,2,4,6,0,0,1,1,0,0,0,0,814693,38,5821937,452
141182,11,8,8010213,8100208,2020,7,16,3,3,5,3,0,0,1,0,0,0,0,0,800989,6663,5822691,767
141183,11,8,8041038,8401244,2020,8,23,7,2,1,5,2,1,1,0,0,0,0,0,806107,2737,5815295,491
141184,11,3,3020209,3200205,2020,8,17,5,3,2,7,0,0,0,0,1,0,1,0,797807,6679,5835150,795
141185,11,10,10020622,10200629,2020,7,16,5,3,2,2,0,0,1,0,0,0,0,0,810967,9686,5828194,727
141186,11,9,9041501,9401534,2020,8,12,3,3,0,1,0,1,0,0,0,0,0,0,810826,851,5820745,387
141187,11,1,1044201,1401044,2020,7,17,2,3,6,4,0,0,1,1,0,0,0,0,796417,482,5831025,323
141188,11,9,9020701,9200715,2020,7,16,5,2,2,6,0,0,1,0,0,0,0,0,808050,8655,5819744,334
141189,11,1,1011303,1100310,2020,8,11,4,3,5,3,0,1,0,0,0,0,1,0,799288,3803,5828849,12
141190,11,11,11030618,11300617,2020,7,15,5,3,2,6,0,0,1,0,0,0,1,0,803520,5624,5829724,106
141191,11,10,10020413,10200419,2020,8,13,4,3,5,2,0,1,1,0,0,0,0,0,811633,4499,5831512,947
141192,11,11,11040925,11400927,2020,7,15,5,3,4,1,0,0,1,0,1,0,0,0,803426,7727,5826604,133
141193,11,1,1011305,1100312,2020,8,16,3,3,5,2,0,1,1,0,0,0,0,0,799687,1707,5827210,76
141194,11,1,1011204,1100207,2020,7,20,2,3,5,3,1,0,1,0,0,0,0,0,797870,971,5826770,901
141195,11,5,5020626,5200631,2020,8,18,1,3,5,3,0,1,1,0,0,0,0,0,784936,4064,5827672,963
141196,11,10,10030727,10300734,2020,8,17,7,3,2,6,0,0,1,0,1,0,0,0,809552,7346,5826695,429
141197,11,10,10010102,10100102,2020,8,8,5,2,5,3,0,1,1,0,0,0,0,0,809495,9667,5834651,814
141198,11,2,2020202,2200208,2020,7,14,5,3,5,2,0,1,1,0,0,0,0,0,797584,9597,5825324,505
141199,11,9,9020701,9200715,2020,8,7,3,3,5,2,0,0,1,0,0,0,0,0,808978,8516,5818114,138
141200,11,7,7010101,7100101,2020,7,18,2,3,0,7,0,0,1,0,1,0,0,1,794687,9296,5825219,263
141201,11,3,3030405,3300411,2020,8,18,1,3,0,6,0,0,1,0,1,0,0,0,804174,101,5838979,678
141202,11,7,7070703,7601544,2020,8,17,5,3,2,6,0,0,1,0,0,0,0,0,799791,9225,5813977,164
141203,11,11,11041128,11401137,2020,8,2,7,2,6,4,2,0,0,1,0,0,1,0,806667,6533,5826665,307
141204,11,1,1022103,1200517,2020,8,17,5,3,3,6,0,1,1,0,0,0,0,0,794584,8593,5829763,9
141205,11,7,7040406,7400928,2020,7,14,5,3,5,3,0,1,1,0,0,0,0,0,800359,1644,5821681,52
141206,11,11,11030720,11300721,2020,8,15,2,3,5,3,0,0,1,0,0,0,0,0,805141,7639,5829994,592
141207,11,12,12214424,12200309,2020,7,14,5,3,0,7,0,1,0,0,0,0,0,0,793266,1067,5832516,514
141208,11,8,8010404,8100416,2020,8,14,4,3,0,7,0,1,0,0,0,0,0,0,801749,229,5823024,103
141209,11,1,1011303,1100310,2020,8,18,2,2,2,6,0,0,1,0,1,0,0,0,799478,907,5828779,771
141210,11,3,3040614,3400723,2020,7,13,5,3,5,3,0,1,0,0,0,0,0,0,799449,3274,5833978,901
141211,11,5,5030731,5300737,2020,8,8,4,3,2,6,0,0,1,0,0,0,0,0,787993,8048,5830157,745
141212,11,8,8041035,8401241,2020,7,13,5,3,4,6,0,1,1,0,0,0,1,0,804991,6143,5818835,132
141213,11,3,3061332,3601347,2020,8,15,3,3,3,6,0,1,0,0,1,0,0,0,799600,9637,5830955,459
141214,11,8,8020621,8200725,2020,7,14,2,3,6,4,0,0,1,1,0,0,0,0,799854,1702,5819043,566
141215,11,5,5030832,5300841,2020,8,17,1,3,0,1,0,1,0,0,0,0,0,1,789583,7616,5829289,182
141216,11,10,10040933,10400941,2020,8,13,7,3,5,3,0,1,1,0,0,0,0,0,812859,638,5825863,587
141217,11,1,1022103,1200517,2020,8,14,5,3,3,6,0,1,1,0,0,0,0,0,794582,3128,5829786,178
141218,11,11,11051330,11501339,2020,7,12,5,3,6,4,0,0,1,1,0,0,0,0,806643,66,5824893,849
141219,11,4,4030930,4501041,2020,8,8,2,3,5,2,0,1,1,0,0,0,0,0,793134,301,5825607,501
141220,11,1,7010101,7100101,2020,8,18,2,2,5,3,0,0,1,0,1,0,0,0,794697,6385,5826029,743
141221,11,6,6030501,6300524,2020,7,11,5,3,5,2,0,1,1,0,0,0,0,0,787530,7209,5817383,88
141222,11,10,10030724,10300731,2020,8,12,4,3,5,3,0,0,1,0,0,0,0,0,808790,4183,5828664,887
141223,11,9,9051901,9501941,2020,7,11,5,3,2,6,0,0,1,0,0,0,0,0,812053,266,5821220,774
141224,11,2,2050803,2500835,2020,8,12,2,3,2,2,0,0,1,0,0,0,0,0,803102,4657,5826082,56
141225,11,2,2020204,2200210,2020,8,18,2,3,2,6,0,0,1,0,0,0,0,0,798330,3684,5825452,313
141226,11,11,11051332,9200512,2020,7,10,5,3,5,3,0,1,0,0,1,0,0,0,806969,3416,5823396,762
141227,11,4,4010102,4100101,2020,8,16,4,3,5,2,0,1,1,0,0,0,0,0,791840,3404,5830684,991
141228,11,1,1011202,1100206,2020,7,10,2,2,3,1,0,1,1,0,0,0,0,1,797673,692,5827980,9
141229,11,1,1033101,1300731,2020,7,9,5,3,5,3,0,1,1,0,0,0,0,0,797360,3523,5833006,408
141230,11,1,1022206,1200628,2020,8,19,4,3,5,2,0,1,1,0,0,0,0,0,796120,8462,5828441,918
141231,11,2,2040703,2400625,2020,7,16,2,3,5,3,0,1,1,0,0,0,0,0,801468,2864,5827265,489
141232,11,7,7050501,7501030,2020,7,9,5,3,3,2,0,0,1,0,0,1,0,0,798005,1382,5819646,7
141233,11,6,6010101,6100101,2020,8,10,3,3,5,3,0,1,1,0,0,0,0,0,792906,937,5821481,457
141234,11,2,2040703,2400625,2020,7,16,2,3,5,3,0,1,1,0,0,0,0,0,801468,2864,5827265,489
141235,11,1,1011202,1100206,2020,8,10,7,3,1,5,0,1,0,0,0,0,1,0,797672,3614,5827988,786
141236,11,9,9010301,9100304,2020,8,13,5,3,2,6,0,0,1,0,0,0,0,0,804615,4365,5822081,444
141237,11,9,9051801,9501838,2020,8,19,2,3,3,6,1,1,0,0,0,0,0,0,819411,5276,5819941,132
141238,11,10,10040933,10400941,2020,7,9,5,3,5,2,0,1,1,0,0,0,0,0,813024,8579,5824673,836
141239,11,12,12214527,12200515,2020,8,10,4,3,5,3,0,0,1,0,1,0,0,0,789978,871,5834770,959
141240,11,5,5040934,5400942,2020,7,9,5,2,4,6,0,0,1,0,0,0,1,0,783676,3548,5824845,691
141241,11,8,8010211,8100206,2020,8,12,3,3,1,5,0,1,1,0,0,0,0,0,800372,2604,5824159,318
141242,11,1,1044201,1401043,2020,7,6,2,3,6,4,0,0,1,1,0,0,0,0,795688,4301,5830923,362