OBJECTID,LAND,BEZ,LOR,LOR_ab_2021,UJAHR,UMONAT,USTUNDE,UWOCHENTAG,UKATEGORIE,UART,UTYP1,ULICHTVERH,IstRad,IstPKW,IstFuss,IstKrad,IstGkfz,IstSonstige,USTRZUSTAND,LINREFX,LINREFY,XGCSWGS84,YGCSWGS84
141243,11,4,4030417,4300414,2020,8,15,7,3,5,2,0,1,1,0,0,0,0,0,791755,4208,5827189,368
141244,11,1,1044203,1401049,2020,8,17,5,2,4,6,0,1,0,0,0,0,0,0,795752,89,5831898,764
141245,11,9,9051701,9501736,2020,7,9,5,3,4,6,0,1,0,0,0,0,0,0,812726,2212,5821164,246
141246,11,6,6030503,6300526,2020,8,19,4,3,5,2,0,1,1,0,0,0,0,0,789263,8486,5818038,189
141247,11,9,9020701,9200715,2020,7,18,2,2,5,3,0,0,1,0,0,0,0,1,807656,437,5819374,636
141248,11,8,8010211,8100206,2020,8,12,1,3,5,3,0,1,1,0,0,0,0,1,800461,1763,5823723,665
141249,11,12,12301203,12500926,2020,8,17,5,3,0,2,0,1,1,0,0,0,0,0,793862,995,5835438,771
141250,11,4,4020313,4200311,2020,7,8,5,3,0,2,0,1,1,0,0,0,0,0,790472,1518,5826691,832
141251,11,12,12214422,12200310,2020,8,7,3,3,1,5,0,1,1,0,0,0,0,0,791405,7593,5833094,59
141252,11,4,4030726,4500936,2020,7,14,2,3,5,2,0,1,1,0,0,0,0,0,791589,85,5825495,95
141253,11,10,10040933,10400940,2020,8,14,7,3,8,1,0,0,1,0,0,0,0,0,813148,9528,5826931,51
141254,11,11,11020513,11200512,2020,8,11,5,2,5,3,0,0,1,0,0,0,0,0,804100,4975,5831626,735
141255,11,1,1011301,1100308,2020,8,18,2,3,1,5,0,1,1,0,0,0,0,0,797081,1901,5829284,606
141256,11,4,4030623,4300622,2020,7,7,5,3,2,6,0,0,1,0,0,1,0,0,793565,6071,5826434,13
141257,11,3,3061126,3601140,2020,8,9,4,3,0,6,0,1,1,0,0,0,0,0,798411,3922,5831472,544
141258,11,1,1022101,1200517,2020,7,8,5,3,0,2,0,1,0,0,0,0,1,0,793522,1387,5829121,142
141259,11,1,1011201,1100205,2020,8,19,3,3,5,2,0,1,0,0,0,0,1,0,797371,3395,5827048,12
141260,11,9,9052001,9502043,2020,7,12,2,3,5,7,0,1,1,0,0,0,0,0,810029,5767,5823281,208
141261,11,8,8041035,8401241,2020,8,17,1,2,5,3,0,1,0,0,0,0,1,1,804332,949,5819421,355
141262,11,6,6030504,6300528,2020,8,11,7,3,5,3,0,1,1,0,0,0,0,0,789853,5432,5817279,577
141263,11,1,1022206,1200628,2020,8,16,5,3,5,2,0,0,1,0,0,0,0,0,795963,4485,5828342,415
141264,11,1,1011301,1100308,2020,7,9,4,3,5,7,0,1,0,0,0,0,1,0,797130,9228,5827860,469
141265,11,6,6030503,6300526,2020,8,8,2,3,6,7,0,0,1,1,0,0,0,0,789383,256,5817277,259
141266,11,2,2040502,2400521,2020,7,9,2,3,0,3,0,0,1,0,0,0,1,0,801218,6819,5828646,932
141267,11,9,9041501,9401534,2020,7,23,4,3,0,1,2,1,0,0,0,0,0,0,810869,2592,5820666,41
141268,11,5,5030731,5300737,2020,8,16,4,3,1,5,0,1,1,0,0,0,0,0,787291,6502,5829787,462
141269,11,9,9010301,9100304,2020,7,22,4,3,5,2,2,0,0,0,1,0,0,0,804751,554,5822297,904
141270,11,9,9020501,9200510,2020,8,11,3,3,3,6,0,0,1,0,0,0,0,0,806426,2428,5822988,69
141271,11,7,7040401,7400721,2020,7,11,2,3,5,3,0,1,0,0,0,0,1,0,797838,339,5822536,493
141272,11,4,4051447,4501044,2020,7,12,6,3,5,2,0,1,1,0,0,0,0,0,793203,7471,5824546,836
141273,11,1,1011103,1100103,2020,8,13,4,2,5,2,0,0,1,0,1,0,0,0,796011,3402,5826153,476
141274,11,2,2030301,2300314,2020,7,22,4,3,5,2,2,1,1,0,0,0,0,0,799901,1958,5825710,861
141275,11,12,12103218,12100205,2020,8,13,4,3,0,7,0,1,0,0,0,0,0,0,795583,5399,5834574,57
141276,11,3,3061429,3601449,2020,7,22,4,3,0,7,2,0,0,0,0,0,1,0,802017,5855,5830448,356
141277,11,8,8020622,8200727,2020,8,6,3,3,2,6,0,0,1,0,1,0,0,0,801312,6614,5819577,359
141278,11,1,1022206,1200628,2020,7,11,2,3,6,4,0,1,0,1,0,0,0,0,796341,7516,5828548,764
141279,11,1,1033101,1300731,2020,8,16,1,3,5,2,0,0,1,0,0,0,0,0,797093,347,5833199,431
141280,11,10,10010102,10100104,2020,8,2,7,3,6,7,2,1,0,1,0,0,0,0,810210,703,5833413,361
141281,11,9,9020701,9200715,2020,8,9,5,3,5,2,0,1,0,0,0,0,0,0,807814,4249,5818414,53
141282,11,9,9010301,9100304,2020,7,22,4,3,5,2,2,1,1,0,0,0,0,0,804388,353,5821752,621
141283,11,5,5020625,5200629,2020,8,14,2,3,6,7,0,0,0,1,0,0,1,0,784339,7343,5828098,583
141284,11,11,11030720,11300721,2020,8,18,2,3,2,6,0,0,1,0,0,0,0,0,804856,13,5829962,93
141285,11,1,1044101,1400937,2020,7,21,4,3,1,5,2,1,1,0,0,0,0,0,794096,5396,5831475,899
141286,11,9,9020501,9200510,2020,8,16,4,3,5,2,0,1,1,0,0,0,0,0,806352,5983,5822135,64
141287,11,2,2020204,2200210,2020,8,20,2,3,5,3,0,0,1,0,0,0,0,0,798176,1528,5824842,175
141288,11,1,1033203,1300836,2020,7,20,4,2,0,3,1,0,1,0,1,0,0,0,796936,391,5830172,466
141289,11,6,6010102,6100102,2020,8,0,4,3,1,7,2,0,1,0,0,0,0,0,793626,7969,5820607,817
141290,11,8,8010301,8100310,2020,7,20,4,3,3,6,0,1,1,0,0,0,0,0,800934,8642,5824978,98
141291,11,12,12301203,12500926,2020,8,14,3,3,0,1,0,0,0,0,1,0,0,0,793583,7115,5835232,952
141292,11,10,10020414,10200421,2020,7,18,4,3,5,2,0,0,1,0,1,0,0,0,812072,9169,5830620,303
141293,11,1,1044101,1400938,2020,8,0,4,2,5,7,2,0,1,0,0,0,1,0,794259,481,5831244,186
141294,11,6,6040701,6400735,2020,7,18,4,2,1,5,0,1,1,0,0,0,0,0,784561,2341,5816544,453
141295,11,3,3061126,3601141,2020,8,16,3,3,2,6,0,0,1,0,1,0,0,1,799192,9408,5831774,946
141296,11,11,11030617,11300616,2020,7,10,2,2,5,3,0,1,1,0,0,0,0,0,803003,911,5829854,84
141297,11,12,12304313,12500825,2020,8,14,1,3,0,1,0,0,0,0,1,0,0,1,792426,323,5835113,86
141298,11,3,3020210,3200207,2020,8,15,7,3,5,2,0,1,1,0,0,0,0,0,800078,766,5835886,643
141299,11,6,6010102,6100102,2020,8,6,5,3,5,2,0,1,0,0,0,0,0,0,793740,834,5820569,71
141300,11,4,4051446,4501043,2020,7,17,4,3,2,6,0,0,1,0,0,0,0,0,792832,8076,5824314,602
141301,11,7,7040403,7400823,2020,8,10,2,3,5,2,0,1,1,0,0,0,0,0,797210,8612,5820701,427
141302,11,1,1011201,1100205,2020,7,16,4,3,5,2,0,1,1,0,0,0,0,0,797464,3218,5826815,762
141303,11,12,12302110,12601235,2020,8,15,4,3,6,4,0,1,0,1,0,0,0,0,794915,68,5836312,816
141304,11,6,6020306,6200317,2020,7,10,2,3,2,6,0,0,1,0,0,0,0,0,796190,9154,5817180,436
141305,11,6,6040810,6400844,2020,7,16,4,3,5,3,0,1,1,0,0,0,0,0,790410,4445,5820903,327
141306,11,5,5030731,5300737,2020,8,7,4,3,5,3,0,1,1,0,0,0,0,0,787337,4052,5829810,292
141307,11,1,1033203,1300836,2020,7,10,2,3,9,1,0,0,1,0,0,0,0,0,796496,5676,5830393,8
141308,11,1,1033102,1300733,2020,7,16,4,3,6,4,0,0,1,1,0,0,0,0,797709,1292,5831759,311
141309,11,9,9020802,9200819,2020,8,9,3,3,2,6,0,0,1,0,0,0,1,0,809985,4425,5819337,143
141310,11,1,1011306,1100313,2020,7,10,2,3,5,3,0,1,1,0,0,0,0,0,799901,6779,5826514,384
141311,11,6,6040703,6400737,2020,8,7,7,3,5,2,0,1,1,0,0,0,0,0,787767,5822,5821680,26
141312,11,7,7050501,7501029,2020,8,12,5,2,5,3,0,0,1,0,1,0,0,0,796870,816,5819566,431
141313,11,1,1011401,1100415,2020,8,20,2,3,0,1,0,1,0,0,0,0,0,0,797850,9995,5829278,865
141314,11,2,2050602,2500729,2020,7,10,2,3,2,7,0,1,1,0,0,0,0,0,803376,2514,5827930,2
141315,11,1,1033202,1300835,2020,8,0,7,3,1,7,2,0,1,0,0,0,1,0,797468,934,5830558,54
141316,11,12,12231101,12400722,2020,8,14,5,3,6,2,0,0,1,1,0,0,0,0,791122,2363,5838269,814
141317,11,11,11020411,11200410,2020,7,16,4,3,5,7,0,1,1,0,0,0,0,0,805820,9257,5832300,791
141318,11,1,1022206,1200628,2020,8,8,2,3,0,3,0,0,1,0,0,0,1,0,796316,7148,5828129,113
141319,11,4,4030931,4501042,2020,7,16,4,3,3,6,0,1,0,0,1,0,0,0,794536,6353,5825977,843
141320,11,10,10030724,10300731,2020,8,12,4,3,5,2,0,1,1,0,0,0,0,0,809567,4479,5828027,3
141321,11,3,3040818,3400828,2020,7,15,4,3,2,6,0,1,1,0,0,0,0,0,800048,2025,5832598,707
141322,11,5,5020415,5200418,2020,8,19,4,2,5,3,0,1,1,0,0,0,0,0,779985,6076,5830065,12
141323,11,3,3071537,3701556,2020,7,9,2,3,0,3,0,1,0,0,0,0,1,0,799755,1405,5829487,879
141324,11,1,1011102,1100102,2020,8,6,1,3,9,1,1,0,1,0,0,0,0,0,796507,3117,5827706,181
141325,11,1,1011201,1100207,2020,8,17,5,3,5,3,0,1,1,0,0,0,0,0,797910,3865,5826572,123
141326,11,5,5010207,5100209,2020,7,15,4,3,2,6,0,0,0,1,0,0,1,0,783398,6723,5830279,67
141327,11,2,2020206,2200212,2020,8,13,3,3,2,6,0,0,1,0,1,0,0,0,799673,826,5824505,806
141328,11,8,8020728,8200833,2020,7,8,2,3,1,5,0,0,1,0,0,0,1,0,801843,1827,5816753,468
141329,11,11,11040925,11400927,2020,8,9,7,3,0,1,0,0,0,0,1,0,0,0,804096,3849,5826413,605
141330,11,3,3050923,3500934,2020,8,11,5,3,3,6,0,1,0,0,0,0,1,0,800579,9128,5832205,361
141331,11,11,11020412,11200411,2020,7,15,4,3,6,2,0,0,1,1,0,0,0,0,805028,4632,5831482,309
141332,11,4,4030621,4300620,2020,8,9,4,3,5,2,0,1,1,0,0,0,0,0,793462,3948,5827523,871
141333,11,6,6020408,6200420,2020,7,15,4,3,5,3,0,1,1,0,0,0,0,0,792858,8557,5816467,147
141334,11,12,12304314,12500824,2020,8,17,3,3,5,2,0,1,1,0,0,0,0,0,790507,828,5835338,125
141335,11,6,6020305,6200315,2020,7,8,2,3,9,1,0,0,1,0,0,0,0,0,795849,2,5817728,469
141336,11,8,8010214,8100209,2020,7,15,4,3,5,2,0,1,1,0,0,0,0,0,801751,4353,5822053,178
141337,11,8,8010118,8100105,2020,8,10,4,3,2,6,0,0,1,0,0,0,0,0,801102,6202,5821926,462
141338,11,4,4010101,4100101,2020,7,15,4,3,5,2,0,1,1,0,0,0,0,0,790418,169,5829043,524
141339,11,1,1011204,1100207,2020,8,14,3,3,5,2,0,0,1,0,1,0,0,0,798909,592,5827335,546
141340,11,2,2030301,2300314,2020,7,8,2,3,5,2,0,1,1,0,0,0,0,0,800043,4748,5825928,617
141341,11,1,1022104,1200520,2020,8,3,7,3,0,1,2,1,0,0,0,0,0,0,794574,1424,5828707,114
141342,11,2,2010102,2100102,2020,8,16,5,3,5,2,0,1,1,0,0,0,0,0,798232,8258,5825973,73
141343,11,11,11030619,11300620,2020,7,14,4,3,2,6,0,0,1,0,0,0,0,0,803840,2014,5829088,842
141344,11,3,3010102,3100102,2020,8,12,3,3,0,7,0,1,0,0,0,0,0,0,805620,9167,5842085,104
141345,11,1,1022204,1200626,2020,7,8,2,3,5,2,0,1,1,0,0,0,0,0,794830,6261,5828304,63
141346,11,2,2030302,2300315,2020,7,13,4,3,5,2,0,1,0,0,0,1,0,0,800400,2023,5825790,893
141347,11,2,2020203,2200209,2020,8,18,4,3,6,7,0,1,0,1,0,0,0,0,797038,234,5824293,964
141348,11,4,4010102,4100101,2020,8,19,2,2,5,2,0,0,1,0,0,0,0,0,793340,975,5829718,481
141349,11,3,3010102,3100102,2020,7,11,4,3,5,7,0,0,1,0,0,0,0,0,805166,658,5841132,236
141350,11,12,12301205,12500928,2020,8,21,4,2,0,1,1,0,0,0,1,0,0,0,792418,4452,5837300,701
141351,11,1,1011204,1100207,2020,7,11,4,3,5,3,0,1,1,0,0,0,0,0,798862,3739,5826771,389
141352,11,9,9020601,9200613,2020,8,4,3,2,2,6,1,0,1,0,0,0,0,0,805361,8249,5822408,444
141353,11,8,8041037,8401243,2020,7,7,2,3,5,3,0,1,1,0,0,0,0,0,805258,956,5817378,737
141354,11,2,2010103,2100104,2020,8,17,1,3,2,7,0,1,1,0,0,0,0,1,799555,8854,5826111,981
141355,11,12,12103116,12100102,2020,8,18,7,2,5,3,0,0,1,0,1,0,0,0,796611,2209,5833496,261
141356,11,7,7030303,7300619,2020,8,9,5,2,5,2,0,1,1,0,0,0,0,0,795412,3977,5821006,749
141357,11,7,7020204,7200413,2020,7,11,4,2,1,5,0,1,0,0,0,0,1,0,796110,1369,5823663,83
141358,11,7,7060601,7601236,2020,8,12,2,3,5,2,0,0,1,0,0,0,0,0,797144,137,5817013,676
141359,11,12,12214125,12200414,2020,7,10,4,3,2,6,0,0,1,0,0,0,0,0,791931,8216,5831485,927
141360,11,1,1044101,1400937,2020,8,16,4,3,2,6,0,0,1,0,0,0,0,0,793897,8931,5831526,979
141361,11,2,2010103,2100105,2020,8,13,1,3,5,2,0,1,1,0,0,0,0,1,799844,158,5825763,408
141362,11,1,1011105,1100102,2020,8,18,5,3,5,3,0,0,1,0,0,0,0,0,796799,7205,5826214,563
141363,11,9,9010101,9100101,2020,8,19,7,3,1,5,0,1,1,0,0,0,0,0,802433,5952,5825501,239
141364,11,2,2040503,2400522,2020,8,6,5,3,5,2,0,0,1,0,0,0,1,0,801406,4698,5828751,113
141365,11,1,1022101,1200517,2020,7,10,4,2,5,2,0,1,1,0,0,0,0,0,793533,1868,5829137,407
141366,11,4,4030519,4300518,2020,8,21,2,3,1,5,2,0,1,0,0,0,0,0,792659,5457,5827916,545
141367,11,6,6020303,6200313,2020,7,10,4,3,5,2,0,0,1,0,0,0,1,0,795192,2159,5818759,526
141368,11,9,9041501,9401534,2020,8,17,4,3,0,1,0,1,0,0,0,0,0,0,810990,3736,5820319,456
141369,11,11,11020411,11200410,2020,7,9,4,2,5,3,0,1,1,0,0,0,0,0,804920,6561,5832985,806
141370,11,5,5030832,5300841,2020,8,8,4,3,5,2,0,1,0,0,0,0,1,0,789770,3443,5829343,868
141371,11,1,1022103,1200517,2020,7,10,4,2,0,3,0,0,0,0,1,0,1,0,794171,6059,5829360,955
141372,11,10,10040830,10400837,2020,8,15,3,2,5,3,0,1,1,0,0,0,0,0,811207,5413,5826617,107
141373,11,4,4030930,4501041,2020,7,20,2,2,0,5,0,0,1,0,1,0,0,1,792957,6494,5825570,233
141374,11,3,3061227,3601243,2020,8,13,1,3,0,1,0,0,1,0,0,0,0,1,799437,657,5831385,76
141375,11,6,6020304,6200314,2020,8,13,7,3,0,2,0,1,1,0,0,0,0,0,794563,7103,5817695,165
141376,11,5,5020524,5200528,2020,8,16,5,3,0,1,0,0,0,0,1,0,0,0,783411,748,5826743,561
141377,11,6,6030610,6300634,2020,7,9,4,1,5,3,0,1,1,0,0,0,0,0,792932,5399,5817743,807
141378,11,5,5030833,5300840,2020,8,8,2,3,2,6,0,0,1,0,0,0,0,0,789181,4611,5829282,32
141379,11,9,9031001,9301025,2020,7,8,4,3,5,3,0,1,0,0,0,0,1,0,809919,5647,5815277,67
141380,11,1,1011402,1100416,2020,8,12,4,3,2,6,0,0,1,0,1,0,0,0,798090,727,5829971,709
141381,11,6,6030609,6300633,2020,7,7,4,3,6,7,0,1,0,1,0,0,0,0,792399,2913,5819182,992
141382,11,8,8010510,8100521,2020,8,19,4,3,6,4,0,0,0,1,1,0,0,0,802397,7788,5822682,88
141383,11,3,3020307,3200310,2020,7,18,2,2,0,7,0,0,0,0,0,0,1,0,799656,1014,5837839,22
141384,11,4,4030827,4300623,2020,7,19,2,3,0,1,0,0,0,0,1,0,0,1,792739,6966,5826271,828
141385,11,11,11010102,11100101,2020,7,6,4,2,0,7,0,0,1,0,0,0,0,0,806227,385,5835185,522
141386,11,5,5010101,5100101,2020,8,20,4,3,0,7,1,0,0,0,1,0,0,1,782924,3275,5834282,408
141387,11,8,8010211,8100206,2020,7,18,2,3,1,5,0,1,1,0,0,0,0,1,800431,3002,5823767,41
141388,11,8,8010404,8100415,2020,7,6,4,3,5,3,0,1,0,0,0,0,0,0,801148,1,5823762,865
141389,11,8,8040933,8401139,2020,8,10,3,3,1,5,0,0,1,0,0,0,0,0,803594,3738,5818660,901
141390,11,8,8010118,8100104,2020,7,18,2,3,4,2,0,1,1,0,0,0,0,1,800230,1926,5822360,207
141391,11,8,8020621,8200725,2020,8,11,7,3,5,3,0,1,1,0,0,0,0,0,800728,892,5819414,526
141392,11,7,7010102,7100102,2020,8,14,5,3,5,3,0,1,1,0,0,0,0,0,795510,809,5825477,797
141393,11,1,1033201,1300834,2020,7,1,4,3,5,3,2,1,0,0,0,0,1,0,798243,458,5830080,786
141394,11,12,12214422,12200310,2020,8,18,2,2,6,4,0,0,1,1,0,0,0,0,792347,923,5833942,746
141395,11,1,1044203,1401049,2020,7,15,4,3,2,6,0,0,1,0,0,0,0,0,795751,6047,5831898,302
141396,11,4,4020311,4200310,2020,8,14,4,3,2,6,0,0,1,0,1,0,0,0,789655,3808,5826498,167
141397,11,4,4020310,4200308,2020,7,7,3,3,0,2,0,1,0,0,0,1,0,0,790376,4459,5827305,551
141398,11,6,6030610,6300634,2020,8,13,4,3,3,6,0,0,1,0,1,0,0,0,792034,6444,5818922,13
141399,11,4,4051446,4501043,2020,7,18,2,3,5,2,0,1,1,0,0,0,0,1,792858,1631,5824323,286
141400,11,2,2030302,2300315,2020,8,15,7,3,5,3,0,1,0,0,1,0,0,0,800784,9554,5825814,37
141401,11,5,5010311,5100313,2020,8,19,5,3,5,2,0,1,1,0,0,0,0,0,785462,8249,5830292,63
141402,11,9,9051901,9501941,2020,7,16,3,3,3,6,0,1,0,0,0,0,0,0,811790,5122,5821148,76
141403,11,7,7040405,7400927,2020,8,12,3,3,0,5,0,0,1,0,1,0,0,0,798463,956,5821010,271
141404,11,2,2030301,2300314,2020,7,17,2,2,5,2,0,1,1,0,0,0,0,0,800170,8622,5825879,213
141405,11,3,3061429,3601449,2020,7,9,6,3,5,3,0,1,1,0,0,0,0,0,801446,7299,5830945,493
141406,11,11,11010205,11100204,2020,8,16,4,2,0,6,0,0,1,0,1,0,0,0,806116,4572,5833794,844
141407,11,1,1033102,1300733,2020,8,12,1,3,2,6,0,0,1,0,0,0,0,1,798030,762,5831825,864
141408,11,5,5010312,5100314,2020,8,17,5,3,5,2,0,0,1,0,0,0,1,0,785217,1728,5829833,822
141409,11,1,1011201,1100205,2020,7,11,3,3,5,2,0,1,0,0,0,0,1,0,797012,3126,5826736,584
141410,11,1,1011204,1100207,2020,8,8,3,3,3,6,0,1,1,0,0,0,0,0,798521,999,5826770,693
141411,11,10,10020412,10200417,2020,7,17,2,3,6,4,0,0,1,1,0,0,0,0,811174,2464,5831810,52
141412,11,2,2040503,2400522,2020,8,9,7,3,5,3,0,0,1,0,0,0,0,0,801731,7154,5828113,548
141413,11,4,4030930,4501041,2020,8,11,5,3,2,6,0,0,1,0,0,0,0,0,792889,5825,5825517,47
141414,11,6,6030606,6300630,2020,7,16,3,3,0,2,0,0,1,0,1,0,0,0,793646,2638,5819220,425
141415,11,2,2010104,2100106,2020,8,9,4,3,5,3,0,1,1,0,0,0,0,0,799825,4496,5825702,912
141416,11,8,8010211,8100206,2020,7,15,3,2,0,6,0,0,1,0,1,0,0,0,800459,5791,5823651,16
141417,11,3,3061131,3601142,2020,8,19,3,3,3,6,0,1,0,0,0,0,0,0,799096,7099,5830371,142
141418,11,5,5020626,5200630,2020,7,16,2,3,6,4,0,0,1,1,0,0,0,0,783463,9071,5827631,271
141419,11,1,1011401,1100415,2020,8,2,7,2,0,1,2,0,0,0,0,0,1,0,797503,8774,5829193,353
141420,11,12,12224229,12400616,2020,8,16,5,3,5,3,0,0,1,0,1,0,0,0,786290,6635,5834328,293
141421,11,7,7040403,7400825,2020,7,15,3,2,2,6,0,0,1,0,1,0,0,0,797602,9321,5820787,896
141422,11,8,8010301,8100310,2020,8,18,2,3,0,1,0,0,0,0,1,0,0,0,800793,5285,5825040,377
141423,11,4,4010101,4100101,2020,7,15,2,3,5,2,0,0,1,0,0,0,0,0,791287,883,5830670,435
141424,11,8,8010404,8100417,2020,7,15,3,3,6,4,0,0,1,1,0,0,0,0,802409,1656,5822915,94
141425,11,10,10020414,10200421,2020,8,23,4,3,5,3,2,1,1,0,0,0,0,0,812065,3772,5830622,877
141426,11,2,2010102,2100102,2020,7,14,3,3,5,3,0,1,1,0,0,0,0,0,798310,629,5825628,1
141427,11,9,9010301,9100305,2020,8,8,4,2,2,7,0,0,1,0,1,0,0,0,805047,1238,5822750,906
141428,11,1,1033102,1300733,2020,7,13,3,2,0,1,0,0,0,0,1,0,0,0,797031,9455,5831478,968
141429,11,3,3061430,3601450,2020,8,22,4,3,0,7,2,1,0,1,0,0,0,0,802620,7511,5829523,313
141430,11,11,11040926,11400929,2020,7,13,3,2,5,3,0,0,1,0,0,0,0,0,804876,8768,5826485,666
141431,11,3,3061126,3601140,2020,8,6,3,3,2,6,0,0,1,0,0,0,0,0,798528,376,5831828,651
141432,11,3,3040512,3400619,2020,7,15,2,2,2,6,0,1,1,0,0,1,0,0,795637,2393,5834736,825
141433,11,10,10040931,10400938,2020,8,13,1,2,2,2,0,0,1,0,0,0,0,1,813742,3525,5829990,951
141434,11,1,1044202,1401047,2020,8,19,7,3,5,3,0,1,1,0,0,0,0,0,795531,5497,5830759,713
141435,11,4,4030726,4500936,2020,8,9,5,3,5,2,0,0,1,0,0,0,0,0,792311,22,5825385,497
141436,11,8,8020620,8200725,2020,7,13,3,3,5,2,0,1,1,0,0,0,0,0,801133,6821,5819597,903
141437,11,2,2030302,2300315,2020,8,14,2,3,6,4,0,0,0,1,1,0,0,0,800336,9907,5825815,17
141438,11,3,3020209,3200205,2020,8,19,2,2,9,1,0,0,0,0,1,0,0,0,797887,7237,5835812,444
141439,11,3,3061430,3601450,2020,7,11,3,3,0,1,0,1,0,0,0,0,0,0,802332,1003,5829225,129
141440,11,2,2030401,2300418,2020,8,17,4,2,3,6,0,1,1,0,0,0,0,0,801105,591,5825019,41
141441,11,4,4030931,4501042,2020,8,18,2,3,5,3,0,0,1,0,1,0,0,0,794546,302,5825994,193
141442,11,4,4041134,4400726,2020,7,12,3,3,3,6,0,1,1,0,0,0,0,0,790463,5616,5824238,5
141443,11,7,7020202,7200308,2020,8,8,4,2,5,3,0,1,0,0,0,0,0,0,794806,97,5823572,772
141444,11,9,9041501,9401534,2020,7,12,3,3,0,7,0,1,0,0,0,0,0,0,811294,74,5820181,761
141445,11,6,6020409,6200421,2020,8,14,3,3,5,3,0,1,1,0,0,0,0,0,793186,3856,5816486,419
141446,11,3,3030406,3300412,2020,7,14,2,3,5,3,0,0,1,0,0,0,0,0,803319,8917,5839198,723
141447,11,2,2010103,2100104,2020,8,12,7,3,5,2,0,1,1,0,0,0,0,0,799295,682,5826183,511
141448,11,11,11020411,11200410,2020,8,14,5,3,5,7,0,0,1,0,0,0,0,0,804613,4791,5832782,517
141449,11,9,9041301,9401329,2020,8,18,2,3,1,3,0,1,1,0,0,0,0,0,812299,1482,5818711,526
141450,11,7,7040405,7400927,2020,8,7,2,3,5,3,0,0,1,0,0,0,0,1,798899,8613,5821215,471
141451,11,2,2040502,2400521,2020,8,13,3,3,2,6,0,1,1,0,0,0,0,0,801223,4619,5827964,803
141452,11,1,1011204,1100207,2020,8,6,6,3,5,3,1,0,0,0,0,1,1,1,797876,1868,5826766,351
141453,11,11,11041128,11401137,2020,8,9,4,3,6,4,0,0,1,1,0,0,0,0,807011,819,5825954,162
141454,11,9,9052001,9502043,2020,8,7,4,2,6,4,0,0,0,1,0,0,1,0,811624,1569,5823204,3
141455,11,1,1022104,1200519,2020,8,19,2,3,0,3,0,0,1,0,0,0,1,0,793742,8903,5828486,347
141456,11,1,1011402,1100416,2020,8,17,1,2,0,1,0,1,0,0,0,0,0,0,798579,796,5829266,764
141457,11,10,10010310,10100315,2020,8,17,2,2,0,1,0,0,0,0,1,0,0,1,809878,5945,5831571,132
141458,11,7,7040402,7400822,2020,8,15,5,3,5,2,0,1,1,0,0,0,0,0,796127,6063,5820792,482
141459,11,1,1033203,1300836,2020,8,22,2,3,5,3,2,0,1,0,1,0,0,0,796705,3927,5829893,68
141460,11,6,6020304,6200314,2020,8,10,7,3,1,5,0,1,1,0,0,0,0,0,794964,3751,5817826,678
141461,11,2,2050601,2500726,2020,8,8,4,3,5,2,0,1,1,0,0,0,0,0,801874,628,5828987,637
141462,11,10,10010207,10100210,2020,8,10,2,3,5,3,0,0,1,0,1,0,0,0,809302,8197,5831695,979
141463,11,5,5010311,5100313,2020,8,16,6,3,5,2,0,1,1,0,0,0,0,0,785477,8077,5830288,598
141464,11,8,8010214,8100209,2020,8,7,4,3,5,3,0,0,1,0,0,0,0,0,801332,8009,5822131,363
141465,11,2,2030302,2300316,2020,8,10,2,3,0,5,0,0,1,0,0,0,1,0,801284,675,5825984,707
141466,11,1,1022201,1200623,2020,8,8,5,3,3,6,0,1,0,0,0,0,0,0,795232,2515,5829346,103
141467,11,5,5010314,5100316,2020,8,8,4,3,5,2,0,0,1,0,0,0,1,0,784837,7183,5829252,791
141468,11,10,10040933,10400941,2020,8,10,2,3,1,5,0,1,1,0,0,0,0,0,813856,3644,5826052,312
141469,11,8,8010301,8100312,2020,8,20,1,3,6,4,2,0,1,1,0,0,0,0,801152,4254,5824115,751
141470,11,4,4030828,4300624,2020,8,12,5,3,2,6,0,0,1,0,0,0,0,0,793146,2924,5826081,637
141471,11,3,3061429,3601449,2020,8,9,2,3,1,5,0,1,1,0,0,0,0,0,801225,1981,5830682,264
141472,11,4,4030725,4300416,2020,8,15,7,3,0,1,0,1,0,0,0,0,0,0,791612,232,5826502,86
141473,11,4,4030828,4300624,2020,8,15,5,3,2,6,0,1,1,0,0,0,0,0,793129,752,5826082,166
141474,11,7,7040401,7400720,2020,8,9,2,3,2,6,0,1,1,0,0,0,0,0,796534,9188,5822797,84
141475,11,2,2040701,2400623,2020,8,13,7,3,2,6,0,0,1,0,0,0,0,0,800579,8329,5827013,37
141476,11,11,11030720,11300721,2020,8,8,2,3,5,3,0,1,1,0,0,0,0,0,804920,3918,5829933,53
141477,11,8,8010212,8100207,2020,8,14,6,3,6,4,0,0,1,1,0,0,0,0,800829,9408,5823446,972
141478,11,3,3040513,3400620,2020,8,7,4,3,5,3,0,1,0,0,0,0,0,0,796869,7994,5834514,421