OBJECTID,LAND,BEZ,LOR,LOR_ab_2021,UJAHR,UMONAT,USTUNDE,UWOCHENTAG,UKATEGORIE,UART,UTYP1,ULICHTVERH,IstRad,IstPKW,IstFuss,IstKrad,IstGkfz,IstSonstige,USTRZUSTAND,LINREFX,LINREFY,XGCSWGS84,YGCSWGS84
141479,11,4,4041136,4400728,2020,8,8,2,3,1,7,0,0,1,0,0,0,0,0,790706,3658,5823496,909
141480,11,9,9010401,9100407,2020,8,7,2,3,4,6,0,0,1,0,0,0,0,0,806187,7613,5821037,897
141481,11,4,4030623,4300622,2020,8,6,5,3,1,5,0,0,1,0,0,0,1,0,793387,2654,5826601,3
141482,11,10,10010204,10100206,2020,8,8,4,3,2,6,0,1,0,0,0,0,0,0,809561,7165,5833230,965
141483,11,6,6020410,6200422,2020,8,7,2,2,0,1,0,1,0,0,0,0,0,0,793415,539,5816435,283
141484,11,10,10010309,10100312,2020,8,19,1,2,6,4,0,0,1,1,0,0,0,0,807818,8239,5830174,223
141485,11,4,4030929,4501040,2020,8,16,4,3,1,5,0,1,1,0,0,0,0,0,792339,3495,5825692,141
141486,11,11,11010204,11100203,2020,8,7,2,3,0,1,0,1,0,0,0,0,0,0,807039,6208,5834102,663
141487,11,1,3071536,3701556,2020,8,0,6,2,4,6,2,1,0,0,0,0,0,0,799079,6376,5829018,988
141488,11,1,1044101,1400938,2020,8,16,2,3,2,6,0,0,1,0,0,0,0,1,794537,6172,5831549,967
141489,11,5,5020625,5200629,2020,8,12,6,2,6,2,0,0,1,1,0,0,0,0,784454,576,5828678,996
141490,11,12,12103218,12100205,2020,8,10,4,3,5,2,0,1,1,0,0,0,0,0,794545,7435,5832972,236
141491,11,11,11030721,11300722,2020,8,7,4,3,0,2,0,0,1,1,0,0,0,0,803824,9396,5828648,643
141492,11,10,10030727,10300734,2020,8,8,2,2,6,4,0,0,1,1,0,0,0,0,809588,5461,5823634,87
141493,11,12,12103117,12100101,2020,8,16,2,3,2,6,0,1,1,0,0,0,0,0,795863,5258,5832635,349
141494,11,2,2030401,2300418,2020,8,15,2,3,5,3,0,1,0,0,0,0,1,0,801080,1151,5824971,209
141495,11,9,9030901,9300920,2020,8,18,5,3,5,2,0,1,1,0,0,0,0,0,808573,833,5817490,853
141496,11,1,1011303,1100310,2020,8,9,4,3,5,2,0,1,0,0,0,1,0,0,799343,4056,5827564,385
141497,11,4,4020208,4200206,2020,8,15,2,3,0,1,0,1,0,0,0,0,0,0,788719,3762,5825809,325
141498,11,8,8010211,8100206,2020,8,14,6,3,5,2,0,1,1,0,0,0,0,0,800904,823,5823736,622
141499,11,3,3061434,3601451,2020,8,19,3,3,0,2,0,1,1,0,0,0,0,0,800848,3475,5829967,579
141500,11,1,1011305,1100312,2020,8,15,2,3,5,3,0,1,1,0,0,0,0,0,799681,9158,5827210,83
141501,11,1,1044203,1401049,2020,8,15,2,3,0,2,0,0,1,0,1,0,0,0,795900,3154,5831931,537
141502,11,9,9020501,9200510,2020,8,19,5,2,9,1,0,0,1,0,0,0,0,0,806761,8916,5823069,279
141503,11,4,4041135,4400729,2020,8,14,3,3,5,3,0,1,1,0,0,0,0,0,789248,5103,5823746,734
141504,11,11,11010205,11100204,2020,8,20,2,3,5,2,0,1,1,0,0,0,0,0,806684,1158,5833406,769
141505,11,2,2050602,2500727,2020,8,2,1,3,5,5,2,1,1,0,0,0,0,0,802592,125,5827727,173
141506,11,2,2020206,2200213,2020,8,19,4,3,6,4,0,1,0,1,0,0,0,0,800280,356,5824778,795
141507,11,11,11020514,11200513,2020,8,20,2,2,5,2,0,0,1,0,1,0,0,0,804567,7779,5831035,406
141508,11,7,7030302,7300618,2020,8,20,6,3,0,7,1,0,1,0,0,0,0,0,794194,9182,5821814,247
141509,11,1,1044102,1400939,2020,8,15,2,3,5,2,0,1,1,0,0,0,0,0,794399,138,5832036,58
141510,11,3,3040614,3400721,2020,8,8,6,3,1,5,0,1,1,0,0,0,0,0,797945,8522,5832734,14
141511,11,6,6010209,6100209,2020,8,9,3,3,5,3,0,1,1,0,0,0,0,0,794499,9526,5820878,148
141512,11,4,4030415,4300412,2020,8,6,4,3,2,6,0,0,1,0,0,1,0,0,791127,4235,5827435,669
141513,11,4,4020311,4200309,2020,8,18,2,3,5,3,0,0,1,0,0,0,0,0,789150,196,5827375,994
141514,11,5,5020625,5200629,2020,8,13,2,3,2,6,0,0,1,0,0,0,0,1,784789,3551,5828764,541
141515,11,6,6040703,6400737,2020,8,17,5,3,2,6,0,0,1,0,0,0,0,0,786428,7816,5818307,14
141516,11,1,1011305,1100312,2020,8,17,2,2,5,3,0,1,1,0,0,0,0,0,799700,1559,5827370,89
141517,11,5,5010205,5100207,2020,8,7,7,3,5,3,0,1,1,0,0,0,0,0,780121,8235,5830389,526
141518,11,1,1011303,1100310,2020,8,18,3,3,6,7,0,1,0,1,0,0,0,0,799394,5842,5828057,751
141519,11,10,10040933,10400941,2020,8,13,2,3,1,7,0,0,1,0,0,0,0,0,813716,7123,5826507,334
141520,11,9,9051801,9501838,2020,8,17,2,3,0,1,0,0,0,0,1,0,0,1,818601,258,5820440,845
141521,11,4,4030931,4501042,2020,8,20,7,3,5,2,1,0,1,0,1,0,0,0,793981,94,5826174,861
141522,11,8,8010118,8100105,2020,8,18,4,3,3,6,0,0,1,0,0,0,0,0,801093,9986,5821943,82
141523,11,4,4051549,4501146,2020,8,17,2,3,1,5,0,0,1,0,0,0,0,1,792850,1826,5824104,391
141524,11,6,6040808,6400842,2020,8,18,6,3,3,6,0,1,0,0,0,0,0,0,790132,839,5819691,228
141525,11,11,11051229,11501238,2020,8,13,2,3,4,6,0,1,0,0,0,0,0,0,804093,524,5826004,61
141526,11,4,4031032,4500937,2020,8,18,5,3,3,6,0,1,0,0,0,0,1,0,791578,2225,5825114,389
141527,11,7,7030301,7300517,2020,8,22,3,2,0,1,2,1,0,0,0,0,0,0,794398,567,5822528,158
141528,11,8,8041037,8401243,2020,8,6,4,3,1,5,0,1,1,0,0,0,0,0,805658,4866,5817023,612
141529,11,5,5020626,5200630,2020,8,17,2,3,5,3,0,0,1,0,0,0,0,1,784151,4011,5827300,868
141530,11,11,11051331,11501340,2020,8,16,1,3,2,6,0,0,1,0,0,0,0,0,807350,5217,5825187,13
141531,11,9,9020501,9200510,2020,8,11,2,3,6,7,0,1,0,1,0,0,0,0,806560,8798,5821833,626
141532,11,1,1033102,1300733,2020,8,15,5,3,5,2,0,1,1,0,0,0,0,0,797660,2021,5831882,828
141533,11,11,11030618,11300619,2020,8,17,2,3,0,2,0,1,1,0,0,0,0,1,803851,9704,5828742,481
141534,11,11,11030721,11300725,2020,8,11,7,3,6,4,0,0,1,1,0,0,0,0,805156,796,5827575,874
141535,11,1,1033203,1300836,2020,8,23,3,3,5,3,2,0,1,0,0,0,1,0,796814,2954,5831268,502
141536,11,4,4041137,4400727,2020,8,16,2,2,5,3,0,1,1,0,0,0,0,0,790968,3978,5823010,512
141537,11,2,2040502,2400521,2020,8,16,6,3,5,2,0,1,1,0,0,0,0,0,800477,7949,5828220,216
141538,11,7,7010102,7100103,2020,8,23,3,3,5,2,2,1,1,0,0,0,0,0,795872,632,5825391,311
141539,11,4,4020310,4200308,2020,8,16,2,2,2,6,0,0,0,0,0,1,0,1,788739,793,5827655,45
141540,11,3,3040614,3400721,2020,8,8,5,3,5,3,0,1,1,0,0,0,0,0,797773,7425,5832965,808
141541,11,5,5010314,5100316,2020,8,21,3,3,5,2,1,1,1,0,0,0,0,0,784785,3551,5828822,924
141542,11,5,5010209,5100211,2020,8,17,6,3,5,7,0,1,1,0,0,0,0,0,783240,8135,5830291,768
141543,11,3,3040614,3400723,2020,8,21,3,3,6,2,1,0,1,1,0,0,0,0,798614,5599,5833053,153
141544,11,7,7070703,7601544,2020,8,11,2,3,0,6,0,0,1,0,0,0,1,0,799619,6723,5813175,844
141545,11,12,12214527,12200515,2020,8,10,5,3,5,3,0,0,1,0,0,0,0,0,790223,5669,5834589,469
141546,11,7,7040402,7400822,2020,8,19,3,3,5,3,0,0,1,0,0,0,0,0,796822,5291,5822178,64
141547,11,12,12301203,12500926,2020,8,10,2,3,0,3,0,0,1,0,0,0,0,0,792991,9309,5835645,722
141548,11,8,8010118,8100104,2020,8,21,1,3,2,6,2,0,1,0,0,0,0,0,800762,9381,5822754,24
141549,11,4,4030930,4501041,2020,8,14,1,2,2,6,0,0,1,0,0,0,0,0,793347,8535,5825680,76
141550,11,7,7030301,7300517,2020,8,14,5,3,5,2,0,1,1,0,0,0,0,0,793899,7058,5822939,542
141551,11,1,1044101,1400937,2020,8,10,1,3,5,2,0,0,1,0,1,0,0,0,794056,2983,5831226,77
141552,11,2,2050801,2500832,2020,8,15,7,2,2,6,0,0,1,0,0,0,0,0,803400,5268,5826869,78
141553,11,9,9010401,9100407,2020,8,7,1,3,0,7,0,0,1,1,0,0,0,0,806375,403,5821034,403
141554,11,1,1044202,1401047,2020,8,14,6,3,5,3,0,1,1,0,0,0,0,0,795274,3533,5830458,569
141555,11,9,9020502,9200511,2020,8,19,3,3,5,3,0,1,1,0,0,0,0,0,806950,3964,5822300,483
141556,11,2,2050601,2500726,2020,8,22,1,3,5,3,2,0,1,0,0,0,0,0,802089,1556,5828539,629
141557,11,9,9041302,9401330,2020,8,22,1,2,0,1,2,1,0,0,0,0,0,1,812052,19,5817319,677
141558,11,6,6020306,6200317,2020,8,20,5,3,5,3,1,0,1,0,0,0,0,0,796179,127,5817197,55
141559,11,1,1022202,1200624,2020,8,11,3,3,2,6,0,0,1,0,0,0,0,0,795525,471,5829617,901
141560,11,2,2050602,2500728,2020,8,21,1,3,1,5,2,0,1,0,0,0,1,0,803172,1327,5828106,323
141561,11,3,3050923,3500934,2020,8,10,1,3,3,6,0,1,1,0,0,0,0,0,800579,6622,5831844,7
141562,11,5,5030731,5300737,2020,8,22,4,3,5,2,2,0,1,0,0,0,0,0,786960,603,5829592,875
141563,11,3,3061126,3601141,2020,8,18,1,2,5,3,0,1,1,0,0,0,0,0,799245,9773,5831804,282
141564,11,1,1033101,1300730,2020,8,22,6,2,6,4,2,0,1,1,0,0,0,0,796390,338,5832011,296
141565,11,7,7010104,7100205,2020,8,3,1,2,8,1,2,0,0,0,0,0,1,0,796376,9286,5825272,713
141566,11,1,1033102,1300733,2020,8,10,1,3,2,6,0,0,1,0,0,0,0,0,797195,8977,5831916,707
141567,11,4,4030623,4300622,2020,8,12,5,3,2,6,0,0,1,0,1,0,0,0,793714,8682,5826355,208
141568,11,9,9031101,9301126,2020,8,13,1,3,2,6,0,1,1,0,0,0,0,0,811507,4587,5817224,36
141569,11,1,1033203,1300836,2020,8,20,7,3,0,7,1,1,0,0,0,0,0,0,796512,7718,5830922,113
141570,11,1,1011304,1100311,2020,8,12,1,3,0,7,0,1,0,0,0,0,0,0,800007,7212,5828504,648
141571,11,8,8030829,8300934,2020,8,13,6,3,0,6,0,0,1,0,0,0,1,0,802997,2465,5818343,48
141572,11,6,6030605,6300629,2020,8,9,3,3,5,3,0,1,1,0,0,0,0,0,792147,6513,5819525,47
141573,11,7,7010102,7100102,2020,8,11,2,3,5,2,0,1,1,0,0,0,0,0,795236,948,5824953,37
141574,11,2,2050602,2500727,2020,8,13,1,3,0,7,0,0,0,0,0,0,1,0,802696,8257,5828094,724
141575,11,8,8010405,8100418,2020,8,9,1,2,0,3,0,1,1,0,0,0,0,0,801788,6219,5823979,361
141576,11,9,9041402,9401432,2020,8,18,5,3,5,3,0,1,1,0,0,0,0,0,812111,8979,5820739,936
141577,11,1,1011202,1100206,2020,8,8,3,3,1,5,0,1,1,0,0,0,0,0,797484,5835,5827851,917
141578,11,1,1033203,1300836,2020,8,7,1,3,1,5,0,1,1,0,0,0,0,0,797103,3125,5831002,145
141579,11,4,4030930,4501041,2020,8,0,1,3,5,2,2,0,1,0,1,0,0,0,792961,7865,5825361,622
141580,11,2,2050801,2500831,2020,8,19,4,3,2,6,0,1,1,0,0,0,0,0,803276,2322,5827426,742
141581,11,4,4030828,4300624,2020,8,2,1,3,1,5,2,1,1,0,0,0,0,0,793414,157,5826088,292
141582,11,1,1011301,1100308,2020,8,18,6,3,3,6,0,1,0,0,1,0,0,0,797341,7853,5828981,284
141583,11,1,1022206,1200628,2020,8,1,1,3,5,2,2,0,1,0,1,0,0,0,795464,8047,5827792,216
141584,11,11,11041128,11401137,2020,8,7,6,3,5,3,0,1,1,0,0,0,0,0,807010,7554,5825767,498
141585,11,1,1022106,1200522,2020,8,7,3,3,5,2,0,1,1,0,0,0,0,0,794571,7784,5828350,232
141586,11,2,2050802,2500833,2020,8,5,4,3,5,3,1,0,1,0,1,0,0,0,802674,7009,5827249,398
141587,11,5,5020524,5200528,2020,8,16,1,3,5,2,0,0,1,0,0,0,0,0,783894,7617,5826613,17
141588,11,9,9020701,9200715,2020,8,15,1,3,0,1,0,1,0,0,0,0,0,0,808649,1825,5819158,731
141589,11,9,9051702,9501737,2020,8,9,6,2,0,7,0,1,0,0,0,0,0,0,814831,165,5821208,779
141590,11,9,9041402,9401432,2020,8,7,3,3,2,6,0,1,1,0,0,0,0,0,812163,5326,5820054,622
141591,11,6,6030504,6300528,2020,8,15,4,3,3,6,0,0,1,0,1,0,0,0,788935,2145,5816154,545
141592,11,6,6010205,6100205,2020,8,17,1,2,5,2,0,1,1,0,0,0,0,0,796295,903,5819688,349
141593,11,5,5030832,5300841,2020,8,15,1,2,5,3,0,0,1,0,1,0,0,0,789490,5849,5829420,861
141594,11,2,2030302,2300315,2020,8,16,1,3,5,3,0,1,1,0,0,0,0,0,800500,4265,5826004,193
141595,11,9,9010201,9100202,2020,8,18,5,2,2,6,0,1,1,0,0,0,0,0,803301,8006,5823781,614
141596,11,3,3061430,3601450,2020,8,14,1,3,0,7,0,0,0,0,1,0,0,1,802342,9496,5829202,42
141597,11,10,10010206,10100209,2020,8,13,7,2,6,4,0,0,1,1,0,0,0,0,809968,5031,5832016,361
141598,11,12,12214424,12200309,2020,8,17,4,3,5,2,0,1,0,0,0,0,1,0,792557,759,5832823,7
141599,11,6,6030610,6300634,2020,8,16,4,3,5,3,0,1,1,0,0,0,0,0,792377,4698,5818483,189
141600,11,11,11020513,11200512,2020,8,14,1,2,5,2,0,1,1,0,0,0,0,0,804702,3382,5831221,683
141601,11,3,3040614,3400725,2020,8,18,6,3,2,3,0,1,1,0,0,0,0,0,799801,2379,5835041,925
141602,11,4,4010102,4100101,2020,8,21,1,3,0,5,1,0,1,0,1,0,0,1,791861,5135,5830685,274
141603,11,12,12231101,12400722,2020,8,11,5,3,5,3,0,0,1,0,0,0,0,0,790961,348,5838454,674
141604,11,2,2020202,2200208,2020,8,7,3,3,5,2,0,0,1,0,1,0,0,0,797584,9608,5825324,513
141605,11,7,7040401,7400721,2020,8,14,4,3,1,7,0,0,1,0,1,0,0,0,797840,403,5823862,966
141606,11,1,1011203,1100206,2020,8,13,1,3,5,3,0,1,1,0,0,0,0,0,797580,9492,5827219,18
141607,11,4,4030725,4300416,2020,8,13,1,3,5,2,0,0,1,0,1,0,0,0,791687,792,5826228,449
141608,11,2,2050802,2500833,2020,8,20,1,3,1,5,1,1,1,0,0,0,0,1,802564,8953,5827021,978
141609,11,6,6010206,6100206,2020,8,15,5,3,2,6,0,0,1,0,1,0,0,0,794474,3556,5819930,746
141610,11,9,9041601,9401635,2020,8,16,4,3,5,7,0,0,1,0,0,0,0,0,817952,9953,5816635,786
141611,11,9,9010301,9100304,2020,8,19,1,3,4,6,1,0,1,0,1,0,1,0,805068,861,5821975,611
141612,11,3,3020209,3200205,2020,8,13,7,3,5,3,0,0,1,0,0,0,0,0,797228,9612,5835844,378
141613,11,1,1033101,1300732,2020,8,17,1,3,3,6,0,0,1,0,1,0,0,0,797274,7298,5832192,413
141614,11,1,1022201,1200623,2020,8,19,1,3,5,7,1,0,1,0,1,0,0,0,795569,7324,5829432,999
141615,11,10,10030727,10300734,2020,8,6,5,3,0,6,0,0,1,0,0,0,1,0,809548,8851,5826849,3
141616,11,3,3040818,3400827,2020,8,16,4,3,5,3,0,0,1,0,0,0,0,0,799446,8518,5832469,395
141617,11,8,8010301,8100312,2020,8,18,1,2,6,4,0,0,1,1,1,0,0,0,800920,781,5824245,409
141618,11,4,4030929,4501040,2020,8,9,7,3,5,2,0,0,1,0,1,0,0,0,792311,5238,5825780,22
141619,11,1,1011402,1100416,2020,8,4,3,3,8,1,2,0,1,0,0,0,0,0,798243,4114,5829617,261
141620,11,1,1011302,1100309,2020,8,18,1,3,6,4,0,0,1,1,0,0,0,0,798233,7391,5828407,111
141621,11,5,5010209,5100211,2020,8,16,6,3,5,2,0,0,1,0,0,0,0,0,783242,82,5830286,733
141622,11,8,8030829,8300934,2020,8,13,3,3,2,6,0,0,1,0,0,0,0,0,803529,8096,5818191,413
141623,11,2,2020206,2200212,2020,8,16,1,3,2,7,0,1,1,0,0,0,0,0,799695,3629,5824637,694
141624,11,12,12304314,12500824,2020,8,9,5,2,0,6,0,0,1,0,1,0,0,0,790584,9851,5835356,15
141625,11,9,9051901,9501941,2020,8,13,3,3,5,2,0,1,1,0,0,0,0,0,812051,1788,5821271,919
141626,11,6,6010206,6100206,2020,8,23,7,3,1,5,2,1,1,0,0,0,0,0,794462,3799,5819904,491
141627,11,10,10010308,10100311,2020,8,10,1,2,0,1,0,1,0,0,0,0,0,0,807423,3691,5828642,674
141628,11,2,2050802,2500833,2020,8,23,5,3,0,5,2,1,1,0,0,0,0,0,802247,9976,5827118,618
141629,11,5,5010314,5100316,2020,8,15,4,3,2,6,0,0,1,0,0,0,0,0,784866,216,5829278,128
141630,11,5,5030832,5300841,2020,8,7,7,3,5,3,0,1,1,0,0,0,0,0,789490,6213,5829420,862
141631,11,4,4051448,4501045,2020,8,15,7,3,5,2,0,0,1,0,0,0,1,0,793473,8368,5824731,882
141632,11,9,9020701,9200715,2020,8,0,7,3,9,1,2,0,0,0,1,0,0,0,809216,894,5818602,59
141633,11,12,12103218,12100205,2020,8,14,6,2,5,2,0,0,1,0,1,0,0,0,794842,656,5833602,848
141634,11,1,1044103,1400942,2020,8,12,3,3,3,6,0,1,0,0,0,0,0,0,794509,8577,5830700,59
141635,11,2,2040502,2400521,2020,8,19,7,3,3,6,0,0,1,0,1,0,0,0,800990,9283,5828227,11
141636,11,9,9020701,9200715,2020,8,22,7,3,5,2,2,1,1,0,0,0,0,0,809401,8975,5818448,646
141637,11,7,7040403,7400823,2020,8,15,6,2,0,2,0,0,1,0,1,0,0,0,797277,1582,5821093,452
141638,11,10,10010311,10100316,2020,8,12,3,3,0,3,0,0,1,0,0,0,1,0,809957,8819,5830993,215
141639,11,4,4041343,4400834,2020,8,21,7,3,5,3,2,0,1,0,0,0,0,0,792749,316,5822300,138
141640,11,7,7030303,7300619,2020,8,21,7,2,1,5,2,1,1,0,0,0,0,0,795484,5328,5821301,684
141641,11,3,3020307,3200309,2020,8,7,5,3,5,2,0,1,0,0,0,0,0,0,800483,5553,5836402,601
141642,11,1,1011302,1100309,2020,8,11,3,3,5,2,0,1,1,0,0,0,0,0,798599,9377,5828882,401
141643,11,4,4041343,4400834,2020,8,21,7,3,6,4,2,1,1,1,0,0,0,0,792697,9388,5823101,291
141644,11,1,1022204,1200626,2020,8,19,1,3,9,1,0,0,1,0,0,0,0,0,795034,5599,5828267,32
141645,11,3,3040614,3400722,2020,8,8,4,3,1,5,0,1,1,0,0,0,0,0,798721,1911,5833722,255
141646,11,3,3061430,3601450,2020,8,16,4,2,3,6,0,0,1,0,1,0,0,0,802284,376,5829176,886
141647,11,7,7070704,7601545,2020,8,21,7,3,0,7,1,1,0,0,0,0,0,0,800234,5747,5813577,252
141648,11,3,3061131,3601142,2020,8,21,6,3,5,2,0,1,1,0,0,0,0,0,799172,6036,5830743,973
141649,11,1,1011202,1100206,2020,8,18,7,3,5,7,0,0,1,0,1,0,0,0,798237,498,5827688,963
141650,11,11,11051332,11501341,2020,8,13,6,3,5,3,0,0,1,0,0,0,0,0,806671,2213,5824226,995
141651,11,1,1022106,1200522,2020,8,12,3,3,5,2,0,1,1,0,0,0,0,0,793698,7986,5828111,783
141652,11,7,7050503,7501031,2020,8,14,4,3,2,6,0,0,1,0,0,1,1,0,799029,424,5819718,37
141653,11,3,3051022,3501038,2020,8,9,2,3,5,3,0,0,1,0,0,0,0,0,803012,461,5832020,513
141654,11,10,10040828,10400835,2020,8,3,7,3,9,1,2,0,1,0,0,0,0,0,811267,3786,5827916,69
141655,11,2,2010103,2100104,2020,8,13,7,3,5,3,0,0,1,0,1,0,0,0,798864,8767,5826205,717
141656,11,2,2050802,2500833,2020,8,18,5,3,2,6,0,1,1,0,0,0,0,0,802107,1424,5827356,16
141657,11,1,1011102,1100102,2020,8,12,3,3,0,2,0,0,1,0,1,0,0,0,796514,1089,5827612,185
141658,11,6,6040703,6400737,2020,8,13,7,2,5,2,0,1,1,0,0,0,0,0,785002,3639,5817560,456
141659,11,5,5030731,5300737,2020,8,0,7,2,5,2,2,0,1,0,1,0,0,0,788030,3514,5829386,686
141660,11,2,2030302,2300316,2020,8,18,4,3,0,3,0,1,0,1,0,0,0,0,801442,557,5826071,161
141661,11,6,6040810,6400844,2020,8,12,7,3,1,5,0,1,1,0,0,0,0,0,790496,3775,5820926,56
141662,11,3,3061228,3601245,2020,8,18,5,3,5,3,0,1,1,0,0,0,0,0,800557,9187,5831394,221
141663,11,8,8030831,8301036,2020,8,11,3,3,2,6,0,0,1,0,0,0,0,0,803980,487,5818339,87
141664,11,12,12231101,12400722,2020,8,12,7,3,2,6,0,0,1,0,0,0,0,0,791221,6137,5838476,146
141665,11,6,6030608,6300632,2020,8,9,1,3,5,2,0,1,1,0,0,0,0,0,792245,4005,5816668,741
141666,11,6,6030607,6300631,2020,8,14,4,3,1,5,0,0,1,0,0,0,0,0,791983,4697,5816415,202
141667,11,7,7040403,7400825,2020,8,11,7,3,5,2,0,1,1,0,0,0,0,0,797819,259,5821043,197
141668,11,8,8010301,8100311,2020,8,20,6,3,5,2,0,0,1,0,1,0,0,1,800661,5974,5824376,863
141669,11,2,2040503,2400522,2020,8,11,7,3,2,6,0,1,1,0,0,0,0,0,801615,534,5828341,677
141670,11,8,8010510,8100521,2020,8,8,6,3,0,7,0,0,1,0,1,0,0,0,802420,6949,5822648,697
141671,11,12,12103219,12100204,2020,8,11,3,3,5,2,0,0,1,0,0,0,0,0,795064,768,5832467,59
141672,11,3,3020209,3200205,2020,8,13,4,3,5,3,0,0,1,0,1,0,0,0,797379,145,5836331,896
141673,11,5,5010103,5100105,2020,8,21,7,3,5,3,1,0,1,0,1,0,0,0,784571,5303,5831130,677
141674,11,6,6020303,6200313,2020,8,10,7,3,1,5,0,1,1,0,0,0,0,0,795327,5786,5818001,719
141675,11,8,8010301,8100311,2020,8,17,5,3,5,3,0,1,0,0,0,0,1,0,800931,381,5824677,424
141676,11,6,6010102,6100102,2020,8,16,4,3,1,5,0,1,1,0,0,0,0,0,793549,7953,5820848,815
141677,11,12,12301205,12500928,2020,8,21,7,3,1,5,1,1,1,0,0,0,0,0,792189,6371,5837545,782
141678,11,5,5020417,5200420,2020,8,7,7,3,3,6,0,0,1,0,0,0,0,0,783467,3232,5828637,215
141679,11,6,6040805,6400839,2020,8,15,4,3,1,5,0,0,1,0,0,0,0,0,788247,6001,5817974,704
141680,11,1,1011204,1100207,2020,8,1,7,3,5,2,2,0,1,0,1,0,0,0,797983,106,5826896,54
141681,11,8,8010118,8100104,2020,8,17,6,3,5,2,0,1,1,0,0,0,0,0,800762,8485,5822754,434
141682,11,7,7040401,7400720,2020,8,20,7,3,5,2,1,0,1,0,1,0,0,0,797290,8162,5822603,428
141683,11,8,8030829,8300934,2020,8,9,7,3,5,2,0,0,1,0,0,0,0,0,803149,5063,5818433,536
141684,11,1,1011304,1100311,2020,8,1,6,3,7,1,2,1,0,0,0,0,0,1,799728,6046,5827632,152
141685,11,4,4041134,4400726,2020,8,8,7,3,6,4,0,1,0,1,0,0,0,0,790410,584,5824753,149
141686,11,1,1044102,1400939,2020,8,9,5,3,3,6,0,1,1,0,0,0,0,0,794975,2082,5831377,347
141687,11,7,7010102,7100103,2020,8,10,3,3,2,6,0,1,0,0,0,0,0,0,795974,8742,5825392,651
141688,11,9,9051901,9501939,2020,8,13,4,3,6,7,0,0,0,1,0,0,1,0,811022,1664,5821813,104
141689,11,3,3061228,3601245,2020,8,8,7,3,5,3,0,1,1,0,0,0,0,0,801157,829,5831114,836
141690,11,7,7030301,7300517,2020,8,17,1,3,5,2,0,1,1,0,0,0,0,0,793928,702,5822505,416
141691,11,1,1011303,1100310,2020,8,13,7,2,3,6,0,1,0,0,0,0,0,0,799510,329,5828838,142
141692,11,6,6030610,6300634,2020,8,16,5,3,5,3,0,0,1,0,1,0,0,0,791101,3606,5817818,503
141693,11,1,1011102,1100102,2020,8,18,7,3,5,3,0,1,1,0,0,0,0,0,795032,2565,5827214,69
141694,11,1,1033203,1300836,2020,8,11,7,3,5,3,0,1,1,0,0,0,0,0,796711,1324,5830768,776
141695,11,4,4030725,4300416,2020,8,10,3,3,0,7,0,0,1,0,0,0,0,0,791952,7031,5826084,243
141696,11,1,1022101,1200517,2020,8,17,7,3,5,2,0,1,1,0,0,0,0,0,793291,9392,5829029,887
141697,11,7,7010102,7100103,2020,8,16,6,3,5,2,0,1,1,0,0,0,0,0,795692,8683,5825441,339
141698,11,3,3040508,3400618,2020,8,10,3,3,5,3,0,1,1,0,0,0,0,0,796150,4051,5836074,245
141699,11,6,6040808,6400842,2020,8,16,7,2,5,3,0,1,1,0,0,0,0,0,789975,7448,5820177,295
141700,11,6,6020306,6200317,2020,8,8,5,3,5,3,0,0,1,0,1,0,0,0,796871,5147,5817484,549
141701,11,2,2010104,2100106,2020,8,10,3,3,5,3,0,0,1,0,0,0,0,0,799577,8996,5825656,937
141702,11,11,11010308,11100307,2020,8,16,7,2,0,7,0,0,1,0,0,0,0,0,805621,6667,5833564,432
141703,11,4,4051446,4501043,2020,8,20,1,3,2,7,1,0,1,0,0,0,0,0,792329,292,5825220,585
141704,11,4,4030725,4300416,2020,8,12,5,3,1,5,0,1,0,0,0,1,0,0,791770,559,5825955,789
141705,11,1,1011301,1100308,2020,8,16,4,2,2,6,0,0,1,0,1,0,0,0,797580,189,5828548,965
141706,11,4,4030828,4300624,2020,8,10,5,3,5,5,0,0,1,0,1,0,0,0,793261,5262,5826065,314
141707,11,1,1011203,1100206,2020,8,10,3,3,5,3,0,1,1,0,0,0,0,0,798059,2996,5827296,962
141708,11,4,4041134,4400726,2020,8,16,7,3,3,6,0,1,1,0,0,0,0,0,790447,4259,5824214,959
141709,11,12,12103117,12100101,2020,8,13,1,3,0,6,0,0,1,0,1,0,0,0,796392,4317,5832796,95
141710,11,7,7010101,7100101,2020,8,15,7,3,5,2,0,1,1,0,0,0,0,0,794772,273,5825692,836
141711,11,11,11030721,11300725,2020,8,15,5,3,0,1,0,1,0,0,0,0,0,0,805184,9071,5827864,53
141712,11,3,3020209,3200205,2020,8,15,7,3,5,3,0,0,1,0,0,0,0,0,797868,384,5836018,13
141713,11,12,12302107,12601236,2020,8,13,7,3,0,6,0,0,0,0,1,0,0,0,793826,5381,5836155,878
141714,11,7,7010104,7100205,2020,8,15,7,3,2,6,0,0,1,0,0,0,0,0,796405,2624,5824877,35