OBJECTID,LAND,BEZ,LOR,LOR_ab_2021,UJAHR,UMONAT,USTUNDE,UWOCHENTAG,UKATEGORIE,UART,UTYP1,ULICHTVERH,IstRad,IstPKW,IstFuss,IstKrad,IstGkfz,IstSonstige,USTRZUSTAND,LINREFX,LINREFY,XGCSWGS84,YGCSWGS84
141952,11,10,10010308,10100311,2020,8,20,7,3,0,7,0,1,0,0,0,0,0,0,806566,9413,5828124,233
141953,11,4,4061757,4200207,2020,8,17,5,3,2,6,0,1,1,0,0,0,0,0,789038,1726,5823756,746
141954,11,1,1022204,1200626,2020,8,12,4,3,5,3,0,0,1,0,1,0,0,1,794765,3824,5828314,24
141955,11,3,3061126,3601141,2020,8,8,3,3,5,3,0,1,0,0,0,0,1,0,798986,5369,5831812,357
141956,11,5,5010314,5100316,2020,8,13,5,3,3,6,0,0,1,0,1,0,0,0,785048,1739,5829422,674
141957,11,5,5010314,5100316,2020,8,13,2,1,5,3,0,1,1,0,0,0,0,0,784768,2125,5828813,619
141958,11,1,1033201,1300834,2020,8,20,2,3,5,3,2,1,1,0,0,0,0,0,797832,3954,5830453,633
141959,11,1,1011301,1100308,2020,8,14,4,3,5,2,0,0,1,0,1,0,0,0,796781,8689,5828820,7
141960,11,2,2040502,2400521,2020,8,9,2,2,0,2,0,1,0,0,0,0,1,0,801229,3802,5827982,867
141961,11,12,12302110,12601235,2020,8,13,1,3,5,5,0,0,1,0,0,0,0,0,794836,4015,5836300,224
141962,11,11,11030618,11300618,2020,8,12,6,3,5,2,0,1,1,0,0,0,0,0,802416,9404,5828957,586
141963,11,1,1011306,1100313,2020,8,12,3,3,5,2,0,1,1,0,0,0,0,0,799978,7042,5826931,803
141964,11,5,5020629,5200634,2020,8,19,3,3,3,2,0,0,1,0,1,0,0,1,785030,8544,5826303,537
141965,11,7,7040401,7400721,2020,8,12,3,3,2,6,0,0,1,0,0,0,0,0,797302,8054,5823155,675
141966,11,1,1011303,1100310,2020,8,15,5,3,6,4,0,1,0,1,0,0,0,0,798735,1917,5828278,9
141967,11,1,1011306,1100313,2020,8,15,3,3,5,2,0,1,1,0,0,0,0,0,799979,5426,5826934,105
141968,11,7,7030303,7300619,2020,8,20,3,3,5,2,0,0,1,0,0,0,0,1,795243,1389,5822266,4
141969,11,12,12103117,12100101,2020,8,22,3,3,5,2,2,0,1,0,0,0,0,0,795782,721,5832577,976
141970,11,1,1033201,1300834,2020,8,21,6,3,1,5,2,0,1,0,0,0,0,0,797612,1756,5830856,168
141971,11,12,12103117,12100101,2020,8,15,5,3,5,3,0,0,1,0,0,0,0,0,796236,6792,5832766,54
141972,11,9,9020502,9200511,2020,8,11,4,3,2,6,0,0,1,0,0,0,0,1,807064,851,5822542,284
141973,11,1,1044103,1400942,2020,8,19,2,3,5,7,0,1,0,0,0,0,0,0,794992,8444,5830745,686
141974,11,12,12214527,12200515,2020,8,7,4,3,6,7,0,0,1,1,0,0,0,0,790281,6517,5835032,633
141975,11,5,5020626,5200631,2020,8,11,2,1,6,4,0,0,0,1,0,0,1,0,784727,752,5827556,545
141976,11,2,2020203,2200208,2020,8,7,2,3,5,2,0,1,0,0,0,0,1,0,797833,7006,5824901,972
141977,11,1,1044201,1401045,2020,8,11,4,3,2,2,0,0,1,0,1,0,0,0,796674,3588,5831925,865
141978,11,3,3061228,3601245,2020,8,9,2,3,5,2,0,0,1,0,0,0,0,0,801119,7441,5831070,17
141979,11,8,8010301,8100312,2020,8,18,7,3,5,3,0,1,0,0,0,0,1,1,801485,9008,5823929,422
141980,11,9,9010401,9100407,2020,8,10,6,3,5,3,0,0,1,0,1,0,0,0,806287,1724,5820685,28
141981,11,1,1044201,1401045,2020,8,12,3,3,2,6,0,0,0,0,1,0,1,0,796999,3537,5831930,29
141982,11,2,2020204,2200210,2020,8,8,5,3,0,1,0,1,0,0,0,0,0,0,798680,2689,5825139,559
141983,11,7,7040403,7400823,2020,8,8,4,3,2,6,0,0,1,0,0,0,0,0,796904,934,5822263,21
141984,11,9,9010301,9100304,2020,8,13,2,3,5,2,0,0,1,0,0,0,0,0,804523,57,5821937,803
141985,11,8,8010405,8100418,2020,8,17,4,3,5,3,0,1,1,0,0,0,0,0,801646,7267,5823973,267
141986,11,2,2040703,2400625,2020,8,10,2,3,3,2,0,1,0,0,0,1,0,0,801758,4156,5826260,242
141987,11,2,2010102,2100102,2020,8,14,3,3,2,7,0,1,0,0,0,0,1,0,798133,5868,5826221,381
141988,11,10,10010102,10100103,2020,8,16,1,3,6,7,0,0,1,1,0,0,0,0,809233,1927,5833579,923
141989,11,8,8041036,8401242,2020,8,15,6,3,5,3,0,0,1,0,0,0,0,0,804452,115,5816484,954
141990,11,4,4030726,4500936,2020,8,10,4,3,5,3,0,0,1,0,0,0,0,1,792087,6961,5825285,891
141991,11,9,9010302,9100306,2020,8,14,2,3,6,7,0,1,0,1,0,0,0,0,804465,8459,5820815,45
141992,11,6,6040702,6400736,2020,8,19,4,2,0,1,0,1,0,0,0,0,0,0,787243,6093,5816409,58
141993,11,2,2050803,2500835,2020,8,9,2,3,5,2,0,0,1,0,1,0,0,0,802295,4069,5826306,723
141994,11,10,10010308,10100311,2020,8,13,3,3,0,3,0,0,0,0,0,0,1,0,807497,3915,5829157,886
141995,11,1,1044103,1400942,2020,8,7,2,3,3,6,0,1,1,0,0,0,0,0,795499,6189,5830758,637
141996,11,4,4010102,4100101,2020,8,19,6,3,5,2,0,1,1,0,0,0,0,0,793340,975,5829718,481
141997,11,1,1011303,1100310,2020,8,8,4,3,1,5,0,0,1,0,1,0,0,0,799133,2007,5828549,78
141998,11,6,6030608,6300632,2020,8,17,7,3,0,3,0,0,1,0,1,0,0,0,791931,2085,5817211,884
141999,11,11,11041128,11401136,2020,8,8,5,3,0,1,0,0,0,0,1,0,0,0,805527,6448,5825994,281
142000,11,4,4041343,4400834,2020,8,18,4,3,1,5,0,1,1,0,0,0,0,1,792640,4026,5823027,448
142001,11,4,4051653,4501152,2020,8,18,3,3,5,3,0,1,1,0,0,0,0,0,794045,2478,5824716,824
142002,11,1,1033202,1300835,2020,8,10,3,3,0,1,0,0,0,0,1,0,0,1,797866,5959,5829855,55
142003,11,3,3030405,3300411,2020,8,12,5,3,1,5,0,1,1,0,0,0,0,0,804286,4465,5838615,851
142004,11,12,12302107,12601236,2020,8,15,4,3,5,3,0,0,1,0,0,0,0,1,793842,7753,5836157,752
142005,11,11,11020514,11200513,2020,8,13,2,3,6,4,0,1,0,1,0,0,0,0,803777,7743,5830345,512
142006,11,1,1011105,1100102,2020,8,16,4,2,2,6,0,0,1,0,1,0,0,0,796281,9935,5826773,458
142007,11,2,2040502,2400521,2020,8,22,2,2,0,1,2,1,0,0,0,0,0,0,800852,1108,5828500,36
142008,11,7,7040403,7400823,2020,8,19,3,3,5,2,2,0,0,0,1,0,1,1,797355,8207,5821921,346
142009,11,1,1011103,1100103,2020,8,11,1,3,5,3,0,0,1,0,0,0,1,0,795180,6404,5825889,821
142010,11,12,12231102,12400720,2020,8,13,6,3,5,3,0,1,1,0,0,0,0,0,789633,6795,5840165,344
142011,11,9,9031101,9301126,2020,8,13,4,3,5,3,0,0,1,0,0,0,0,1,811387,5778,5817433,274
142012,11,1,1044101,1400937,2020,8,8,3,3,0,6,0,1,0,0,0,0,0,0,794132,9761,5831115,251
142013,11,4,4010102,4100101,2020,8,9,3,3,5,2,0,0,1,0,0,0,0,1,792422,8113,5830321,69
142014,11,1,1011301,1100308,2020,8,21,7,3,1,5,2,1,1,0,0,0,0,0,796489,7901,5829268,101
142015,11,4,4051445,4500939,2020,8,17,5,3,0,3,0,0,1,0,1,0,0,0,791989,2037,5824744,757
142016,11,1,1033101,1300732,2020,8,13,4,3,2,6,0,0,1,0,0,0,0,1,797491,4364,5832654,272
142017,11,2,2050601,2500726,2020,8,4,3,3,0,7,2,1,0,0,0,0,0,0,801889,324,5828995,177
142018,11,9,9020501,9200510,2020,8,14,4,3,5,2,0,1,1,0,0,0,0,1,806495,3764,5822093,356
142019,11,10,10040933,10400941,2020,8,7,4,3,5,3,0,1,1,0,0,0,0,0,813364,349,5824972,295
142020,11,1,1022203,1200625,2020,8,10,3,3,5,7,0,0,1,0,0,0,1,1,794722,6511,5828443,332
142021,11,11,11020514,11200513,2020,8,9,7,2,6,2,0,0,1,1,0,0,0,1,804370,9937,5830843,563
142022,11,4,4031032,4500937,2020,8,19,5,3,5,2,0,1,1,0,0,0,0,0,790963,1023,5824811,796
142023,11,8,8010118,8100104,2020,8,17,4,3,3,6,0,0,1,0,0,0,1,1,800780,3007,5822709,819
142024,11,3,3061131,3601142,2020,8,16,3,3,5,3,0,1,0,0,0,0,0,0,798622,993,5830284,361
142025,11,3,3040512,3400619,2020,8,9,2,3,0,1,0,0,0,0,1,0,0,0,796632,1379,5835794,326
142026,11,12,12214527,12200515,2020,8,9,5,3,6,2,0,0,0,1,0,0,1,0,790113,5323,5835289,864
142027,11,9,9010301,9100305,2020,8,20,2,2,5,2,0,1,1,0,0,0,0,0,804919,5786,5822560,403
142028,11,2,2010103,2100104,2020,8,7,2,3,5,7,0,1,0,0,1,0,0,0,799352,1739,5826347,721
142029,11,5,5010314,5100316,2020,8,15,4,2,4,7,0,0,1,0,0,0,0,0,784181,8194,5828967,643
142030,11,1,1033102,1300733,2020,8,20,2,3,5,3,0,1,1,0,0,0,0,0,797140,7804,5831820,871
142031,11,2,2030302,2300316,2020,8,3,1,3,0,1,2,1,0,0,0,0,0,0,801444,8121,5826053,151
142032,11,8,8040933,8401139,2020,8,7,6,3,3,6,2,1,1,0,0,0,0,0,803658,2115,5818666,804
142033,11,9,9020801,9200818,2020,8,6,4,3,2,6,0,0,1,0,0,0,0,1,809763,6924,5820699,74
142034,11,2,2040703,2400623,2020,8,21,3,3,3,6,1,0,1,0,1,0,0,1,800905,394,5826861,271
142035,11,9,9010401,9100407,2020,8,15,3,3,5,3,0,1,0,0,0,0,1,0,806287,5686,5820688,9
142036,11,11,11010103,11100102,2020,8,10,3,2,5,3,0,0,1,0,1,0,0,1,807893,7223,5833927,948
142037,11,2,2030302,2300315,2020,8,15,6,2,6,7,0,1,0,1,0,0,0,0,800565,4961,5825807,871
142038,11,3,3020209,3200205,2020,8,16,5,2,0,1,0,1,0,0,0,0,0,0,797209,3606,5835569,146
142039,11,1,1033202,1300835,2020,8,12,4,3,0,1,0,0,1,0,1,0,0,1,797857,9978,5829844,908
142040,11,3,3050925,3500936,2020,8,7,3,3,6,4,0,0,0,1,0,0,1,0,802224,7917,5831552,254
142041,11,4,4031032,4500937,2020,8,12,5,3,5,2,0,1,1,0,0,0,1,0,790954,8291,5824832,261
142042,11,3,3040513,3400620,2020,8,19,2,3,5,3,0,1,1,0,0,0,0,0,797582,5342,5834108,96
142043,11,1,1033102,1300733,2020,8,9,2,3,5,3,0,1,0,0,0,0,1,0,797182,8116,5831917,668
142044,11,8,8010118,8100104,2020,8,13,4,3,2,7,0,0,1,0,0,0,1,0,800846,5755,5822361,523
142045,11,4,4020205,4200203,2020,8,14,5,3,2,3,0,1,1,0,0,0,0,0,787516,4634,5827572,109
142046,11,2,2010101,2100101,2020,8,18,2,3,2,6,0,1,0,0,0,0,0,0,797821,831,5825881,719
142047,11,2,2010104,2100106,2020,8,11,2,3,5,3,0,0,1,0,1,0,0,0,799578,1164,5825656,975
142048,11,12,12103219,12100204,2020,8,15,4,3,2,6,0,0,1,0,0,0,0,0,795739,798,5832722,988
142049,11,10,10040932,10400939,2020,8,18,2,2,5,3,0,0,1,0,0,0,0,0,813016,1369,5827637,685
142050,11,10,10010311,10100316,2020,8,15,1,3,5,3,0,0,1,0,0,0,0,0,809990,4207,5831264,564
142051,11,5,5010103,5100105,2020,8,5,6,3,5,3,0,0,1,0,0,0,1,0,784452,1002,5831831,931
142052,11,1,1044201,1401045,2020,8,15,3,3,5,2,0,1,1,0,0,0,0,0,796875,2685,5831904,783
142053,11,6,6030608,6300632,2020,8,20,3,2,5,2,0,1,1,0,0,0,0,1,791643,5643,5817287,739
142054,11,1,1044202,1401046,2020,8,13,3,3,0,3,0,1,0,0,1,0,0,0,794632,2846,5829875,933
142055,11,5,5020625,5200629,2020,8,9,3,3,5,2,0,0,0,0,0,1,1,1,784452,915,5828671,699
142056,11,2,2030301,2300314,2020,8,20,6,3,1,5,0,1,1,0,0,0,0,0,799855,7344,5825832,987
142057,11,4,4051447,4501045,2020,8,15,5,3,5,2,0,1,1,0,0,0,0,0,793453,5954,5824717,406
142058,11,9,9020802,9200819,2020,8,10,4,3,4,6,0,0,1,0,0,0,0,1,810289,4663,5819721,372
142059,11,4,4041134,4400726,2020,8,16,2,3,5,3,0,1,1,0,0,0,0,0,790975,4463,5823877,832
142060,11,1,1011402,1100416,2020,8,20,4,3,4,6,1,1,0,0,0,0,1,0,798145,869,5829869,18
142061,11,3,3061430,3601450,2020,8,15,2,2,5,2,0,1,1,0,0,0,0,0,802416,5128,5829233,442
142062,11,1,1044202,1401046,2020,8,14,3,3,6,4,0,0,1,1,0,0,0,0,795229,6038,5830176,246
142063,11,4,4041241,4400832,2020,8,18,2,3,6,7,0,1,0,1,0,0,0,0,791710,3598,5822435,525
142064,11,2,2010102,2100102,2020,8,9,4,3,1,5,0,1,1,0,0,0,0,0,797976,207,5826112,49
142065,11,11,11010205,11100204,2020,8,17,2,2,6,4,0,0,1,1,0,0,0,0,806352,547,5833670,454
142066,11,4,4051655,4501153,2020,8,18,7,3,5,2,0,0,1,0,0,0,0,1,794010,352,5823930,807
142067,11,5,5010313,5100315,2020,8,19,5,2,9,1,0,0,0,0,1,0,0,0,784401,8525,5829935,697
142068,11,9,9010301,9100305,2020,8,21,4,3,5,2,2,0,1,0,0,0,0,1,805018,7303,5822706,771
142069,11,11,11040926,11400930,2020,8,11,3,3,2,6,0,0,1,0,1,0,0,0,806130,6958,5826695,518
142070,11,4,4041137,4400727,2020,8,17,2,3,5,2,0,0,1,0,1,0,0,0,791505,706,5824387,174
142071,11,9,9010302,9100306,2020,8,16,7,2,0,3,0,0,1,0,0,0,1,0,804938,596,5820712,51
142072,11,2,2050803,2500835,2020,8,12,6,3,0,1,0,0,0,0,1,0,0,0,803138,1541,5826336,119
142073,11,2,2030301,2300314,2020,8,9,3,3,0,5,0,1,1,0,0,0,0,1,800007,759,5826251,58
142074,11,11,11040925,11400927,2020,8,20,3,3,5,2,1,1,1,0,0,0,0,1,803712,3109,5826290,498
142075,11,12,12103218,12100205,2020,8,14,5,2,6,4,0,0,1,1,0,0,0,0,794649,9395,5833017,303
142076,11,8,8010303,8100314,2020,8,9,4,3,6,7,0,0,0,1,0,0,1,1,801149,3418,5823780,722
142077,11,4,4051445,4500939,2020,8,15,2,3,5,3,0,0,1,0,1,0,0,0,792226,6313,5824621,99
142078,11,1,1011203,1100206,2020,8,17,4,3,3,6,0,1,0,0,0,0,1,0,797771,9066,5827377,796
142079,11,11,11030619,11300620,2020,8,17,2,3,5,2,0,1,0,0,0,0,1,0,804143,6974,5829830,759
142080,11,7,7010101,7100101,2020,8,13,3,3,2,6,0,1,0,0,0,0,0,0,794975,6587,5824931,314
142081,11,8,8041035,8401241,2020,8,7,2,3,5,3,0,0,1,0,0,0,0,0,804418,595,5819047,251
142082,11,11,11051330,11501339,2020,8,18,6,3,5,3,0,1,1,0,0,0,0,0,807014,6389,5824836,35
142083,11,6,6030503,6300527,2020,8,8,4,2,5,2,0,1,1,0,0,0,0,0,789850,1555,5817834,798
142084,11,7,7040405,7400927,2020,8,9,3,3,5,3,0,0,1,0,0,0,0,1,799073,421,5821704,714
142085,11,8,8030830,8300935,2020,8,14,7,3,2,6,0,0,1,0,0,0,0,0,802832,2963,5817481,548
142086,11,9,9020801,9200818,2020,8,19,5,3,5,3,0,1,1,0,0,0,0,0,810487,9937,5820331,81
142087,11,1,1022202,1200624,2020,8,18,4,3,0,6,0,0,1,0,0,0,1,1,795681,8365,5829753,535
142088,11,10,10040830,10400837,2020,8,17,3,3,5,3,0,0,1,0,1,0,0,0,810910,5166,5826689,168
142089,11,4,4051652,4501149,2020,8,9,3,3,0,5,0,1,1,0,0,0,0,1,793442,2486,5824124,272
142090,11,11,11040926,11400931,2020,8,10,5,3,5,7,0,0,1,0,0,0,1,0,806684,1623,5826912,94
142091,11,4,4030620,4300619,2020,8,15,4,3,5,2,0,1,1,0,0,0,0,1,792281,652,5827244,921
142092,11,2,2010101,2100101,2020,8,13,2,3,8,1,0,0,1,0,0,0,0,0,797625,4958,5826402,586
142093,11,8,8040933,8401139,2020,8,15,4,3,5,3,0,0,1,0,0,0,0,0,803567,9017,5818641,963
142094,11,1,1011202,1100206,2020,8,5,5,2,5,2,0,0,0,0,1,0,1,0,797651,904,5828114,823
142095,11,7,7070704,7601545,2020,8,16,4,3,0,7,0,1,0,0,0,0,1,1,800702,4172,5814149,511
142096,11,10,10010207,10100210,2020,8,7,2,3,0,5,0,1,1,0,0,0,0,0,808699,4641,5831521,905
142097,11,4,4041344,4400835,2020,8,17,4,2,5,2,0,0,1,0,1,0,1,0,792888,6737,5821912,553
142098,11,11,11010103,11100102,2020,8,17,2,3,4,6,0,0,1,0,0,0,0,0,807918,521,5833919,755
142099,11,8,8041035,8401241,2020,8,13,3,3,5,3,0,0,1,0,0,0,0,0,804753,8237,5818467,768
142100,11,1,1011401,1100415,2020,8,16,1,2,0,1,0,0,0,0,1,0,0,0,797269,9033,5829093,641
142101,11,2,2030302,2300316,2020,8,15,6,3,0,7,0,0,0,0,1,0,0,0,800910,4625,5826350,422
142102,11,1,1011401,1100415,2020,8,14,4,3,5,3,0,1,0,0,0,0,1,1,798322,2235,5829380,341
142103,11,8,8041035,8401241,2020,8,7,4,3,5,3,0,1,1,0,0,0,0,0,804095,7259,5819272,427
142104,11,5,5020626,5200631,2020,8,8,7,3,5,2,0,0,1,0,1,0,0,1,784737,5221,5827493,183
142105,11,1,1022204,1200626,2020,8,18,5,2,6,4,0,1,0,1,0,0,0,0,794741,3963,5828317,449
142106,11,8,8010211,8100206,2020,8,17,4,3,0,7,0,0,0,1,0,0,1,1,801056,354,5823701,147
142107,11,1,1011204,1100207,2020,8,6,3,2,8,1,0,0,1,0,0,0,0,0,798620,869,5826979,524
142108,11,1,1011204,1100207,2020,8,16,2,3,5,2,0,0,1,0,1,0,0,0,798388,4714,5827180,841
142109,11,7,7010104,7100206,2020,8,9,5,3,0,5,0,0,0,0,1,0,1,0,796756,758,5824802,87
142110,11,1,1033102,1300733,2020,8,16,2,3,2,6,0,0,1,0,1,0,0,0,797195,501,5831916,769
142111,11,12,12214125,12200412,2020,8,11,2,3,0,2,0,0,0,0,0,1,1,0,791168,431,5834028,958
142112,11,1,1011204,1100207,2020,8,15,4,3,0,2,0,1,1,0,0,0,0,0,798619,3457,5826919,159
142113,11,2,2040503,2400522,2020,8,16,2,3,0,1,0,0,1,0,1,0,0,0,801741,3548,5827901,995
142114,11,11,11051332,11501341,2020,8,12,1,3,5,3,0,1,0,0,0,0,0,0,807113,439,5823679,572
142115,11,10,10010308,10100311,2020,8,7,6,3,4,6,0,1,0,0,0,0,0,0,806511,8311,5829272,191
142116,11,6,6030504,6300528,2020,8,16,4,2,3,6,0,1,0,0,0,0,0,1,789924,5044,5816390,79
142117,11,8,8010214,8100209,2020,8,20,3,3,1,5,1,0,1,0,1,0,0,1,801641,5508,5822205,199
142118,11,5,5040934,5400942,2020,8,14,3,3,2,6,0,0,1,0,1,0,0,0,783885,3953,5822793,381
142119,11,2,2040701,2400521,2020,8,8,3,3,5,2,0,1,1,0,0,0,0,0,800718,758,5827873,806
142120,11,3,3030711,3300514,2020,8,8,6,3,0,2,0,1,1,0,0,0,0,0,800859,7738,5836035,662
142121,11,3,3071536,3701554,2020,8,16,5,3,5,2,0,1,1,0,0,0,0,0,799003,3261,5830076,88
142122,11,4,4020208,4200206,2020,8,15,2,3,1,5,0,0,1,0,1,0,0,0,788855,3061,5826000,98
142123,11,3,3040614,3400721,2020,8,11,1,3,2,2,0,0,1,0,0,0,0,0,797877,9869,5833068,338
142124,11,8,8020620,8200624,2020,8,9,6,3,6,4,0,0,1,1,0,0,0,0,801112,4968,5821519,468
142125,11,2,2040703,2500834,2020,8,13,4,3,6,4,0,1,0,1,0,0,0,1,801947,4102,5826800,343
142126,11,1,1011101,1100101,2020,8,16,3,3,6,7,0,1,0,1,0,0,0,1,794599,8452,5826086,352
142127,11,9,9051801,9501838,2020,8,15,3,3,5,3,0,1,1,0,0,0,0,0,820195,3148,5819623,495
142128,11,6,6020411,6200423,2020,8,20,7,3,1,5,0,1,1,0,0,0,0,1,793741,9227,5815705,194
142129,11,8,8020622,8200726,2020,8,14,5,3,0,7,0,0,0,0,1,0,0,1,801261,982,5819678,316
142130,11,4,4030827,4300623,2020,8,13,4,3,2,6,0,0,1,0,0,0,0,1,792457,3859,5826102,785
142131,11,7,7040406,7400928,2020,8,9,3,3,5,2,0,1,1,0,0,0,0,0,800302,4465,5821982,72
142132,11,8,8041035,8401241,2020,8,13,5,3,2,6,0,0,1,0,0,0,0,0,803990,607,5819113,389
142133,11,9,9051801,9501838,2020,8,15,2,3,0,3,0,0,1,0,1,0,0,0,818282,7933,5820684,974
142134,11,4,4030725,4300416,2020,8,20,2,3,5,2,2,1,1,0,0,0,0,0,791990,9182,5825974,98
142135,11,7,7010102,7100102,2020,8,14,4,3,0,4,0,0,0,1,0,0,1,0,795262,3161,5825276,254
142136,11,9,9030901,9300920,2020,8,15,2,3,5,3,0,1,1,0,0,0,0,0,807728,2238,5817906,894
142137,11,11,11010207,11100206,2020,8,13,1,2,6,4,0,0,1,1,0,0,0,0,805146,4349,5834428,985
142138,11,8,8010404,8100417,2020,8,12,6,3,5,2,0,1,1,0,0,0,0,0,802575,4395,5823075,612
142139,11,1,1011402,1100416,2020,8,17,3,3,1,1,0,1,1,0,0,0,0,0,798527,3567,5829148,968
142140,11,5,5020522,5200526,2020,8,19,3,3,0,6,0,0,0,0,0,1,1,1,781832,1507,5827188,108
142141,11,9,9010101,9100101,2020,8,20,3,3,0,3,2,1,1,0,0,0,0,1,802632,6974,5824457,519
142142,11,6,6010204,6100204,2020,8,15,5,3,6,6,0,0,1,1,0,0,0,0,795189,3255,5820159,3
142143,11,8,8010214,8100209,2020,8,10,4,3,5,3,0,1,1,0,0,0,0,1,801716,7173,5822139,85
142144,11,1,1011204,1100207,2020,8,15,2,3,5,3,0,0,0,0,1,0,1,0,797864,2837,5826764,37
142145,11,2,2040702,2400624,2020,8,19,4,3,2,6,0,1,1,0,0,0,0,0,801846,8964,5827409,648
142146,11,8,8010115,8100102,2020,8,15,2,3,5,7,0,0,1,0,0,0,0,0,799269,3113,5823820,865
142147,11,7,7040402,7400822,2020,8,11,4,3,8,1,0,0,1,0,0,0,0,1,796817,5237,5821004,775
142148,11,10,10040931,10400938,2020,8,7,3,3,5,3,0,0,1,0,0,0,0,0,813402,2652,5828578,764
142149,11,5,5010314,5100316,2020,8,8,5,1,6,4,0,0,1,1,0,0,0,0,785147,2166,5829364,306
142150,11,1,1011203,1100206,2020,8,14,2,3,5,3,0,0,1,0,1,0,0,0,797947,6614,5827078,389
142151,11,11,11030618,11300617,2020,8,8,2,3,1,5,0,1,1,0,0,0,0,0,802850,7205,5829223,64
142152,11,4,4020311,4200310,2020,8,13,4,3,5,7,0,0,1,0,0,0,1,0,789552,4568,5826581,885
142153,11,8,8020621,8200725,2020,8,14,2,3,5,3,0,0,1,0,0,0,0,0,800351,237,5819247,857
142154,11,1,1011306,1100313,2020,8,19,7,3,5,2,0,1,1,0,0,0,0,0,799981,4599,5826939,37
142155,11,1,1011302,1100309,2020,8,10,6,3,6,4,0,1,0,1,0,0,0,0,798557,4094,5828955,19
142156,11,2,2050803,2500835,2020,8,10,3,3,5,2,0,0,1,0,1,0,0,1,803119,704,5826173,545
142157,11,12,12231101,12400723,2020,8,12,3,2,6,7,0,1,0,1,0,0,0,0,792536,563,5838099,37
142158,11,3,3071536,3701554,2020,8,8,3,3,1,5,0,1,1,0,0,0,0,0,798940,3868,5829963,831
142159,11,10,10010207,10100210,2020,8,0,5,2,0,6,2,0,1,0,0,0,1,0,809050,8877,5831744,96
142160,11,5,5020521,5200524,2020,8,8,4,3,5,3,0,0,1,0,0,0,0,0,780787,8784,5827485,992
142161,11,3,3040818,3400830,2020,8,14,2,3,5,2,0,0,1,0,0,0,0,0,800021,2224,5833422,378
142162,11,11,11041128,11401137,2020,8,18,4,3,1,5,0,1,1,0,0,0,0,0,806780,8049,5825680,645
142163,11,6,6040701,6400735,2020,8,8,2,3,6,7,0,1,0,1,0,0,0,0,782959,4938,5815961,5
142164,11,4,4020311,4200310,2020,8,13,3,3,2,6,0,0,1,0,0,1,0,0,789978,7617,5826211,621
142165,11,4,4051655,4501153,2020,8,13,1,3,6,4,0,0,1,1,0,0,0,0,794194,5806,5823299,259
142166,11,7,7050501,7501029,2020,8,13,6,2,5,3,0,1,1,0,0,0,0,0,797464,5125,5820309,898
142167,11,4,4051653,4501152,2020,8,8,4,3,2,6,0,0,1,0,0,0,0,0,793971,4795,5824763,82
142168,11,2,2050801,2500831,2020,8,13,7,3,1,5,0,1,1,0,0,0,0,1,803089,4908,5827070,865
142169,11,1,1033202,1300835,2020,8,19,5,2,5,2,0,1,0,0,0,0,1,0,797763,3542,5829744,547
142170,11,4,4031032,4500938,2020,8,13,3,3,1,5,0,1,1,0,0,0,0,0,791579,7398,5824953,318
142171,11,5,5010311,5100313,2020,8,16,2,3,5,2,0,0,0,0,1,0,0,1,785395,2678,5830309,683
142172,11,5,5010314,5100316,2020,8,19,6,3,0,3,0,1,1,0,0,0,0,0,784664,5474,5828832,959
142173,11,1,1044203,1401049,2020,8,9,4,3,5,2,0,1,1,0,0,0,0,0,795901,4223,5831965,393
142174,11,8,8010303,8100314,2020,8,16,7,3,0,1,0,1,0,0,0,0,0,0,800340,7004,5824370,922
142175,11,8,8010404,8100415,2020,8,13,5,3,1,5,0,0,1,0,0,0,1,0,801598,9598,5823778,305
142176,11,2,2040701,2400521,2020,8,18,4,3,5,2,0,1,1,0,0,0,0,1,800718,341,5827873,451
142177,11,4,4030931,4501042,2020,8,17,3,3,2,6,0,0,1,0,1,0,0,0,793894,5762,5825876,345
142178,11,5,5010339,5100317,2020,8,12,5,2,3,6,0,0,1,0,0,1,1,0,786901,9018,5828191,38
142179,11,9,9010402,9100409,2020,8,16,4,3,2,6,0,0,1,0,0,0,1,1,805900,8372,5819000,172
142180,11,2,2040703,2400625,2020,8,13,2,2,5,7,0,1,1,0,0,0,0,0,801379,281,5827330,105
142181,11,8,8030831,8301036,2020,8,16,4,3,5,3,0,1,0,0,1,0,0,0,803726,9247,5818020,182
142182,11,1,1044203,1401048,2020,8,11,2,3,5,2,0,1,0,0,0,0,1,0,795436,1307,5831605,226
142183,11,8,8020625,8200730,2020,8,12,3,2,1,5,0,1,1,0,0,0,0,1,801593,1752,5817570,11
142184,11,12,12103218,12100205,2020,8,16,1,3,6,4,0,0,1,1,0,0,0,0,793349,2432,5832695,884
142185,11,3,3050919,3500932,2020,8,14,6,3,5,2,0,1,1,0,0,0,0,0,802060,9939,5832765,662
142186,11,11,11030721,11300722,2020,8,13,4,3,5,2,0,1,1,0,0,0,0,1,804296,7046,5828423,976
142187,11,12,12214422,12200310,2020,8,13,3,3,5,2,0,1,1,0,0,0,0,0,792082,3606,5832942,522