OBJECTID,LAND,BEZ,LOR,LOR_ab_2021,UJAHR,UMONAT,USTUNDE,UWOCHENTAG,UKATEGORIE,UART,UTYP1,ULICHTVERH,IstRad,IstPKW,IstFuss,IstKrad,IstGkfz,IstSonstige,USTRZUSTAND,LINREFX,LINREFY,XGCSWGS84,YGCSWGS84
142188,11,4,4030417,4300414,2020,8,1,7,3,0,1,2,0,0,0,0,0,1,0,791183,1083,5826514,456
142189,11,7,7020203,7200409,2020,8,17,5,3,2,6,0,1,1,0,0,0,0,0,795877,7252,5824525,385
142190,11,9,9020701,9200715,2020,8,11,4,3,5,3,0,0,1,0,0,0,0,1,807669,1305,5819375,53
142191,11,3,3040614,3400722,2020,8,7,3,3,5,3,0,1,1,0,0,0,0,0,798625,6157,5834002,492
142192,11,2,2020201,2200207,2020,8,8,5,3,5,3,0,1,0,0,0,0,1,0,796853,912,5825717,16
142193,11,2,2020206,2200213,2020,8,8,2,3,3,6,0,0,0,0,0,0,1,0,800271,1829,5824577,245
142194,11,8,8020727,8200832,2020,8,22,2,3,5,3,2,0,1,0,1,0,0,0,801703,2556,5817218,486
142195,11,2,2040703,2400625,2020,8,17,4,3,5,2,0,1,1,0,0,0,0,1,801760,37,5826241,668
142196,11,10,10040933,10400940,2020,8,17,3,3,5,3,0,0,1,0,0,0,0,0,812130,5631,5824744,805
142197,11,7,7070702,7601443,2020,8,7,2,3,2,2,0,0,1,0,0,0,0,0,800327,1721,5815547,961
142198,11,4,4030827,4300623,2020,8,10,5,3,5,2,0,0,1,0,0,0,0,0,792729,4009,5826183,104
142199,11,11,11020515,11200514,2020,8,7,2,3,2,2,0,0,1,0,0,0,0,0,803348,9645,5830085,903
142200,11,1,1033203,1300836,2020,8,14,4,3,1,5,0,0,1,0,1,0,0,1,796441,4429,5830319,251
142201,11,8,8010118,8100105,2020,8,12,2,3,6,4,0,0,1,1,0,0,0,0,801020,1874,5822121,922
142202,11,5,5020627,5200632,2020,8,15,4,3,0,7,0,0,0,0,0,1,0,0,785175,286,5828306,75
142203,11,3,3051022,3501038,2020,8,5,2,3,2,6,1,0,1,0,0,1,0,0,802854,553,5832031,37
142204,11,12,12301205,12500928,2020,8,6,1,3,1,1,0,0,1,0,0,0,0,0,792585,9329,5837160,316
142205,11,1,1011306,1100313,2020,8,8,6,3,5,5,0,0,1,0,1,0,0,0,800379,3501,5826748,4
142206,11,6,6040701,6400735,2020,8,7,4,3,1,5,0,1,1,0,0,0,0,0,784459,7181,5816436,354
142207,11,7,7010104,7100205,2020,8,21,3,2,6,4,1,0,1,1,0,0,0,1,796057,9691,5825341,554
142208,11,1,1044203,1401048,2020,8,15,3,3,5,3,0,0,1,0,0,0,1,0,795600,6921,5830982,36
142209,11,9,9010201,9100202,2020,8,19,7,3,0,1,0,1,1,0,0,0,0,1,802659,44,5824418,436
142210,11,6,6030610,6300634,2020,8,20,5,2,5,2,0,1,1,0,0,0,0,0,792938,3686,5817767,351
142211,11,12,12302110,12601235,2020,8,12,4,3,5,3,0,0,1,0,0,0,1,1,795726,578,5836431,263
142212,11,4,4041238,4400830,2020,8,7,3,3,6,4,0,0,1,1,0,0,0,0,791677,1674,5823522,634
142213,11,6,6030608,6300632,2020,8,13,5,3,1,5,0,0,1,0,0,1,0,0,791036,6499,5817718,865
142214,11,7,7020203,7200410,2020,8,0,2,3,5,3,2,0,1,0,0,0,0,0,795618,9049,5823726,175
142215,11,7,7010102,7100103,2020,8,19,2,3,0,1,0,1,1,0,0,0,0,0,795628,831,5825458,625
142216,11,2,2050802,2500834,2020,8,12,4,3,0,1,0,1,0,0,0,0,0,0,802016,1414,5826918,386
142217,11,11,11030618,11300617,2020,8,13,2,3,3,6,0,0,1,0,1,0,0,0,803080,2733,5829509,88
142218,11,7,7050505,7501134,2020,8,10,7,2,3,6,0,0,0,0,0,0,1,1,798535,6661,5819053,337
142219,11,1,1044201,1401044,2020,8,11,6,3,5,3,0,1,1,0,0,0,0,0,796390,6699,5831047,948
142220,11,2,2020205,2200211,2020,8,13,3,3,6,4,0,1,0,1,0,0,0,0,797974,9612,5824569,193
142221,11,5,5030832,5300838,2020,8,15,4,3,2,6,0,0,1,0,1,0,0,0,788025,5508,5830877,384
142222,11,10,10010308,10100311,2020,8,12,2,3,5,3,0,0,1,0,1,0,0,0,807422,8013,5828908,175
142223,11,2,2030302,2300315,2020,8,15,1,3,6,7,0,1,0,1,0,0,0,0,800518,941,5825801,115
142224,11,1,1044202,1401046,2020,8,6,6,3,2,3,0,1,0,0,0,0,0,0,795013,4754,5829926,179
142225,11,1,1011302,1100309,2020,8,12,3,3,0,1,0,1,0,0,0,0,0,0,798645,2673,5828480,101
142226,11,12,12214125,12200412,2020,8,20,3,3,1,5,1,0,1,0,0,0,0,1,789682,4309,5833146,351
142227,11,7,7060603,7601238,2020,8,13,3,3,2,6,0,0,1,0,0,0,0,0,798592,4067,5815975,647
142228,11,12,12302108,12601134,2020,8,20,6,3,1,5,2,0,1,0,0,0,0,0,794598,997,5837102,953
142229,11,12,12214423,12200308,2020,8,16,5,3,6,7,0,0,1,1,0,0,0,0,792481,7329,5833986,379
142230,11,1,1011304,1100311,2020,8,10,4,3,2,6,0,0,1,0,0,0,0,1,800121,8137,5827360,348
142231,11,1,1011105,1100102,2020,8,9,2,3,1,5,0,1,1,0,0,0,0,0,796871,3898,5826454,275
142232,11,6,6010102,6100102,2020,8,20,4,2,5,3,0,1,1,0,0,0,0,0,793632,2618,5820606,645
142233,11,4,4051654,4501150,2020,8,12,2,3,0,4,0,0,1,1,0,0,0,0,793391,2989,5823925,375
142234,11,9,9020501,9200510,2020,8,18,2,3,2,6,0,0,1,0,0,0,0,0,805701,9898,5824075,687
142235,11,5,5010314,5100316,2020,8,9,4,3,5,2,0,0,1,0,0,0,0,0,784844,4029,5829239,316
142236,11,11,11041128,11401136,2020,8,11,2,3,5,2,0,1,1,0,0,0,0,0,806067,9979,5825800,327
142237,11,11,11030619,11300620,2020,8,18,7,3,5,2,0,1,1,0,0,0,0,1,804143,8597,5829829,688
142238,11,9,9020702,9200717,2020,8,10,6,3,2,6,0,0,1,0,0,0,0,0,809810,579,5819167,538
142239,11,1,1011302,1100309,2020,8,18,3,3,3,6,0,1,0,0,1,0,0,0,798359,4889,5828351,573
142240,11,12,12231102,12400721,2020,8,8,5,3,5,3,0,1,1,0,0,0,0,0,790582,6722,5840578,209
142241,11,12,12301203,12500930,2020,8,7,4,3,5,3,0,1,1,0,0,0,0,1,793575,1179,5834653,738
142242,11,2,2040701,2400623,2020,8,17,2,3,5,2,0,1,1,0,0,0,0,1,801149,5544,5827308,871
142243,11,12,12304314,12500824,2020,8,20,3,3,0,1,1,1,0,0,0,0,0,1,791247,704,5836415,154
142244,11,3,3061126,3601141,2020,8,15,5,3,5,2,0,1,1,0,0,0,0,0,798974,7439,5831466,456
142245,11,4,4051655,4501153,2020,8,9,4,3,5,2,0,1,1,0,0,0,0,1,794044,1842,5823929,828
142246,11,4,4030931,4501042,2020,8,15,2,3,6,7,0,0,1,1,0,0,0,0,793961,7879,5826169,225
142247,11,2,2010102,2100102,2020,8,18,4,3,3,6,0,0,1,0,1,0,0,0,798328,4196,5825556,14
142248,11,1,1033102,1300733,2020,8,11,2,2,5,2,0,1,1,0,0,0,0,0,797662,7642,5831882,283
142249,11,1,1011303,1100310,2020,8,12,3,2,5,2,0,1,0,0,0,1,0,0,799508,3239,5828833,768
142250,11,11,11040926,11400928,2020,8,9,2,3,0,7,0,0,0,0,1,0,0,0,804323,632,5826358,84
142251,11,4,4051448,4501045,2020,8,19,6,2,5,5,0,1,1,0,0,0,0,0,793491,7345,5825162,713
142252,11,4,4020311,4200309,2020,8,10,4,3,2,6,0,0,1,0,0,0,1,0,788994,8249,5827043,797
142253,11,4,4030724,4300415,2020,8,8,3,3,2,6,0,0,1,0,0,0,0,1,790989,5143,5826029,169
142254,11,11,11030720,11300721,2020,8,14,7,3,1,5,0,0,1,0,0,0,1,0,804961,73,5829708,239
142255,11,11,11020514,11200513,2020,8,15,5,2,5,3,0,1,1,0,0,0,0,0,803849,36,5830393,556
142256,11,7,7020204,7200413,2020,8,18,4,3,0,6,0,0,1,0,1,0,0,1,796493,287,5823584,64
142257,11,11,11051229,11501238,2020,8,17,3,3,5,3,0,1,1,0,0,0,0,0,803713,6535,5826226,37
142258,11,7,7030301,7300516,2020,8,7,3,3,5,2,0,1,1,0,0,0,0,1,793955,9989,5822152,572
142259,11,8,8020727,8200832,2020,8,11,5,3,1,5,0,1,1,0,0,0,0,0,801581,1653,5816657,267
142260,11,2,2030302,2300315,2020,8,15,4,3,5,3,0,1,0,0,0,0,0,1,800732,8495,5825794,752
142261,11,8,8020622,8200726,2020,8,13,2,3,5,3,0,0,1,0,1,0,0,0,801497,5947,5820182,377
142262,11,3,3020307,3200309,2020,8,16,4,3,5,2,0,0,1,0,1,0,0,0,800054,565,5837402,55
142263,11,3,3010101,3100101,2020,8,11,2,3,2,2,0,0,1,0,0,0,0,0,803017,6314,5842056,858
142264,11,4,4030620,4300619,2020,8,11,1,3,2,6,0,0,1,0,0,0,0,0,792939,718,5827485,213
142265,11,2,2020206,2200213,2020,8,12,6,3,9,7,0,0,0,0,1,0,0,0,799905,1515,5825158,146
142266,11,4,4051448,4501045,2020,8,13,4,3,6,4,0,1,0,1,0,0,0,1,794196,299,5825375,986
142267,11,1,1011102,1100102,2020,8,22,3,3,0,1,2,0,0,0,1,0,0,1,795052,64,5827184,91
142268,11,2,2010103,2100104,2020,8,16,3,3,5,3,0,1,1,0,0,0,0,0,799281,8806,5826219,607
142269,11,1,1011202,1100206,2020,9,1,1,3,2,6,2,1,0,0,0,0,0,0,797203,5432,5827484,707
142270,11,12,12103218,12100205,2020,9,18,4,3,0,1,0,0,0,0,1,0,0,1,794867,841,5833756,383
142271,11,8,8020727,8200832,2020,9,7,3,3,3,6,0,0,1,0,0,0,1,0,800316,445,5816751,459
142272,11,6,6040805,6400839,2020,9,17,3,3,5,3,0,0,1,0,1,0,0,0,789424,2279,5818032,815
142273,11,5,5030730,5300735,2020,8,16,2,3,0,1,0,0,0,0,1,0,0,1,787169,7949,5830668,179
142274,11,3,3020210,3200207,2020,8,16,2,3,2,2,0,0,1,0,1,0,0,1,799715,389,5836408,713
142275,11,9,9020802,9200819,2020,9,13,7,3,5,3,0,0,1,0,0,0,0,0,809993,5999,5820355,24
142276,11,3,3061227,3601244,2020,8,15,2,3,6,4,0,0,1,1,0,0,0,0,799970,8883,5831090,354
142277,11,8,8010404,8100417,2020,9,15,6,3,2,6,0,0,1,0,0,0,0,0,802607,2044,5823073,558
142278,11,8,8020625,8200730,2020,8,8,2,3,6,4,0,0,1,1,0,0,0,0,801545,417,5819189,846
142279,11,10,10010308,10100311,2020,9,5,3,3,0,1,2,1,0,0,0,0,0,1,806553,2371,5829118,198
142280,11,7,7010104,7100205,2020,9,17,1,3,0,3,0,0,1,0,1,0,0,0,796060,9569,5825369,946
142281,11,5,5020521,5200524,2020,9,15,5,3,5,2,0,0,1,0,0,0,0,0,780340,652,5827613,379
142282,11,2,2040703,2400625,2020,9,5,3,3,4,6,2,0,1,0,0,1,0,0,801692,9638,5826139,899
142283,11,9,9020701,9200715,2020,8,8,2,3,5,3,0,0,1,0,0,0,0,1,807508,5535,5818412,27
142284,11,7,7070703,7601544,2020,9,20,7,3,5,2,2,0,1,0,0,0,0,0,799790,2934,5813977,9
142285,11,11,11030618,11300617,2020,9,22,4,3,5,3,2,1,1,0,0,0,0,1,802944,252,5829203,173
142286,11,1,1022101,1200517,2020,9,13,3,3,3,6,0,0,1,0,0,0,0,0,793522,648,5829257,952
142287,11,2,2020204,2200210,2020,8,7,2,3,5,2,0,0,1,0,1,0,0,0,798314,9487,5825384,118
142288,11,12,12214125,12200412,2020,8,7,2,3,0,2,0,0,1,0,1,0,0,1,791158,2513,5834220,358
142289,11,11,11030618,11300617,2020,9,13,6,3,2,6,0,0,1,0,0,0,0,0,803521,3628,5829724,429
142290,11,2,2020204,2200210,2020,8,7,2,3,5,3,0,1,1,0,0,0,0,0,799031,6087,5825053,357
142291,11,1,1011102,1100102,2020,8,7,2,3,0,1,0,1,0,0,0,0,0,1,794814,5755,5827364,276
142292,11,4,4030415,4300412,2020,9,15,2,3,0,1,0,0,0,0,1,0,0,0,790820,9065,5827387,103
142293,11,2,2040701,2400623,2020,9,19,5,3,5,3,0,1,1,0,0,0,0,0,800394,531,5827835,821
142294,11,8,8020726,8200831,2020,8,7,2,3,0,6,0,0,1,0,1,0,0,1,799349,4105,5816307,22
142295,11,8,8010508,8100520,2020,8,6,2,3,5,3,0,0,1,0,1,0,0,1,803098,106,5822634,294
142296,11,6,6020301,6200311,2020,9,16,2,2,5,3,0,0,1,0,0,0,0,0,796242,8985,5818269,599
142297,11,3,3051017,3501037,2020,9,22,5,3,5,7,2,1,1,0,0,0,0,1,802715,8876,5832480,9
142298,11,3,3050923,3500934,2020,8,4,2,2,5,3,2,0,1,0,1,0,0,1,800385,1674,5831941,163
142299,11,12,12304313,12500930,2020,9,16,1,3,5,2,0,0,1,0,0,0,0,0,792353,1431,5834071,128
142300,11,9,9051901,9501939,2020,9,13,5,3,5,2,0,1,1,0,0,0,0,0,809947,6481,5821593,92
142301,11,4,4030725,4300416,2020,9,13,3,3,5,2,0,1,1,0,0,0,0,0,791287,65,5826062,477
142302,11,5,5020522,5200525,2020,8,10,2,2,2,6,0,0,1,0,0,0,1,0,781042,365,5827413,442
142303,11,3,3050925,3500936,2020,9,21,7,3,5,2,2,0,1,0,0,0,0,0,802689,58,5831799,431
142304,11,12,12214125,12200412,2020,9,14,4,3,2,6,0,0,1,0,0,1,0,1,789328,7662,5833661,411
142305,11,4,4030623,4300622,2020,9,0,3,3,2,6,2,0,1,0,0,0,0,0,793276,5734,5826749,347
142306,11,3,3030405,3300411,2020,8,10,2,3,6,2,0,0,0,1,0,1,0,0,803729,42,5839258,859
142307,11,11,11030720,11300721,2020,8,9,2,3,3,6,0,0,1,0,0,0,0,0,806079,4588,5830135,818
142308,11,2,2050601,2500726,2020,9,11,6,3,5,2,0,1,1,0,0,0,0,1,802196,5283,5828340,829
142309,11,6,6030607,6300631,2020,8,9,2,3,5,3,0,0,1,0,1,0,0,0,792490,2178,5816479,13
142310,11,1,1022206,1200628,2020,9,13,2,3,0,3,0,0,1,0,0,0,1,0,796258,1394,5828528,576
142311,11,3,3020209,3200205,2020,9,18,5,3,2,6,0,0,1,0,1,0,0,0,798153,7437,5836529,835
142312,11,2,2030302,2300315,2020,8,9,2,2,5,2,0,1,1,0,0,0,0,0,800404,6315,5825784,513
142313,11,4,4041241,4400832,2020,9,12,1,3,5,2,0,1,1,0,0,0,0,0,791920,9452,5822368,16
142314,11,3,3071536,3701554,2020,9,8,5,3,5,2,0,1,1,0,0,0,0,0,799149,55,5829205,595
142315,11,9,9010402,9100408,2020,9,0,3,3,1,7,2,0,1,0,0,0,0,0,806715,7298,5820324,831
142316,11,2,2050801,2500830,2020,9,17,3,3,0,1,0,1,0,0,0,0,0,0,802633,1616,5827374,727
142317,11,1,1011305,1100312,2020,8,9,2,3,5,2,0,1,1,0,0,0,0,0,799122,964,5827125,423
142318,11,1,1022104,1200520,2020,9,5,7,3,5,3,1,0,1,0,0,0,0,1,794564,291,5828438,66
142319,11,6,6020409,6200421,2020,9,7,4,3,0,1,0,1,0,0,0,0,0,1,793932,8572,5818179,23
142320,11,5,5020628,5200633,2020,9,12,3,3,5,2,0,0,1,0,1,0,0,0,783817,7328,5826900,412
142321,11,2,2050801,2500830,2020,9,14,1,3,0,1,0,0,0,0,1,0,0,0,802451,5248,5827414,306
142322,11,1,1011302,1100309,2020,9,11,5,2,5,7,0,0,1,0,1,0,0,0,798392,4727,5829040,253
142323,11,6,6020302,6200312,2020,9,11,3,2,5,7,0,0,1,0,1,0,0,0,794911,967,5819283,259
142324,11,9,9052001,9502043,2020,8,9,2,2,0,3,0,1,0,0,0,0,0,0,811082,308,5821943,168
142325,11,11,11030720,11300721,2020,9,15,7,3,0,2,0,0,0,0,0,0,1,0,805132,5561,5830007,879
142326,11,4,4031032,4500938,2020,9,9,4,3,5,2,0,1,1,0,0,0,0,0,791835,526,5824801,629
142327,11,3,3061227,3601244,2020,9,14,3,3,8,1,0,1,0,0,0,0,0,0,799942,5707,5831023,117
142328,11,1,1011305,1100312,2020,8,8,2,3,6,4,0,0,1,1,0,0,0,0,799698,2102,5827210,25
142329,11,4,4031032,4500938,2020,9,9,6,3,3,6,0,1,1,0,0,0,0,1,791366,9952,5824937,306
142330,11,4,4030930,4501041,2020,8,8,2,3,0,2,0,1,1,0,0,0,0,1,792968,5859,5825899,4
142331,11,5,5020521,5200524,2020,9,12,2,3,2,2,0,0,1,0,0,0,0,0,780070,7458,5827690,392
142332,11,1,1011401,1100415,2020,9,16,5,3,5,5,0,1,1,0,0,0,0,0,797601,5694,5829106,347
142333,11,8,8010212,8100207,2020,8,18,1,3,4,6,1,0,1,0,0,0,0,1,801312,9397,5823079,737
142334,11,1,1011301,1100308,2020,9,18,4,2,0,2,0,1,0,0,0,0,1,0,797261,9482,5829089,624
142335,11,8,8020619,8200622,2020,9,11,3,3,2,6,0,0,1,0,0,1,0,0,801247,8145,5821584,356
142336,11,5,5010101,5100104,2020,9,16,3,3,2,6,0,0,1,0,0,0,0,0,785649,6968,5831763,758
142337,11,4,4030828,4300624,2020,8,17,1,3,0,3,1,0,1,0,0,0,1,1,793502,1672,5826385,592
142338,11,9,9020601,9200613,2020,9,15,7,3,5,3,0,1,1,0,0,0,0,0,807018,203,5821144,326
142339,11,11,11040925,11400927,2020,8,17,1,2,2,6,0,0,1,0,0,0,0,1,803500,3071,5826623,437
142340,11,4,4061757,4200207,2020,9,21,6,2,8,1,2,0,0,0,1,0,0,0,785407,3964,5824784,371
142341,11,10,10030724,10300731,2020,8,17,1,2,5,2,1,1,1,0,0,0,0,1,809640,2109,5830264,388
142342,11,3,3061131,3601142,2020,9,10,3,2,5,2,0,1,0,0,0,0,1,0,799134,5428,5830601,149
142343,11,3,3040818,3400830,2020,8,16,1,3,0,6,0,1,1,0,0,0,0,1,800024,989,5833422,236
142344,11,12,12214424,12200411,2020,9,7,6,3,2,6,0,0,1,0,0,0,1,1,793209,8112,5832356,67
142345,11,8,8010118,8100104,2020,8,14,1,3,2,7,0,1,1,0,0,0,0,0,800856,8496,5822507,58
142346,11,1,1044101,1400937,2020,9,8,2,3,2,2,0,0,1,0,0,0,0,0,793980,1153,5831336,267
142347,11,1,1011301,1100308,2020,9,15,5,3,6,7,0,1,0,1,0,0,0,0,797234,915,5829075,459
142348,11,9,9051801,9501838,2020,8,14,1,3,5,3,0,0,1,0,0,0,0,0,819237,4534,5819959,576
142349,11,8,2030401,2300418,2020,9,10,1,3,0,2,0,1,0,0,1,0,0,0,801063,7066,5824939,82
142350,11,2,2040502,2400521,2020,9,17,4,3,0,7,0,0,1,0,0,0,1,1,801203,3317,5828638,585
142351,11,9,9020701,9200715,2020,9,9,3,3,2,6,0,0,1,0,0,1,0,0,809068,1919,5818751,937
142352,11,4,4030828,4300624,2020,9,16,3,3,0,2,0,1,1,0,0,0,0,0,792982,7097,5826101,721
142353,11,7,7050505,7501134,2020,8,13,1,3,6,4,0,0,1,1,0,0,0,0,799278,1965,5819055,602
142354,11,12,12224229,12400616,2020,8,12,1,2,8,1,0,0,1,0,0,0,0,0,786576,3775,5832693,485
142355,11,3,3061131,3601142,2020,9,21,6,3,6,4,2,1,0,1,0,0,0,0,798733,4138,5830327,241
142356,11,4,4041344,4400835,2020,8,20,1,3,5,3,2,0,1,0,0,0,0,1,793369,9721,5822479,215
142357,11,1,1011305,1100312,2020,9,18,2,3,5,7,0,1,1,0,0,0,0,0,799398,892,5826415,8
142358,11,4,4030827,4300623,2020,9,15,5,3,5,2,0,1,1,0,0,0,0,0,792409,5783,5826099,685
142359,11,7,7040404,7400826,2020,8,11,1,3,2,6,0,1,1,0,0,0,0,0,796524,5132,5820116,103
142360,11,4,4030623,4300622,2020,9,8,3,3,5,2,0,1,1,0,0,0,0,0,793793,571,5826923,171
142361,11,5,5020419,5200423,2020,9,18,1,3,2,7,0,0,1,0,0,0,0,1,782058,4272,5828193,31
142362,11,9,9051701,9501736,2020,9,15,5,3,2,3,0,1,1,0,0,0,0,0,813340,8406,5821571,779
142363,11,4,4030725,4300416,2020,9,8,3,3,2,6,0,1,1,0,0,0,0,0,791697,8321,5826093,218
142364,11,1,1011105,1100102,2020,8,20,1,3,9,1,2,0,1,0,0,0,0,1,795890,3952,5826687,424
142365,11,5,5040935,5400942,2020,9,23,7,2,1,5,2,0,1,0,0,0,0,0,782886,94,5821137,906
142366,11,11,11020412,11200411,2020,9,20,4,3,2,6,2,0,1,0,0,0,0,0,805684,398,5831370,887
142367,11,7,7050503,7501031,2020,9,8,3,2,5,2,0,0,1,0,0,0,0,0,799108,43,5819843,389
142368,11,6,6010205,6100205,2020,8,19,1,3,6,4,2,0,1,1,0,0,0,1,795220,7742,5819834,543
142369,11,5,5030731,5300737,2020,9,12,2,3,0,7,0,1,0,0,0,0,0,0,787927,7416,5829369,272
142370,11,3,3061227,3601243,2020,9,7,5,3,0,1,1,1,0,0,0,0,0,1,799633,8357,5831184,669
142371,11,3,3071638,3701659,2020,9,7,3,3,1,5,0,1,1,0,0,0,0,0,800089,3067,5829191,874
142372,11,12,12301203,12500930,2020,8,19,1,3,4,6,1,0,1,0,0,0,0,1,793712,8892,5835235,11
142373,11,2,2040502,2400521,2020,9,18,1,3,5,2,0,0,1,0,0,0,0,0,801206,461,5828030,166
142374,11,4,4051656,4501151,2020,9,15,4,3,5,3,0,0,1,0,0,0,0,1,793612,2424,5823087,643
142375,11,1,1044201,1401045,2020,9,7,3,3,1,5,0,0,1,0,0,0,0,0,797033,1752,5831894,342
142376,11,1,1011101,1100101,2020,8,10,1,3,0,7,0,0,0,0,0,0,1,0,794843,5104,5826260,34
142377,11,9,9052001,9502043,2020,8,2,1,2,8,1,2,0,1,0,0,0,0,0,812338,6807,5823743,282
142378,11,3,3040513,3400620,2020,9,14,6,3,5,3,0,1,0,0,1,0,0,0,796623,9078,5833992,791
142379,11,8,8010404,8100415,2020,8,10,7,2,1,5,0,1,0,0,0,0,1,0,801595,4178,5823688,817
142380,11,1,1011201,1100205,2020,8,15,7,3,2,6,0,0,1,0,0,0,0,0,796978,531,5827081,69
142381,11,1,1022207,1200629,2020,9,19,2,3,5,2,1,1,1,0,0,0,0,0,794554,1374,5827501,754
142382,11,2,2020203,2200209,2020,9,21,5,3,5,2,2,1,1,0,0,0,0,1,797128,4435,5823991,87
142383,11,2,2040703,2500834,2020,8,15,7,3,5,2,0,0,1,0,0,0,1,0,801951,6374,5826798,729
142384,11,8,8020619,8200622,2020,9,15,1,3,2,6,0,0,1,0,0,0,0,0,801227,7671,5821656,332
142385,11,2,2040701,2400623,2020,9,13,5,3,5,3,0,1,0,0,0,0,0,0,800738,1401,5826927,775
142386,11,2,2030401,2300418,2020,9,20,3,3,1,5,2,0,1,0,1,0,0,0,800937,881,5825051,133
142387,11,5,5010207,5100209,2020,8,14,7,3,5,2,0,0,1,0,0,0,0,0,783691,129,5830167,591
142388,11,7,7040403,7400823,2020,9,19,7,3,5,3,1,0,1,0,0,0,0,0,796830,7358,5822167,424
142389,11,7,7020202,7200308,2020,9,13,4,3,6,4,0,0,1,1,0,0,0,1,794784,2669,5823236,959
142390,11,3,3061227,3601243,2020,9,20,3,3,5,3,1,1,1,0,0,0,0,0,799825,7259,5831539,74
142391,11,8,8010211,8100206,2020,8,14,7,3,5,7,0,0,1,0,1,0,0,0,800731,372,5823800,365
142392,11,5,5010314,5100316,2020,8,14,7,3,0,3,0,0,1,0,1,0,0,0,783650,335,5829312,813
142393,11,1,1022204,1200626,2020,9,11,6,3,6,7,0,0,1,1,0,0,0,1,795233,3439,5828238,562
142394,11,4,4041344,4400835,2020,8,14,7,3,1,5,0,1,1,0,0,0,0,0,792756,3588,5821812,311
142395,11,5,5020419,5200423,2020,9,14,2,2,6,4,0,0,1,1,0,0,0,0,781274,4454,5828313,102
142396,11,2,2010103,2100105,2020,9,17,5,3,5,3,0,0,1,0,0,0,1,0,799055,6524,5825819,764
142397,11,9,9020702,9200717,2020,8,11,7,3,2,6,0,0,1,0,0,0,0,0,809797,736,5819162,456
142398,11,3,3061429,3601449,2020,9,12,6,2,0,7,0,1,0,0,0,0,0,0,801812,394,5830749,892
142399,11,8,8041037,8401243,2020,8,10,7,3,1,5,0,1,1,0,0,0,0,0,805464,123,5817310,32
142400,11,7,7070703,7601544,2020,8,9,7,3,0,5,0,0,1,0,0,0,1,0,799959,7715,5813218,927
142401,11,11,11051332,11501341,2020,9,15,2,3,2,6,0,0,1,0,0,0,0,0,806912,1451,5824285,723
142402,11,3,3061126,3601141,2020,9,18,5,3,2,7,0,0,1,0,0,0,0,0,798882,8936,5831816,19
142403,11,3,3061227,3601243,2020,8,7,7,2,5,3,0,0,1,0,0,0,0,0,799879,9493,5831734,648
142404,11,1,1011101,1100101,2020,9,13,1,3,5,2,0,1,1,0,0,0,0,0,795258,8706,5826611,376
142405,11,2,2020203,2200209,2020,9,10,5,3,1,5,0,1,1,0,0,0,0,0,797519,9286,5824878,769
142406,11,6,6040808,6400842,2020,9,19,3,3,2,7,0,1,1,0,0,0,0,0,789609,2,5819803,107
142407,11,2,2020204,2200210,2020,8,7,7,3,5,3,1,0,1,0,0,0,0,0,798844,588,5825095,707
142408,11,1,1044101,1400938,2020,9,12,7,3,2,6,0,0,1,0,0,0,0,0,794007,9427,5830164,282
142409,11,3,3020210,3200207,2020,9,12,4,3,5,3,0,1,1,0,0,0,0,0,798691,1781,5835206,41
142410,11,1,1033201,1300834,2020,9,18,3,3,5,3,0,1,1,0,0,0,0,0,797708,8146,5830691,106
142411,11,8,8010117,8100103,2020,8,22,7,3,1,5,2,1,1,0,0,0,0,0,800651,8427,5823038,87
142412,11,5,5020625,5200629,2020,9,9,6,3,5,2,0,1,1,0,0,0,0,1,783587,8426,5828663,592
142413,11,2,2010104,2100106,2020,8,22,7,2,5,3,2,0,1,0,1,0,0,0,799578,3781,5825657,21
142414,11,4,4030929,4501040,2020,9,11,2,3,2,2,0,0,1,0,0,0,0,0,792346,2666,5825717,76
142415,11,11,11030619,11300620,2020,9,16,5,3,3,6,0,0,1,0,1,0,0,0,804182,2898,5829577,715
142416,11,9,9041501,9401534,2020,8,6,7,2,5,4,0,0,0,1,0,0,1,0,810837,507,5820322,646
142417,11,2,2020204,2200210,2020,9,19,4,3,5,2,1,1,1,0,0,0,0,1,798533,1731,5824752,46
142418,11,7,7040403,7400823,2020,8,18,2,3,3,2,0,0,1,0,0,0,0,0,797342,7015,5821916,975
142419,11,3,3061131,3601142,2020,9,16,3,3,5,3,0,1,1,0,0,0,0,0,798655,1687,5830296,985
142420,11,8,8041037,8401243,2020,8,21,7,3,0,7,2,0,0,0,1,0,0,0,805678,594,5817002,848
142421,11,12,12302110,12601235,2020,8,20,7,3,5,7,2,0,1,0,0,0,0,0,795184,8581,5836351,599
142422,11,1,1011401,1100415,2020,9,12,1,2,5,2,0,1,0,0,0,0,1,0,797577,5369,5829216,439
142423,11,9,9051901,9501939,2020,9,9,4,3,0,7,0,1,0,0,0,0,0,0,810919,712,5821547,142