OBJECTID,LAND,BEZ,LOR,LOR_ab_2021,UJAHR,UMONAT,USTUNDE,UWOCHENTAG,UKATEGORIE,UART,UTYP1,ULICHTVERH,IstRad,IstPKW,IstFuss,IstKrad,IstGkfz,IstSonstige,USTRZUSTAND,LINREFX,LINREFY,XGCSWGS84,YGCSWGS84
142424,11,1,1011103,1100103,2020,8,18,2,2,1,5,2,1,1,0,0,0,0,0,796004,326,5826119,87
142425,11,4,4051445,4500939,2020,9,15,3,3,0,7,0,0,1,0,0,0,0,0,792674,6205,5824245,759
142426,11,2,2020206,2200212,2020,8,20,7,3,1,5,2,1,1,0,0,0,0,0,799733,4852,5824734,363
142427,11,9,9051701,9501736,2020,9,0,7,3,6,4,2,0,1,1,0,0,0,0,813028,9617,5821419,47
142428,11,8,8041037,8401243,2020,9,7,4,3,2,6,0,0,1,0,1,0,0,0,805618,3906,5818514,83
142429,11,10,10010203,10100205,2020,8,20,7,3,0,1,2,0,0,0,1,0,0,0,807580,455,5832510,363
142430,11,10,10010311,10100316,2020,9,5,6,3,9,1,2,0,0,0,0,1,0,1,810723,2655,5831999,382
142431,11,5,5010314,5100316,2020,8,19,7,3,5,3,0,1,1,0,0,0,0,0,784887,8891,5829215,604
142432,11,6,6030608,6300632,2020,9,10,4,3,1,5,0,1,1,0,0,0,0,0,792471,993,5817218,265
142433,11,7,7050504,7501032,2020,9,13,2,3,2,6,0,0,1,0,0,1,1,0,799504,1061,5820506,42
142434,11,7,7070701,7601442,2020,9,8,5,3,2,6,0,0,1,0,0,0,1,0,799212,5806,5816230,698
142435,11,12,12302108,12601134,2020,8,19,7,3,2,6,0,0,1,0,1,0,0,0,794285,9334,5836874,405
142436,11,7,7040401,7400720,2020,9,19,1,2,5,2,0,1,1,0,0,0,0,0,797301,5927,5822603,114
142437,11,4,4041137,4400727,2020,9,17,4,3,0,6,0,0,1,0,1,0,0,1,791163,8819,5823232,256
142438,11,1,1011105,1100102,2020,8,12,2,3,5,2,0,1,1,0,0,0,0,0,796635,4551,5826670,495
142439,11,11,11030721,11300722,2020,9,15,3,3,6,2,0,0,1,1,0,0,0,0,803826,8682,5828648,875
142440,11,2,2020204,2200210,2020,8,19,7,3,4,6,0,1,0,0,0,0,0,0,798692,6663,5825136,977
142441,11,8,8010303,8100314,2020,8,19,7,3,3,6,0,0,1,0,1,0,0,0,800340,7969,5824371,149
142442,11,11,11030619,11300620,2020,9,15,6,3,2,6,0,0,1,0,0,0,0,0,804177,6505,5829607,26
142443,11,3,3030716,3300517,2020,9,9,4,3,5,3,0,0,1,0,0,1,0,0,802580,3833,5833491,577
142444,11,5,5030832,5300841,2020,8,18,7,3,3,6,0,0,1,0,0,0,1,0,789606,3596,5829309,92
142445,11,9,9051901,9501941,2020,9,18,2,3,5,2,0,1,1,0,0,0,0,0,812045,3155,5821381,18
142446,11,4,4051655,4501153,2020,9,22,5,2,5,3,2,1,1,0,0,0,0,1,794192,953,5823102,399
142447,11,1,1011202,1100206,2020,8,18,7,3,4,6,0,1,0,0,0,0,1,0,798276,8712,5827905,954
142448,11,8,8041035,8401241,2020,8,18,7,3,1,7,0,0,1,0,0,1,0,0,804553,6359,5818089,162
142449,11,6,6010103,6100103,2020,9,14,7,3,5,2,0,1,1,0,0,0,0,0,793421,779,5821329,897
142450,11,1,1011301,1100308,2020,9,9,4,3,0,5,0,1,1,0,0,0,0,0,797003,4262,5828602,256
142451,11,4,4030931,4501042,2020,8,17,7,3,2,6,0,0,1,0,1,0,0,0,793806,2196,5825837,914
142452,11,4,4051445,4500939,2020,9,16,6,3,5,2,0,1,1,0,0,0,0,0,791824,4937,5824300,365
142453,11,1,1033101,1300730,2020,8,17,7,2,1,5,0,1,1,0,0,0,0,0,796329,4935,5832078,838
142454,11,8,8010211,8100206,2020,8,16,2,3,0,7,0,1,0,0,0,0,0,0,800361,8526,5824195,737
142455,11,8,8030830,8300935,2020,9,12,2,3,5,2,0,0,1,0,0,0,1,0,802372,6531,5817751,775
142456,11,11,11051331,11501340,2020,9,15,5,3,5,3,0,1,1,0,0,0,0,0,807255,3736,5824237,265
142457,11,12,12214424,12200309,2020,8,22,2,3,1,5,2,0,1,0,0,0,1,0,792499,2929,5832870,275
142458,11,6,6030501,6300524,2020,8,16,7,2,0,1,0,1,0,0,0,0,0,0,788635,208,5816426,76
142459,11,1,1011202,1100206,2020,9,16,7,3,0,2,0,0,1,0,1,0,0,0,797739,365,5827587,95
142460,11,3,3071536,3701554,2020,9,15,4,3,0,1,0,1,0,0,0,0,0,1,799042,526,5830146,781
142461,11,2,2050602,2500729,2020,8,8,2,3,5,2,0,1,0,0,0,0,1,0,803233,352,5827613,395
142462,11,5,5020625,5200629,2020,8,17,7,3,2,6,0,0,1,0,0,0,0,0,784507,7511,5828664,672
142463,11,8,8040933,8401139,2020,8,16,7,3,5,2,0,1,1,0,0,0,0,0,803903,8853,5818643,573
142464,11,7,7050501,7501029,2020,9,13,6,3,2,6,0,0,1,0,0,0,0,0,797598,4489,5819537,746
142465,11,9,9051901,9501939,2020,8,7,6,3,2,6,0,0,1,0,0,1,0,1,809659,6462,5821487,159
142466,11,3,3071639,3701660,2020,9,14,3,3,2,6,0,0,1,0,0,0,0,0,800588,5117,5829867,537
142467,11,1,1022206,1200628,2020,8,20,6,3,1,5,1,1,1,0,0,0,0,0,795958,6108,5828339,572
142468,11,8,8010508,8100520,2020,9,20,2,3,5,2,2,0,1,0,1,0,0,0,803197,6407,5822713,687
142469,11,6,6020306,6200317,2020,9,19,5,3,5,2,1,1,1,0,0,0,0,0,796782,836,5817859,749
142470,11,11,11040926,11400928,2020,8,21,6,3,0,7,2,1,0,0,0,0,0,0,804459,281,5826344,957
142471,11,7,7050504,7501032,2020,9,15,1,3,1,5,0,1,1,0,0,0,0,0,799790,5383,5820466,614
142472,11,4,4051655,4501153,2020,9,12,5,3,2,6,0,0,1,0,0,0,0,0,794270,1995,5824141,281
142473,11,4,4030726,4500936,2020,8,21,2,2,5,2,1,0,1,0,0,0,0,0,791958,178,5825248,438
142474,11,11,11041128,11401137,2020,8,14,6,3,5,3,0,1,0,0,0,0,1,0,806428,7773,5825623,828
142475,11,7,7040403,7400823,2020,9,17,7,3,6,7,1,0,1,1,0,0,0,0,797288,2363,5821353,412
142476,11,7,7060604,7601340,2020,9,16,1,2,1,5,0,1,1,0,0,0,0,0,796376,6078,5815708,433
142477,11,1,1044101,1400938,2020,9,13,5,3,5,3,0,1,1,0,0,0,0,0,794320,7991,5831319,9
142478,11,10,10010204,10100206,2020,8,21,2,3,9,1,2,0,1,0,0,0,0,1,809755,4817,5832667,231
142479,11,5,5010209,5100211,2020,8,20,6,3,5,2,1,0,1,0,0,0,0,0,783242,6738,5830286,145
142480,11,2,2010104,2100106,2020,9,22,7,2,5,3,2,0,1,0,1,0,0,0,799984,952,5825439,292
142481,11,3,3020307,3200308,2020,9,14,4,3,2,6,0,0,1,0,0,0,0,0,800193,513,5836563,986
142482,11,11,11020514,11200513,2020,8,20,2,3,2,7,2,1,1,0,0,0,0,1,804475,5859,5830488,4
142483,11,10,10030724,10300731,2020,8,10,6,3,6,4,0,0,0,1,1,0,0,1,809102,3275,5829460,574
142484,11,3,11030618,11300617,2020,8,10,6,2,6,4,0,0,0,1,1,0,0,0,802556,5797,5829319,153
142485,11,3,3071639,3701660,2020,9,12,6,3,1,5,0,1,0,0,0,0,1,1,800806,359,5829557,436
142486,11,6,6020305,6200315,2020,8,8,6,2,5,3,0,1,1,0,0,0,0,0,795461,458,5817838,3
142487,11,4,4010101,4100101,2020,9,14,3,3,2,6,0,0,1,0,0,0,0,0,791096,544,5829125,304
142488,11,12,12103218,12100205,2020,8,8,6,3,5,2,0,1,1,0,0,0,0,0,795582,2286,5834570,624
142489,11,4,4030726,4500936,2020,9,15,2,3,2,2,0,0,1,0,0,0,1,0,791585,854,5825497,956
142490,11,11,11020515,11200514,2020,9,18,5,3,2,6,0,0,1,0,0,0,0,0,803565,6817,5830204,288
142491,11,6,6040810,6400844,2020,8,7,6,3,2,7,0,0,1,0,0,0,0,1,790491,3696,5819747,908
142492,11,4,4030518,4300517,2020,9,13,1,3,6,4,0,0,1,1,0,0,0,0,791806,2466,5827957,562
142493,11,2,2040701,2400623,2020,9,9,5,3,5,3,0,1,1,0,0,0,0,0,800698,388,5827817,524
142494,11,1,1033201,1300834,2020,8,19,2,3,5,2,0,0,1,0,0,0,0,0,798080,9682,5829990,503
142495,11,3,3061227,3601244,2020,9,14,3,3,1,5,0,1,1,0,0,0,0,0,800067,9217,5831707,658
142496,11,9,9041501,9401534,2020,8,7,6,3,0,1,0,0,0,0,1,0,0,1,810774,2376,5820317,312
142497,11,8,8020727,8200832,2020,9,11,7,3,5,2,0,0,1,0,1,0,0,1,800308,4489,5816743,76
142498,11,11,11010205,11100204,2020,9,12,4,3,0,7,0,1,0,0,0,0,0,0,805927,6504,5833734,574
142499,11,8,8010303,8100314,2020,8,19,2,3,5,2,0,1,1,0,0,0,0,0,800364,5754,5824341,612
142500,11,10,10010311,10100316,2020,8,7,6,3,5,2,0,0,1,0,0,0,0,1,810687,4985,5832002,182
142501,11,5,5030731,5300737,2020,9,7,6,3,5,2,0,1,0,0,0,0,1,1,787989,1669,5829745,507
142502,11,12,12214125,12200412,2020,8,6,6,3,5,3,0,0,1,0,0,0,1,1,791132,5595,5833989,538
142503,11,4,4030930,4501041,2020,9,13,4,3,0,2,0,1,0,0,0,0,0,1,792956,9019,5825543,17
142504,11,5,5010314,5100316,2020,8,19,2,3,2,6,0,0,1,0,0,0,0,0,783966,4831,5829064,542
142505,11,10,10040830,10400837,2020,8,5,6,3,5,3,1,0,1,0,1,0,0,0,810608,9213,5825513,466
142506,11,6,6030503,6300526,2020,9,10,6,3,2,6,0,0,1,0,1,0,0,1,789524,7611,5817477,45
142507,11,7,7030303,7300619,2020,8,4,6,3,1,5,2,0,1,0,0,0,0,1,795297,8711,5821716,918
142508,11,4,4051446,4501043,2020,9,13,2,3,2,2,0,0,1,0,0,0,0,0,792857,485,5824323,85
142509,11,6,6020304,6200314,2020,9,17,5,3,6,7,0,1,0,1,0,0,0,0,795030,722,5818104,967
142510,11,11,11020514,11200513,2020,8,17,6,2,6,4,0,1,0,1,0,0,0,0,804460,6258,5830471,1
142511,11,2,2010103,2100105,2020,9,10,1,2,5,3,0,1,1,0,0,0,0,0,798830,4411,5825606,763
142512,11,9,9010401,9100407,2020,9,15,4,3,5,3,0,1,1,0,0,0,0,1,805764,4098,5819108,385
142513,11,4,4030725,4300416,2020,8,18,2,3,2,6,0,1,1,0,0,0,0,0,791500,3995,5825700,872
142514,11,5,5010339,5100317,2020,9,14,3,3,5,3,0,0,1,0,0,0,0,0,785501,796,5828664,819
142515,11,1,1044201,1401045,2020,8,17,6,3,5,2,0,1,1,0,0,0,0,0,796461,8194,5831926,967
142516,11,4,4010102,4100101,2020,9,15,7,3,5,3,0,0,1,0,0,0,0,0,792256,1048,5830678,542
142517,11,4,4030930,4501041,2020,9,12,3,3,3,6,0,1,1,0,0,0,0,0,793230,7726,5825404,542
142518,11,4,4010102,4100101,2020,8,17,6,2,5,2,0,0,1,0,0,0,0,0,793353,188,5829678,56
142519,11,11,11010103,11100102,2020,9,21,6,2,1,5,2,0,1,0,0,0,1,0,808985,3346,5835278,678
142520,11,3,3020209,3200205,2020,8,16,6,3,6,4,0,0,1,1,0,0,0,0,797372,1322,5835176,64
142521,11,4,4030519,4300518,2020,9,7,3,3,5,3,0,1,1,0,0,0,0,0,792093,2608,5827960,802
142522,11,1,1033202,1300835,2020,9,13,2,3,0,1,0,0,0,0,1,0,0,1,797772,4444,5829743,946
142523,11,2,2050801,2500832,2020,9,8,5,3,3,6,0,1,1,0,0,0,0,1,803648,65,5827400,643
142524,11,11,11040926,11400929,2020,8,16,6,3,1,5,0,1,1,0,0,0,0,0,804688,8849,5826325,918
142525,11,9,9020701,9200715,2020,9,18,1,3,2,6,0,1,1,0,0,0,0,0,807291,3136,5818301,742
142526,11,7,7020203,7200409,2020,9,9,2,3,5,3,0,1,0,0,0,0,0,0,795625,7665,5824168,751
142527,11,8,8010508,8100520,2020,9,15,5,2,6,7,0,0,0,1,1,0,0,0,803108,671,5822769,383
142528,11,9,9030901,9300920,2020,8,15,6,3,1,5,0,1,1,0,0,0,0,0,809031,8525,5817149,36
142529,11,2,2010101,2100101,2020,9,2,1,2,0,1,2,0,0,0,0,0,1,0,797829,347,5825641,792
142530,11,7,7010102,7100103,2020,9,18,4,2,2,6,0,1,1,0,0,0,0,1,795692,4951,5825469,599
142531,11,6,6020301,6200311,2020,8,17,2,3,2,2,0,0,1,0,0,0,0,0,796594,1724,5818367,599
142532,11,8,8020727,8200832,2020,9,13,3,3,5,2,0,1,1,0,0,0,0,0,800985,7685,5817121,239
142533,11,4,4051448,4501045,2020,8,14,6,3,5,2,0,1,1,0,0,0,0,0,794345,8797,5825262,294
142534,11,1,1044203,1401049,2020,8,14,6,3,2,6,0,0,1,0,0,0,0,0,795907,367,5831900,31
142535,11,3,3050924,3500935,2020,9,14,6,3,4,6,0,1,1,0,0,0,0,0,801384,8782,5831287,23
142536,11,12,12214125,12200412,2020,8,14,6,3,2,2,0,0,1,0,0,0,1,0,789808,1128,5833674,678
142537,11,1,1011203,1100206,2020,9,18,2,3,5,3,0,1,1,0,0,0,0,0,797752,8708,5827446,692
142538,11,4,4030725,4300416,2020,9,21,5,3,0,1,2,0,0,0,1,0,0,1,791413,1417,5826076,441
142539,11,2,2020204,2200210,2020,8,14,6,3,5,2,0,1,1,0,0,0,0,0,798022,2547,5824881,359
142540,11,1,1033102,1300733,2020,8,17,2,3,0,6,0,0,1,0,1,0,0,1,797237,8171,5831337,695
142541,11,6,6010206,6100206,2020,9,11,1,3,0,7,0,0,1,0,0,0,0,0,794722,2086,5820002,404
142542,11,12,12214527,12200515,2020,9,15,5,3,5,2,0,1,1,0,0,0,0,0,789906,9135,5835688,688
142543,11,12,12214527,12200515,2020,8,17,2,2,0,1,0,1,0,0,0,0,0,1,790638,435,5834420,836
142544,11,3,3040512,3400619,2020,8,14,6,3,5,3,0,0,1,0,1,0,0,0,795863,6659,5835597,2
142545,11,10,10040932,10400939,2020,9,22,7,3,5,2,2,0,1,0,0,0,0,0,813005,9759,5827608,713
142546,11,9,9020502,9200512,2020,9,20,4,2,5,7,2,1,1,0,0,0,0,0,809388,9909,5821483,175
142547,11,6,6020304,6200314,2020,8,17,2,3,5,3,0,1,1,0,0,0,0,0,795206,1296,5818159,403
142548,11,8,8010214,8100209,2020,8,13,6,3,5,3,0,1,1,0,0,0,0,0,802071,5243,5821975,432
142549,11,7,7030301,7300517,2020,8,13,6,3,1,5,0,1,1,0,0,0,0,0,794310,7582,5822133,13
142550,11,8,8020619,8200622,2020,9,12,6,3,6,2,0,0,1,1,0,0,0,0,801255,68,5821557,78
142551,11,4,4030623,4300622,2020,8,13,6,3,2,6,0,0,1,0,0,0,0,1,793276,1983,5826750,505
142552,11,3,3040614,3400721,2020,9,18,3,3,1,5,0,1,1,0,0,0,0,0,798347,9124,5832989,803
142553,11,1,1011201,1100205,2020,8,13,6,3,2,6,0,0,1,0,1,0,0,0,797332,9116,5827148,525
142554,11,4,4031032,4500937,2020,9,16,4,2,6,4,0,0,1,1,0,0,0,1,791443,4804,5825071,231
142555,11,11,11030721,11300725,2020,8,17,2,3,0,4,0,1,0,1,0,0,0,1,805656,7413,5828184,7
142556,11,11,11030721,11300725,2020,8,12,6,3,1,7,0,0,1,0,0,0,1,0,805011,4314,5828185,101
142557,11,3,3020209,3200205,2020,8,12,6,2,5,2,0,0,1,0,1,0,0,0,798083,8272,5836094,808
142558,11,3,3050923,3500934,2020,9,14,6,3,2,7,0,0,1,0,1,0,0,0,800637,8373,5832183,885
142559,11,8,8010301,8100312,2020,8,11,6,3,1,5,0,1,1,0,0,0,0,0,801352,6666,5824182,281
142560,11,1,1011202,1100206,2020,8,11,6,3,5,2,0,1,1,0,0,0,0,0,798049,6331,5827987,913
142561,11,9,9051901,9501939,2020,9,18,2,3,5,7,0,0,1,0,0,0,1,0,810449,5645,5821226,842
142562,11,1,1011301,1100308,2020,9,21,5,3,5,7,2,0,0,0,1,0,1,1,797248,9512,5829088,886
142563,11,10,10020416,10200423,2020,8,10,6,3,0,1,0,0,0,0,1,0,0,1,813978,578,5831195,546
142564,11,10,10020412,10200417,2020,9,16,1,3,5,3,0,1,1,0,0,0,0,0,811209,7827,5831793,538
142565,11,1,1011103,1100103,2020,9,13,5,3,5,3,0,0,1,0,1,0,0,0,795329,676,5826171,526
142566,11,10,10030724,10300731,2020,8,17,2,3,5,2,0,1,1,0,0,0,0,1,809084,8,5829215,133
142567,11,1,1033101,1300732,2020,8,10,6,3,6,4,0,0,1,1,0,0,0,0,797576,5522,5832757,387
142568,11,1,1011401,1100415,2020,9,20,7,3,1,5,2,1,1,0,0,0,0,0,798475,6385,5829094,315
142569,11,1,1044201,1401044,2020,9,14,4,3,5,3,0,0,1,0,0,0,0,1,796204,4772,5831517,22
142570,11,12,12231101,12400723,2020,8,17,2,3,5,3,0,0,1,0,0,0,0,1,791703,5805,5839260,919
142571,11,2,3061435,3601452,2020,8,8,5,3,3,6,0,0,1,0,0,0,0,0,801968,751,5829058,345
142572,11,1,1011301,1100308,2020,8,7,5,3,0,5,0,1,0,0,0,0,1,0,797114,1113,5829009,763
142573,11,1,1011303,1100310,2020,9,11,6,3,1,5,0,1,0,0,0,0,1,1,798802,908,5828233,955
142574,11,8,8020619,8200623,2020,8,12,5,3,5,2,0,1,1,0,0,0,0,1,802702,7411,5820777,207
142575,11,1,1044103,1400942,2020,9,22,2,3,5,3,2,0,1,0,0,0,1,0,794496,3042,5830686,89
142576,11,3,3010102,3100102,2020,9,17,5,2,6,4,0,0,1,1,0,0,0,0,804334,2395,5841181,39
142577,11,1,1011103,1100103,2020,8,18,5,3,5,2,0,1,1,0,0,0,0,0,795247,5102,5826041,816
142578,11,4,4020208,4200206,2020,9,12,1,2,5,3,0,1,1,0,0,0,0,0,786933,1021,5825764,397
142579,11,2,2020204,2200210,2020,9,8,5,3,5,3,0,1,1,0,0,0,0,0,798947,2057,5825237,276
142580,11,5,5010103,5100105,2020,8,16,2,3,2,6,0,0,1,0,0,0,0,0,784861,1921,5831872,589
142581,11,1,1011101,1100101,2020,9,15,2,3,5,2,0,0,1,0,0,0,0,0,795248,2575,5826624,227
142582,11,10,10010311,10100316,2020,9,18,5,3,5,2,0,1,1,0,0,0,0,0,810190,6069,5831660,753
142583,11,11,11030721,11300722,2020,8,14,5,2,5,3,0,0,1,0,0,0,1,0,804062,2253,5827621,985
142584,11,9,9010302,9100306,2020,9,14,1,3,2,2,0,0,1,0,0,0,0,0,803112,9006,5820948,894
142585,11,4,4020311,4200310,2020,9,11,5,3,5,3,0,0,1,0,0,0,0,0,789360,4962,5826200,97
142586,11,9,9020701,9200715,2020,8,16,2,3,2,6,0,0,1,0,0,0,0,0,808576,499,5819231,484
142587,11,6,6020409,6200421,2020,8,20,5,3,2,2,1,0,1,0,0,0,0,0,793070,5167,5816630,762
142588,11,11,11020412,11200411,2020,9,12,7,3,0,2,0,1,1,0,0,0,0,1,804853,2076,5831718,252
142589,11,8,8010508,8100520,2020,9,8,4,3,0,2,0,1,1,0,0,0,0,0,803208,3949,5822725,478
142590,11,3,3071536,3701554,2020,8,16,2,3,1,5,0,1,1,0,0,0,0,0,798985,8269,5830044,877
142591,11,12,12231101,12400722,2020,8,20,5,3,0,3,1,0,1,0,1,0,0,0,791233,2844,5838487,847
142592,11,1,1011202,1100206,2020,9,9,6,3,0,1,0,0,0,0,1,0,0,1,797911,5516,5828063,617
142593,11,6,6030608,6300632,2020,8,19,5,3,5,3,0,1,1,0,0,0,0,0,790976,4666,5817443,504
142594,11,1,1022106,1200522,2020,9,18,3,3,3,7,0,1,0,0,0,0,0,0,794027,8998,5828242,357
142595,11,6,6040804,6400838,2020,9,11,2,2,3,6,0,1,0,0,0,0,0,0,787922,5256,5818466,518
142596,11,3,3040818,3400829,2020,9,16,5,3,0,3,0,0,1,0,1,0,0,0,799636,2726,5832820,359
142597,11,7,7010101,7100101,2020,8,19,5,2,5,2,0,1,1,0,0,0,0,0,794482,8013,5824874,446
142598,11,11,11040925,11400927,2020,9,19,4,3,2,6,2,0,1,0,0,0,1,1,803610,4955,5826395,604
142599,11,7,7040405,7400927,2020,8,15,2,3,5,2,0,1,0,0,0,0,1,0,798925,572,5821223,18
142600,11,5,5030730,5300736,2020,9,21,3,2,5,2,2,0,1,0,0,0,0,0,785968,8447,5829214,661
142601,11,2,2050801,2500831,2020,8,15,5,3,0,1,0,1,0,0,0,0,0,0,802954,3606,5827086,481
142602,11,1,1011304,1100311,2020,9,14,7,3,6,7,0,0,1,1,0,0,0,0,799476,6548,5827970,237
142603,11,1,1011203,1100206,2020,8,11,5,3,0,2,0,1,0,0,0,0,0,0,797699,8516,5827039,386
142604,11,1,2010101,2100101,2020,9,20,3,3,5,3,1,1,1,0,0,0,0,0,797045,527,5826532,24
142605,11,6,6040808,6400842,2020,8,17,5,3,2,7,0,0,1,0,1,0,0,0,789996,2909,5820161,365
142606,11,9,9010101,9100101,2020,9,3,7,2,1,5,2,0,1,0,1,0,0,0,802059,5685,5824705,563
142607,11,9,9020802,9200819,2020,9,7,4,3,6,4,0,0,1,1,0,0,0,1,810378,118,5819833,253
142608,11,11,11041128,11401137,2020,8,17,5,3,1,5,0,0,1,0,1,0,0,0,806921,1235,5825682,415
142609,11,4,4030725,4300416,2020,9,6,6,3,5,3,1,1,0,0,1,0,0,1,791876,3218,5826453,86
142610,11,11,11010205,11100204,2020,8,16,5,3,0,2,0,1,1,0,0,0,0,0,806852,6363,5832683,239
142611,11,3,3061332,3601346,2020,9,0,2,2,1,5,2,1,1,0,0,0,0,0,799544,6381,5831029,439
142612,11,8,8020622,8200726,2020,9,15,5,3,5,2,0,1,1,0,0,0,0,0,801586,6002,5820162,861
142613,11,3,3020210,3200207,2020,8,16,5,2,5,3,0,0,1,0,0,0,0,0,799475,7992,5835669,441
142614,11,7,7040405,7400927,2020,9,19,1,3,5,7,1,0,1,0,1,0,0,0,798477,563,5821892,324
142615,11,8,8020619,8200623,2020,9,17,4,3,2,6,0,0,1,0,0,0,0,1,802293,6928,5820670,924
142616,11,1,1011303,1100310,2020,8,14,2,3,5,2,0,1,0,0,0,1,0,0,799496,7332,5828788,317
142617,11,1,1011306,1100313,2020,9,19,3,3,5,2,1,1,0,0,0,0,0,0,799523,8781,5826694,191
142618,11,10,10020413,10200418,2020,8,16,5,2,6,6,0,1,0,1,0,0,0,0,811522,2375,5831530,454
142619,11,4,4030623,4300622,2020,8,16,5,3,5,7,0,1,0,0,1,0,0,0,792906,7064,5826965,523
142620,11,1,1011204,1100207,2020,9,16,6,3,5,2,0,1,1,0,0,0,0,0,798893,2785,5827354,624
142621,11,7,7040401,7400720,2020,8,16,5,3,5,2,0,1,0,0,1,0,0,0,797765,31,5823656,347
142622,11,11,11030721,11300722,2020,9,16,2,3,8,1,0,0,1,0,0,0,0,0,803912,542,5828426,258
142623,11,12,12231101,12400722,2020,9,7,5,3,5,3,0,1,1,0,0,0,0,0,791560,9806,5838308,71
142624,11,1,1033201,1300834,2020,8,16,5,3,0,2,0,1,1,0,0,0,0,0,798447,5524,5830182,53
142625,11,5,5020419,5200423,2020,9,16,1,3,5,2,0,0,1,0,0,0,0,0,780873,765,5828322,24
142626,11,11,11030619,11300620,2020,9,15,5,3,2,6,0,0,1,0,0,0,0,0,804163,5929,5829699,483
142627,11,12,12214421,12200307,2020,8,14,2,3,6,4,0,0,0,1,0,0,1,0,793349,1617,5833646,583
142628,11,8,8041037,8401243,2020,8,7,5,3,0,3,0,0,1,0,1,0,0,1,805575,184,5818590,921
142629,11,9,9010301,9100304,2020,9,10,6,3,5,2,0,1,1,0,0,0,0,0,804670,527,5822166,408
142630,11,2,2020203,2200209,2020,8,7,5,3,5,2,0,1,1,0,0,0,0,0,797478,5292,5824554,602
142631,11,12,12214421,12200307,2020,8,12,2,3,5,2,0,0,1,0,1,0,0,0,792912,2238,5833869,787
142632,11,1,1022205,1200627,2020,9,12,2,3,5,2,0,1,1,0,0,0,0,0,795483,4301,5828417,929
142633,11,2,2020203,2200209,2020,9,6,5,3,0,5,0,0,1,0,1,0,0,1,797553,6425,5824017,873
142634,11,2,2020202,2200208,2020,8,12,2,3,5,7,0,1,1,0,0,0,0,0,797457,4088,5825350,348
142635,11,7,7040406,7400928,2020,8,0,5,3,2,2,2,1,1,0,0,0,0,1,800302,124,5821985,974
142636,11,12,12301204,12500927,2020,9,1,7,3,3,6,2,1,1,0,0,0,0,0,792716,6413,5836930,827
142637,11,11,11020411,11200410,2020,9,15,4,3,4,6,0,1,0,0,0,0,0,0,806134,3778,5832015,607
142638,11,4,4010102,4100101,2020,8,11,2,2,5,2,0,0,1,0,1,0,0,0,793340,975,5829718,481
142639,11,5,5010339,5100317,2020,8,15,5,3,2,6,0,0,1,0,0,0,1,0,787582,402,5828025,375
142640,11,1,1011101,1100101,2020,8,7,5,3,6,7,0,0,0,1,0,0,1,0,794655,997,5826066,816
142641,11,10,10020620,10200627,2020,9,14,6,2,6,4,0,0,1,1,0,0,0,0,811232,625,5829529,76
142642,11,3,3040512,3400619,2020,8,14,5,3,1,5,0,1,1,0,0,0,0,0,795576,5705,5835066,248
142643,11,7,7070701,7601442,2020,8,0,5,3,5,3,2,0,1,0,0,0,0,1,798705,9571,5816009,141
142644,11,4,4030931,4501042,2020,9,16,2,3,5,3,0,1,1,0,0,0,0,0,793919,6434,5825518,39
142645,11,1,1022207,1200629,2020,9,20,5,3,5,2,2,1,1,0,0,0,0,0,794393,3803,5827610,607
142646,11,5,5010103,5100105,2020,8,14,5,3,2,6,0,0,1,0,0,0,0,1,785121,4665,5831162,785
142647,11,4,4020313,4200311,2020,9,15,1,3,0,1,0,0,1,0,1,0,0,0,790450,1825,5826694,14
142648,11,3,3020209,3200205,2020,9,13,5,3,5,2,0,1,1,0,0,0,0,0,797874,6333,5836022,591
142649,11,1,1011203,1100206,2020,8,11,2,3,5,3,0,0,1,0,0,0,0,0,798041,4138,5827396,565
142650,11,5,5030832,5300839,2020,8,14,5,3,5,3,0,1,1,0,0,0,0,0,789000,648,5829788,258
142651,11,1,1011202,1100206,2020,9,18,7,3,2,7,0,0,0,0,1,0,1,1,797854,7596,5828173,628
142652,11,10,10040829,10400836,2020,9,9,4,2,5,2,0,1,1,0,0,0,0,0,811232,8,5827786,675
142653,11,8,8020726,8200831,2020,8,10,2,3,5,3,0,1,1,0,0,0,0,0,799592,9374,5816418,432
142654,11,1,1022204,1200626,2020,8,13,5,3,5,2,0,0,1,0,0,0,0,0,795321,433,5828227,271
142655,11,11,11040926,11400931,2020,9,10,6,3,6,7,0,0,1,1,0,0,0,1,806296,9774,5826844,33
142656,11,1,1011401,1100415,2020,9,22,7,3,5,2,2,1,0,0,1,0,0,0,798234,4931,5829042,13
142657,11,6,6040810,6400844,2020,9,14,4,3,5,3,0,0,1,0,0,0,0,1,790829,9299,5821169,235
142658,11,8,8041037,8401243,2020,8,10,2,3,5,5,0,1,1,0,0,0,0,0,806586,5664,5817657,397
142659,11,5,5010101,5100101,2020,8,13,5,3,0,1,0,1,0,0,0,0,0,0,784056,4221,5832420,351