OBJECTID,LAND,BEZ,LOR,LOR_ab_2021,UJAHR,UMONAT,USTUNDE,UWOCHENTAG,UKATEGORIE,UART,UTYP1,ULICHTVERH,IstRad,IstPKW,IstFuss,IstKrad,IstGkfz,IstSonstige,USTRZUSTAND,LINREFX,LINREFY,XGCSWGS84,YGCSWGS84
142660,11,6,6030502,6300525,2020,8,13,5,3,8,1,0,0,1,0,0,0,0,0,789653,753,5815580,141
142661,11,12,12231101,12400723,2020,9,12,6,3,0,3,0,1,0,0,1,0,0,1,791421,331,5838754,708
142662,11,7,7040404,7400826,2020,8,12,5,3,5,2,0,0,1,0,0,0,1,0,797337,8939,5820567,959
142663,11,8,8010404,8100417,2020,8,12,5,3,6,4,0,0,1,1,0,0,0,0,802580,1619,5823089,59
142664,11,6,6030503,6300527,2020,9,15,2,3,5,3,0,0,1,0,0,0,0,0,790501,8668,5818059,442
142665,11,8,8010115,8100102,2020,9,18,5,2,2,6,0,0,1,0,0,0,0,0,799822,9323,5823662,717
142666,11,6,6010103,6100103,2020,8,11,5,3,6,2,0,0,0,1,0,1,0,0,793783,2732,5821190,929
142667,11,4,4051448,4501045,2020,9,13,1,2,3,6,0,0,1,0,0,0,1,0,793964,4794,5824928,9
142668,11,7,7030301,7300517,2020,9,9,5,3,5,3,0,1,1,0,0,0,0,0,794210,3321,5822753,262
142669,11,1,1011306,1100313,2020,8,10,2,3,1,5,0,1,1,0,0,0,0,0,800172,717,5826858,347
142670,11,12,12302107,12601236,2020,8,10,5,3,4,6,0,0,1,0,0,0,0,0,794309,519,5836347,666
142671,11,4,4030725,4300416,2020,9,12,7,3,2,6,0,1,1,0,0,0,0,1,791796,9908,5825874,61
142672,11,9,9030901,9300920,2020,9,8,4,3,0,1,0,1,0,0,0,0,0,1,808742,4717,5817407,91
142673,11,1,1033203,1300836,2020,8,10,2,2,5,3,0,0,1,0,1,0,0,0,796683,4237,5830127,775
142674,11,4,4041137,4400727,2020,8,9,5,3,2,6,0,0,1,0,0,0,0,0,791016,9,5823087,832
142675,11,2,2030401,2300417,2020,9,8,6,3,3,6,0,0,1,0,1,0,0,1,800592,5939,5825709,203
142676,11,4,4020310,4200308,2020,8,8,5,3,5,2,0,1,1,0,0,0,0,0,789791,1122,5827395,278
142677,11,8,8010214,8100209,2020,9,11,2,3,5,3,0,0,1,0,0,0,0,0,801309,4673,5822235,949
142678,11,7,7050501,7501029,2020,9,16,5,3,2,2,0,0,1,0,0,0,0,0,797344,5681,5818664,392
142679,11,8,8020727,8200832,2020,8,7,5,3,5,2,0,1,0,0,0,1,0,0,800306,7508,5816730,757
142680,11,2,2020204,2200210,2020,8,7,5,2,5,3,0,0,1,0,0,0,0,0,798309,7499,5824992,139
142681,11,12,12231101,12400722,2020,9,13,2,3,5,3,0,1,1,0,0,0,0,0,791307,3389,5838640,3
142682,11,4,4041342,4400833,2020,9,17,5,3,6,4,0,1,0,1,0,0,0,0,792197,3821,5822341,427
142683,11,1,1011302,1100309,2020,8,5,5,3,5,2,2,1,1,0,0,0,0,0,798930,2817,5828390,939
142684,11,1,1011202,1100206,2020,9,11,1,2,5,2,0,1,1,0,0,0,0,0,797864,2622,5827633,13
142685,11,5,5030731,5300737,2020,9,16,4,3,6,4,0,0,1,1,0,0,0,1,787968,4152,5829844,88
142686,11,11,11030619,11300620,2020,8,10,2,3,6,4,0,0,1,1,0,0,0,0,803816,2534,5829074,119
142687,11,1,1011202,1100206,2020,9,12,3,3,5,3,0,1,1,0,0,0,0,0,797379,483,5827721,383
142688,11,4,4031032,4500937,2020,8,18,4,3,3,6,0,1,1,0,0,0,0,0,791287,866,5825003,313
142689,11,1,1022206,1200628,2020,9,0,7,3,0,2,2,0,1,0,1,0,0,0,796124,7189,5828424,232
142690,11,3,3020210,3200207,2020,9,11,4,2,5,3,0,0,1,0,0,1,0,1,799297,169,5835997,204
142691,11,8,8041037,8401243,2020,9,18,3,3,3,6,0,1,0,0,0,0,1,0,805607,2917,5818661,21
142692,11,1,1011401,1100415,2020,8,9,4,3,5,2,0,1,1,0,0,0,0,0,798120,3268,5829344,407
142693,11,5,5030730,5300736,2020,9,13,6,3,2,6,0,0,1,0,0,0,0,0,786281,2851,5829136,342
142694,11,2,2050602,2500727,2020,8,11,4,3,5,2,0,1,1,0,0,0,0,0,802599,3722,5827777,659
142695,11,7,7030303,7300619,2020,9,18,3,3,2,6,0,0,1,0,0,0,0,0,795709,8345,5822610,759
142696,11,3,3020307,3200310,2020,9,13,2,3,5,2,0,1,1,0,0,0,0,0,799547,4122,5837797,44
142697,11,6,6020303,6200313,2020,9,8,5,3,5,2,0,1,0,0,0,0,1,1,795509,1247,5818340,199
142698,11,1,1033102,1300733,2020,8,16,4,3,5,2,0,1,1,0,0,0,0,1,797013,6704,5831489,619
142699,11,3,3050925,3500936,2020,9,18,1,3,1,5,0,1,1,0,0,0,0,0,802764,9265,5831624,364
142700,11,4,4030828,4300624,2020,9,17,4,3,5,3,0,0,1,0,0,0,0,1,792980,6063,5826257,846
142701,11,5,5010101,5100101,2020,8,16,2,3,1,5,0,0,1,0,1,0,0,1,785411,3579,5832758,391
142702,11,9,9010401,9100407,2020,8,23,4,2,8,1,2,0,0,0,1,0,0,1,805675,2903,5821395,475
142703,11,8,8030830,8300935,2020,8,21,4,3,2,6,2,1,1,0,0,0,0,1,802669,1261,5818084,621
142704,11,1,1011103,1100103,2020,9,13,6,3,5,2,0,0,1,0,0,0,0,0,795408,5009,5825823,96
142705,11,9,9010201,9100202,2020,9,11,4,3,5,2,0,1,1,0,0,0,0,1,802662,1358,5824422,247
142706,11,2,2030301,2300314,2020,9,14,5,2,1,5,0,1,0,0,0,0,1,0,799856,833,5825998,924
142707,11,6,6010102,6100102,2020,9,17,4,3,2,6,0,0,1,0,0,0,0,0,793710,6275,5821026,407
142708,11,9,9020701,9200715,2020,9,22,5,3,5,2,2,0,1,0,0,0,0,0,807651,8776,5819367,12
142709,11,6,6020303,6200313,2020,9,17,1,3,5,2,0,1,1,0,0,0,0,0,795349,7342,5818442,672
142710,11,2,2050602,2500727,2020,9,9,3,3,2,7,0,0,1,0,0,0,1,0,802688,3599,5828127,659
142711,11,1,3071536,3701554,2020,9,14,7,3,3,6,0,1,1,0,0,0,0,0,798939,3892,5829623,342
142712,11,3,3030406,3300413,2020,9,15,4,3,3,6,0,1,1,0,0,0,0,0,802911,1195,5837599,97
142713,11,7,7020202,7200308,2020,9,14,6,3,5,2,0,1,1,0,0,0,0,0,794980,925,5823818,858
142714,11,9,9051901,9501939,2020,9,16,4,3,4,6,0,1,0,0,0,0,0,0,809678,2605,5821383,648
142715,11,1,1011305,1100312,2020,9,8,2,2,5,2,0,1,0,0,0,1,0,0,799648,8558,5827040,5
142716,11,11,11010206,11100205,2020,9,16,4,3,5,3,0,1,0,0,1,0,0,0,805881,6143,5834145,813
142717,11,7,7020203,7200409,2020,9,12,1,3,0,7,0,0,1,0,0,0,1,0,795672,8883,5824092,31
142718,11,4,4031032,4500937,2020,9,18,3,3,2,6,0,1,1,0,0,0,0,0,790975,926,5824822,844
142719,11,4,4030930,4501041,2020,9,21,6,3,0,1,2,0,0,0,1,0,0,0,793270,5882,5825637,89
142720,11,6,6030502,6300525,2020,9,17,2,3,2,6,0,0,1,0,0,0,0,0,790334,4739,5814651,252
142721,11,8,8020727,8200832,2020,9,12,3,3,1,5,0,1,1,0,0,0,0,0,801507,8609,5817671,192
142722,11,12,12214424,12200309,2020,9,9,6,3,5,2,0,1,1,0,0,0,0,0,793492,3133,5832428,305
142723,11,7,7040401,7400720,2020,9,20,2,2,4,6,1,0,1,0,0,0,0,0,796757,4301,5823863,378
142724,11,3,3071537,3701556,2020,9,7,6,3,6,7,0,1,0,1,0,0,0,0,799570,1358,5829303,191
142725,11,12,12214528,12400619,2020,9,15,4,3,4,6,0,0,1,0,0,0,0,0,787908,7357,5835939,179
142726,11,12,12214527,12200515,2020,9,10,2,3,6,3,0,0,1,1,0,0,0,0,790252,236,5835562,787
142727,11,9,9020802,9200819,2020,9,14,4,3,3,6,0,1,0,0,0,0,0,0,810605,6218,5820304,53
142728,11,9,9020802,9200819,2020,9,7,1,3,1,5,0,0,1,0,0,0,0,0,810700,8676,5819133,855
142729,11,8,8010213,8100208,2020,9,16,3,3,0,7,0,0,1,0,1,0,0,0,801642,31,5822561,223
142730,11,5,5030731,5300737,2020,9,18,6,2,6,4,0,0,1,1,0,0,0,0,787305,5171,5830193,943
142731,11,2,2040701,2400623,2020,9,18,2,3,1,5,0,1,1,0,0,0,0,0,800383,133,5827143,923
142732,11,11,11041128,11401136,2020,9,12,5,3,1,5,0,1,1,0,0,0,0,0,806038,9869,5826401,274
142733,11,7,7030303,7300619,2020,9,21,4,2,5,3,2,1,1,0,0,0,0,0,796050,3748,5822865,708
142734,11,2,2030302,2300315,2020,9,20,5,3,5,3,1,0,1,0,1,0,0,0,800787,2124,5825827,322
142735,11,6,6040804,6400838,2020,9,12,1,3,5,3,0,0,1,0,0,0,0,0,788247,8865,5818931,757
142736,11,8,8040933,8401139,2020,9,13,4,3,4,2,0,0,1,0,1,0,0,0,802918,1897,5818387,495
142737,11,2,2020205,2200211,2020,9,2,6,3,1,5,2,0,1,0,0,0,1,0,798282,7677,5824733,492
142738,11,4,4030931,4501042,2020,9,13,4,3,0,2,0,1,1,0,0,0,0,0,793988,5591,5826151,233
142739,11,11,11020514,11200513,2020,9,13,2,3,0,2,0,1,1,0,0,0,0,0,804370,7764,5830843,358
142740,11,2,2020204,2200210,2020,9,13,4,3,5,3,0,0,1,0,1,0,1,0,798312,9057,5825200,565
142741,11,6,6040701,6400735,2020,9,14,7,2,5,3,0,1,1,0,0,0,0,0,783928,7795,5815910,226
142742,11,7,7040402,7400822,2020,9,15,3,2,6,4,0,0,1,1,0,0,0,0,796305,2821,5820714,558
142743,11,7,7010104,7100205,2020,9,13,6,2,2,2,0,0,1,0,1,0,0,0,796053,6531,5825371,707
142744,11,1,1011204,1100207,2020,9,15,2,3,0,3,0,1,0,0,1,0,0,0,798916,6567,5827328,54
142745,11,1,1011302,1100309,2020,9,15,5,3,1,5,0,0,1,0,0,0,1,0,797946,2008,5828461,725
142746,11,9,9010301,9100304,2020,9,20,4,3,5,2,2,0,1,0,0,0,1,0,804385,8258,5821737,983
142747,11,1,1033101,1300732,2020,9,20,5,3,6,4,1,0,1,1,0,0,0,0,797633,8703,5832814,4
142748,11,2,2020204,2200210,2020,9,20,1,3,5,3,2,0,1,0,0,0,0,0,798943,7122,5825242,128
142749,11,6,6020410,6200422,2020,9,9,3,3,5,3,0,0,1,0,0,0,0,0,794197,2911,5816848,997
142750,11,9,9020502,9200512,2020,9,15,7,3,3,6,0,0,1,0,1,0,0,0,809160,972,5821551,172
142751,11,3,3071639,3701660,2020,9,11,4,3,0,7,0,1,0,0,0,0,0,0,800128,2524,5828992,342
142752,11,3,3071536,3701554,2020,9,7,6,3,5,2,0,1,1,0,0,0,0,0,799148,5499,5829204,984
142753,11,6,6030503,6300526,2020,9,18,7,2,5,3,0,1,1,0,0,0,0,0,789262,3862,5818040,434
142754,11,3,3061126,3601141,2020,9,11,2,3,5,3,0,0,1,0,0,0,1,0,799231,9995,5831526,286
142755,11,9,9010401,9100407,2020,9,14,6,3,0,3,0,0,1,0,0,0,1,0,806287,3092,5820686,25
142756,11,11,11030824,11300826,2020,9,12,2,3,5,2,0,0,1,0,1,0,0,0,804487,3172,5827335,8
142757,11,1,1011102,1100102,2020,9,13,5,3,6,4,0,0,1,1,0,0,0,0,795308,189,5827369,118
142758,11,1,1011105,1100102,2020,9,11,4,3,2,2,0,1,0,0,0,0,1,0,795699,743,5826298,223
142759,11,7,7040405,7400927,2020,9,19,5,3,5,7,1,0,1,0,0,0,0,0,798603,6366,5821887,605
142760,11,12,12302212,12601032,2020,9,16,1,3,2,6,0,0,1,0,0,0,0,0,793230,1484,5837707,379
142761,11,8,8030829,8300934,2020,9,11,3,3,2,6,0,0,1,0,0,0,0,0,803635,233,5818088,257
142762,11,5,5030730,5300735,2020,9,13,7,3,5,3,0,1,1,0,0,0,0,0,787007,8691,5830796,817
142763,11,10,10010310,10100313,2020,9,10,4,3,5,2,0,0,1,0,0,0,1,0,808468,3612,5831152,214
142764,11,3,3020209,3200205,2020,9,5,6,3,5,3,2,1,1,0,0,0,0,0,798140,3049,5835471,459
142765,11,9,9010202,9100203,2020,9,9,4,3,5,2,0,0,1,0,0,0,0,0,804106,1102,5823595,16
142766,11,8,8041038,8401244,2020,9,7,2,3,5,3,0,1,0,0,0,0,1,0,805759,7655,5816788,609
142767,11,5,5020625,5200629,2020,9,9,4,3,6,4,0,0,0,1,0,0,1,0,784033,8992,5828716,274
142768,11,7,7040401,7400720,2020,9,9,4,3,5,7,0,0,1,0,0,0,1,0,797654,738,5823925,329
142769,11,7,7030303,7300619,2020,9,9,2,3,0,1,0,1,0,0,0,0,0,0,795369,1943,5820978,263
142770,11,2,2020206,2200213,2020,9,11,5,2,1,5,0,1,1,0,0,0,0,0,799464,5833,5824930,863
142771,11,5,5020419,5200423,2020,9,8,4,3,2,2,0,0,1,0,0,0,0,0,782029,9981,5828289,466
142772,11,2,2030401,2300418,2020,9,13,1,3,5,3,0,1,1,0,0,0,0,0,801613,1096,5825284,262
142773,11,11,11030617,11300616,2020,9,17,3,2,0,1,0,1,0,0,0,0,0,0,803129,2822,5829953,661
142774,11,9,9020802,9200819,2020,9,16,6,3,5,2,0,1,1,0,0,0,0,0,810528,7228,5820028,523
142775,11,3,3030711,3300514,2020,9,18,2,2,5,2,0,0,1,0,1,0,0,0,802484,5332,5836784,983
142776,11,1,1044203,1401049,2020,9,14,6,3,0,2,0,1,1,0,0,0,0,0,795899,65,5831965,86
142777,11,9,9010402,9100408,2020,9,8,4,3,5,3,0,0,1,0,0,0,1,0,806543,3635,5820224,921
142778,11,6,6020302,6200312,2020,9,12,2,3,5,2,0,0,1,0,0,0,0,0,794831,2538,5819322,13
142779,11,4,4030623,4300622,2020,9,8,4,2,2,6,0,0,1,0,0,0,1,0,792871,9509,5826981,32
142780,11,8,8010302,8100313,2020,9,15,1,3,1,5,0,1,1,0,0,0,0,0,801798,9377,5824371,184
142781,11,1,1022102,1200518,2020,9,15,3,2,5,2,0,0,1,0,1,0,0,0,793558,4246,5828923,473
142782,11,5,5010101,5100101,2020,9,17,6,3,0,1,1,1,0,0,0,0,0,0,785143,7829,5833946,451
142783,11,1,1011101,1100101,2020,9,11,1,3,0,1,0,1,0,0,0,0,0,0,795299,6652,5826465,751
142784,11,1,1033202,1300835,2020,9,18,3,3,5,3,0,1,1,0,0,0,0,0,796983,6063,5830179,319
142785,11,4,4051549,4501146,2020,9,18,6,3,0,2,0,0,1,0,1,0,0,0,793306,1271,5823623,479
142786,11,9,9020501,9200510,2020,9,16,2,3,1,5,0,1,1,0,0,0,0,0,806203,1133,5822531,828
142787,11,8,8020620,8200624,2020,9,16,5,2,0,7,0,1,0,0,0,0,0,1,800585,5167,5821182,39
142788,11,2,2010101,2100101,2020,9,8,4,3,0,1,0,1,0,0,0,0,0,0,797670,476,5825860,996
142789,11,5,5020626,5200630,2020,9,13,2,3,1,5,0,0,1,0,0,0,1,0,784312,6976,5827233,976
142790,11,11,11051331,11501340,2020,9,6,4,3,5,2,0,1,1,0,0,0,0,0,807248,8056,5824233,235
142791,11,1,1011302,1100309,2020,9,20,7,3,2,2,1,1,1,0,0,0,0,0,797997,355,5828902,547
142792,11,10,10010309,10100312,2020,9,15,2,3,0,2,0,1,0,0,0,0,1,0,807934,6064,5829198,18
142793,11,1,1011301,1100308,2020,9,12,6,3,5,7,0,1,1,0,0,0,0,0,797099,2189,5828837,981
142794,11,3,3050923,3500934,2020,9,14,2,3,5,3,0,1,1,0,0,0,0,0,800901,401,5832107,389
142795,11,3,3020307,3200310,2020,9,14,5,3,5,2,0,1,1,0,0,0,0,0,799851,3909,5837898,307
142796,11,11,11030618,11300617,2020,9,5,4,2,6,4,1,0,0,1,1,0,0,0,802618,361,5829319,628
142797,11,7,7030301,7300516,2020,9,18,5,3,1,5,0,1,1,0,0,0,0,0,794160,6886,5821892,47
142798,11,1,1011302,1100309,2020,9,20,1,3,5,7,2,0,1,0,0,0,1,0,798295,7016,5828773,347
142799,11,1,1011204,1100207,2020,9,16,2,3,2,6,0,0,1,0,0,0,0,0,798588,498,5826884,205
142800,11,9,9020701,9200715,2020,9,6,5,2,5,2,0,0,1,0,1,0,0,0,807440,41,5818120,131
142801,11,5,5030730,5300736,2020,9,14,3,2,1,7,0,0,1,0,0,0,1,0,786119,7871,5829357,92
142802,11,1,1022102,1200518,2020,9,18,5,3,2,6,0,0,1,0,0,0,1,0,793556,3609,5828903,332
142803,11,2,2020203,2200209,2020,9,19,1,3,5,3,0,1,0,0,0,0,1,0,797495,454,5824704,249
142804,11,4,4030930,4501041,2020,9,18,7,3,5,2,0,1,1,0,0,0,0,0,793283,7827,5825642,66
142805,11,4,4030931,4501042,2020,9,10,5,3,1,5,0,1,1,0,0,0,0,0,794360,1056,5826062,626
142806,11,2,2030302,2300316,2020,9,21,2,3,1,5,2,1,1,0,0,0,0,0,800534,884,5826653,374
142807,11,2,2040502,2400521,2020,9,11,6,3,5,2,0,1,1,0,0,0,0,0,800482,2319,5828442,679
142808,11,5,5040936,5400943,2020,9,8,2,3,5,3,0,1,1,0,0,0,0,0,780413,3213,5820867,227
142809,11,5,5010314,5100316,2020,9,12,5,3,0,1,0,0,0,0,1,0,0,0,784978,2372,5829177,987
142810,11,11,11030720,11300721,2020,9,12,3,3,5,2,0,1,1,0,0,0,0,0,805674,8649,5830065,756
142811,11,5,5010314,5100316,2020,9,18,5,3,3,6,1,0,1,0,1,0,0,0,785063,9112,5829470,76
142812,11,1,1011302,1100309,2020,9,15,1,2,0,6,0,1,1,0,0,0,0,0,798511,7916,5828735,195
142813,11,3,3071537,3701556,2020,9,9,5,3,5,3,0,0,1,0,1,0,0,0,799377,5844,5829516,645
142814,11,1,1011303,1100310,2020,9,12,3,2,5,3,0,0,1,0,0,0,1,0,799218,4358,5827580,27
142815,11,10,10010311,10100316,2020,9,8,7,2,6,4,0,0,0,1,0,0,1,0,810839,1141,5832064,331
142816,11,6,6030501,6300524,2020,9,10,5,3,6,3,0,0,1,1,0,0,0,0,788545,2731,5816883,298
142817,11,8,8010404,8100417,2020,9,9,3,3,2,2,0,0,1,0,1,0,0,0,802577,318,5823080,73
142818,11,8,8041035,8401241,2020,9,14,7,3,2,2,0,0,1,0,0,0,0,0,804769,552,5817845,87
142819,11,12,12231102,12400720,2020,9,12,3,3,1,5,0,1,0,0,0,0,1,0,789706,9759,5840692,215
142820,11,5,5030731,5300737,2020,9,10,6,3,0,6,0,0,1,0,0,0,1,0,787367,754,5829825,34
142821,11,1,1011201,1100205,2020,9,12,3,3,2,6,0,1,0,0,0,0,0,0,797206,6383,5827476,675
142822,11,3,3030716,3300517,2020,9,9,2,3,5,3,0,1,1,0,0,0,0,0,802495,2689,5833853,234
142823,11,1,1022106,1200522,2020,9,10,5,3,5,2,0,0,1,0,0,0,0,0,793681,2642,5828109,811
142824,11,7,7040402,7400822,2020,9,11,3,2,2,6,0,0,0,0,1,0,1,0,796829,7376,5820819,738
142825,11,4,4020311,4200310,2020,9,13,1,3,6,4,0,0,1,1,0,0,0,0,789084,9296,5826988,424
142826,11,7,7070703,7601544,2020,9,9,5,3,5,2,0,0,1,0,0,0,0,0,799790,7112,5813977,48
142827,11,2,2010103,2100104,2020,9,19,3,3,1,5,0,1,1,0,0,0,0,0,799275,391,5826110,794
142828,11,9,9051702,9501737,2020,9,21,6,2,7,7,2,0,0,0,1,0,0,0,815411,7356,5821903,18
142829,11,3,3071537,3701555,2020,9,17,2,2,5,2,0,1,1,0,0,0,0,0,799714,8286,5830083,633
142830,11,4,4030518,4300517,2020,9,23,6,3,5,3,2,1,1,0,0,0,0,0,791822,2237,5828728,439
142831,11,3,3040513,3400620,2020,9,11,3,3,3,2,0,1,1,0,0,0,0,0,797006,565,5833768,398
142832,11,5,5020417,5200420,2020,9,14,2,3,5,3,0,1,1,0,0,0,0,0,782300,9137,5828520,38
142833,11,2,2010101,2100101,2020,9,20,2,2,1,5,2,1,1,0,0,0,0,0,797775,2557,5826013,961
142834,11,1,1011302,1100309,2020,9,9,6,3,0,1,0,1,0,0,0,0,0,0,799035,5535,5828948,727
142835,11,7,7020203,7200409,2020,9,10,3,3,2,7,0,1,1,0,0,0,0,0,795536,2083,5824321,393
142836,11,4,4030518,4300517,2020,9,7,2,3,2,2,0,0,1,0,0,0,0,0,791910,5612,5828199,163
142837,11,12,12301203,12500926,2020,9,10,3,3,5,2,0,0,1,0,0,0,0,0,793539,8396,5835459,937
142838,11,5,5020625,5200629,2020,9,9,1,3,5,3,0,1,0,0,0,0,0,0,784405,3489,5828666,688
142839,11,2,2040701,2400521,2020,9,9,5,3,5,2,0,1,1,0,0,0,0,0,800426,4326,5827978,38
142840,11,7,7070703,7601544,2020,9,17,3,2,5,2,0,0,1,0,0,0,0,0,799775,2416,5813975,576
142841,11,5,5040934,5400942,2020,9,18,6,3,0,2,0,1,1,0,0,0,0,0,783972,6157,5823295,44
142842,11,5,5020628,5200633,2020,9,16,2,3,2,6,0,0,1,0,1,0,0,0,784134,1874,5827284,763
142843,11,11,11030721,11300724,2020,9,8,5,3,5,3,0,1,1,0,0,0,0,0,804656,1673,5827828,604
142844,11,5,5020417,5200420,2020,9,9,3,3,5,3,0,0,1,0,0,0,0,0,781873,1631,5829138,316
142845,11,2,2040701,2400521,2020,9,17,5,3,5,2,0,1,1,0,0,0,0,0,800426,785,5827979,952
142846,11,4,4020311,4200310,2020,9,12,2,3,0,6,0,0,0,0,1,0,0,0,789826,3133,5826356,558
142847,11,1,1044202,1401046,2020,9,9,3,3,0,6,0,0,1,0,1,0,0,0,794802,5616,5830133,397
142848,11,4,4030931,4501042,2020,9,19,7,2,5,3,1,0,1,0,0,0,1,0,794359,3542,5825930,658
142849,11,3,3020210,3200207,2020,9,10,2,3,5,3,0,0,1,0,0,0,0,0,798504,8782,5835382,317
142850,11,3,3071536,3701554,2020,9,9,3,3,5,2,0,1,1,0,0,0,0,0,799150,6733,5829207,831
142851,11,9,9020701,9200715,2020,9,15,7,2,4,6,0,1,0,0,0,0,0,0,809422,2344,5818407,304
142852,11,9,9041402,9401432,2020,9,15,3,3,2,2,0,0,1,0,0,0,0,0,812135,2022,5820282,921
142853,11,7,7010102,7100102,2020,9,17,6,3,5,2,0,0,1,0,0,0,0,0,794956,314,5825652,33
142854,11,12,12214527,12200515,2020,9,15,2,3,2,6,0,0,1,0,0,0,0,0,789982,1584,5835524,75
142855,11,9,9041501,9401534,2020,9,15,5,3,5,3,0,1,1,0,0,0,0,0,810884,7756,5820660,768
142856,11,6,6040806,6400840,2020,9,8,3,3,5,2,0,0,1,0,0,0,0,0,789033,3947,5819696,37
142857,11,4,4030518,4300517,2020,9,17,5,3,5,2,0,0,1,0,0,0,0,0,791390,5075,5828585,827
142858,11,6,6010103,6100103,2020,9,22,1,2,2,6,2,0,1,0,0,0,1,0,793043,8271,5821515,429
142859,11,1,1022206,1200628,2020,9,9,5,3,6,4,0,1,0,1,0,0,0,0,796458,2156,5828234,71
142860,11,1,1011203,1100206,2020,9,9,3,3,2,6,0,1,1,0,0,0,0,0,797610,207,5827024,814
142861,11,1,1011304,1100311,2020,9,15,7,3,2,1,0,1,0,0,0,0,0,0,799920,1231,5827786,647
142862,11,4,4030931,4501042,2020,9,8,5,3,5,7,0,1,1,0,0,0,0,0,794536,5419,5825955,801
142863,11,1,1011305,1100312,2020,9,10,6,2,3,6,0,1,1,0,0,0,0,0,799495,1755,5827072,79
142864,11,1,1044101,1400937,2020,9,10,2,3,2,2,0,0,1,0,0,0,1,0,793800,2589,5832174,58
142865,11,10,10030724,10300731,2020,9,12,5,3,3,6,0,0,1,0,0,0,1,0,809633,4775,5829724,342
142866,11,10,10020416,10200423,2020,9,15,6,3,2,2,0,0,1,0,0,0,0,0,813237,2923,5831071,23
142867,11,10,10010204,10100206,2020,9,14,2,3,6,4,0,0,1,1,0,0,0,0,809116,4213,5833030,371
142868,11,2,2050601,2500726,2020,9,13,5,3,6,2,0,0,1,1,0,0,0,0,801856,1843,5829013,45
142869,11,5,5020523,5200528,2020,9,8,3,3,5,3,0,0,1,0,0,0,0,0,782365,438,5827036,95
142870,11,5,5010209,5100211,2020,9,17,5,3,2,6,0,1,1,0,0,0,0,0,783189,5158,5829264,876
142871,11,6,6030503,6300526,2020,9,17,1,3,5,3,0,0,1,0,1,0,0,0,789327,7758,5817264,193
142872,11,1,1022207,1200629,2020,9,10,3,3,5,2,0,0,1,0,0,0,0,0,794558,3019,5827508,5
142873,11,4,4030519,4300518,2020,9,14,7,3,5,2,0,1,1,0,0,0,0,0,792061,5836,5828220,647
142874,11,1,1044101,1400938,2020,9,8,3,3,6,6,0,1,0,1,0,0,0,0,794414,658,5831432,771
142875,11,8,8010117,8100102,2020,9,10,6,3,3,6,0,1,1,0,0,0,0,0,800556,1204,5823312,61
142876,11,5,5010314,5100316,2020,9,6,3,3,0,2,0,0,1,0,0,0,1,0,784838,9207,5829255,827
142877,11,9,9020701,9200715,2020,9,8,2,3,5,2,0,1,1,0,0,0,0,0,809065,709,5818189,187
142878,11,2,2050602,2500729,2020,9,2,3,2,0,1,2,0,0,0,0,0,1,0,803425,398,5827731,751
142879,11,4,4041342,4400833,2020,9,12,1,3,6,7,0,0,1,1,0,0,0,0,792552,5012,5822518,755
142880,11,2,2050803,2500835,2020,9,8,5,3,8,1,0,0,0,0,1,0,0,0,802458,9287,5826252,756
142881,11,9,9051702,9501737,2020,9,18,3,3,5,2,0,1,1,0,0,0,0,0,814202,9957,5820801,79
142882,11,7,7010104,7100205,2020,9,20,3,2,3,6,1,0,1,0,1,0,0,0,796456,158,5824885,664
142883,11,12,12214424,12200309,2020,9,13,1,3,3,6,0,0,1,0,0,0,1,0,792746,36,5832760,528
142884,11,12,12103218,12100205,2020,9,12,3,3,0,1,0,0,0,0,1,0,0,0,794338,7404,5835493,853
142885,11,9,9020802,9200819,2020,9,16,6,3,5,2,0,1,1,0,0,0,0,0,810528,8394,5820028,233
142886,11,2,2040701,2400623,2020,9,18,2,3,5,3,0,0,1,0,0,0,1,0,800900,4209,5826865,323
142887,11,11,11030721,11300722,2020,9,3,6,3,0,1,2,1,0,0,0,0,0,0,803859,69,5828653,103
142888,11,4,4030620,4300619,2020,9,20,3,3,6,4,1,1,0,1,0,0,0,0,792204,8161,5827279,404
142889,11,1,1022106,1200522,2020,9,10,2,3,5,3,0,1,1,0,0,0,0,0,793716,7358,5827978,824
142890,11,2,2040701,2400623,2020,9,18,3,3,0,1,0,0,0,0,1,0,0,0,800438,7459,5827523,992
142891,11,1,1022105,1200521,2020,9,0,1,3,0,5,2,0,1,0,0,0,1,0,793712,5516,5828446,994
142892,11,1,1044201,1401045,2020,9,16,3,3,5,3,0,0,1,0,0,0,0,0,796690,7111,5831663,72
142893,11,4,4031032,4500937,2020,9,17,6,3,2,7,0,0,1,0,0,0,0,0,791672,2288,5825129,901
142894,11,2,2010102,2100102,2020,9,16,2,3,2,6,0,0,1,0,0,0,0,0,798326,7341,5825574,73
142895,11,10,10010308,10100311,2020,9,16,5,2,5,2,0,1,1,0,0,0,0,0,806638,4438,5830254,48