OBJECTID,LAND,BEZ,LOR,LOR_ab_2021,UJAHR,UMONAT,USTUNDE,UWOCHENTAG,UKATEGORIE,UART,UTYP1,ULICHTVERH,IstRad,IstPKW,IstFuss,IstKrad,IstGkfz,IstSonstige,USTRZUSTAND,LINREFX,LINREFY,XGCSWGS84,YGCSWGS84
143132,11,4,4030621,4300620,2020,9,9,2,3,5,2,0,1,1,0,0,0,0,0,794161,8034,5827014,911
143133,11,11,11030824,11300826,2020,9,9,5,3,0,6,0,1,0,0,0,0,1,0,804183,4561,5826807,334
143134,11,9,9020502,9200512,2020,9,9,2,3,5,2,0,0,0,0,0,1,1,0,809391,8899,5821482,711
143135,11,4,4010102,4100101,2020,9,12,5,3,5,3,0,1,1,0,0,0,0,0,792286,5859,5830601,649
143136,11,10,10030724,10300731,2020,9,15,5,3,3,6,0,1,1,0,0,0,0,0,808739,251,5828071,176
143137,11,2,2010103,2100105,2020,9,15,5,3,5,3,0,1,1,0,0,0,0,0,799593,8873,5825830,63
143138,11,3,3040614,3400725,2020,9,17,5,3,5,3,0,1,1,0,0,0,0,0,799987,6062,5835268,633
143139,11,3,3050925,3500936,2020,9,13,5,3,4,5,0,0,0,0,0,0,1,0,802499,3241,5831571,171
143140,11,8,8010303,8100314,2020,9,19,5,3,5,2,1,1,0,0,0,0,1,0,800330,5769,5824358,16
143141,11,9,9020701,9200715,2020,9,10,3,3,0,2,0,1,1,0,0,0,0,0,808879,869,5818933,662
143142,11,9,9041301,9401329,2020,9,23,1,2,8,1,2,1,0,0,0,0,0,0,816520,508,5818015,393
143143,11,12,12301203,12500926,2020,9,23,5,3,1,5,2,0,1,0,0,0,0,0,793400,5663,5835502,27
143144,11,8,8010214,8100209,2020,9,17,2,3,2,7,0,0,1,0,0,1,0,0,801744,5532,5822358,612
143145,11,1,1044202,1401047,2020,9,22,5,3,5,3,2,0,1,0,0,0,0,0,795395,622,5830587,844
143146,11,3,3050919,3500932,2020,9,7,3,3,5,2,0,0,1,0,0,0,1,0,802069,5397,5832773,724
143147,11,1,1044101,1400937,2020,9,21,5,3,0,1,2,0,0,0,1,0,0,0,794288,645,5831492,437
143148,11,11,11020514,11200513,2020,9,7,3,3,1,6,0,1,1,0,0,0,0,0,804458,753,5830468,882
143149,11,9,9020801,9200818,2020,9,20,5,3,2,6,2,0,1,0,0,0,0,0,809761,7363,5820705,166
143150,11,5,5040934,5400942,2020,9,7,3,3,0,1,0,0,0,0,1,0,0,0,783910,3487,5823428,851
143151,11,8,8010404,8100415,2020,9,20,5,3,2,6,2,0,1,0,0,0,0,0,801881,1532,5823595,55
143152,11,12,12103218,12100205,2020,9,15,2,3,2,6,0,0,1,0,0,0,0,0,794253,4133,5835440,186
143153,11,9,9052001,9502043,2020,9,7,2,2,5,3,0,1,1,0,0,0,0,0,809220,4642,5823021,359
143154,11,2,2040703,2400625,2020,9,7,3,3,5,3,0,1,1,0,0,0,0,0,801267,1424,5827424,411
143155,11,4,4041241,4400832,2020,9,19,5,3,6,2,1,0,1,1,0,0,0,0,791349,6555,5822555,281
143156,11,4,4020310,4200308,2020,9,16,2,3,3,6,0,0,1,0,1,0,0,0,790352,556,5827320,85
143157,11,2,2050801,2500832,2020,9,19,5,3,5,2,1,1,1,0,0,0,0,0,803425,201,5826919,534
143158,11,11,11010204,11100203,2020,9,18,5,3,5,2,0,1,1,0,0,0,0,0,807653,2067,5833600,18
143159,11,3,3061126,3601141,2020,9,18,5,3,1,6,0,1,1,0,0,0,0,0,799228,66,5831605,741
143160,11,10,10010102,10100102,2020,9,7,3,2,5,2,0,0,1,0,1,0,0,0,809347,4584,5834283,547
143161,11,1,1044201,1401044,2020,9,16,5,3,5,2,0,1,1,0,0,0,0,0,796212,9261,5830763,884
143162,11,11,11030618,11300619,2020,9,7,3,3,3,6,0,1,0,0,0,0,0,0,803810,1199,5828901,51
143163,11,7,7020204,7200412,2020,9,18,5,3,5,3,0,0,1,0,1,0,0,0,796297,3482,5823018,535
143164,11,7,7040403,7400823,2020,9,14,2,3,5,3,0,1,1,0,0,0,0,0,797024,2781,5820719,642
143165,11,3,3040614,3400721,2020,9,17,5,3,5,3,0,0,1,0,1,0,0,0,798164,7993,5833449,885
143166,11,8,8010117,8100103,2020,9,17,5,3,5,3,0,1,1,0,0,0,0,0,800693,8258,5822933,47
143167,11,7,7020201,7200307,2020,9,17,5,3,6,4,0,1,0,1,0,0,0,0,794648,8607,5824160,883
143168,11,6,6040810,6400844,2020,9,7,3,3,5,2,0,1,1,0,0,0,0,0,792465,2897,5821578,701
143169,11,2,2010104,2100106,2020,9,16,5,3,2,6,0,1,1,0,0,0,0,0,799689,4761,5825369,5
143170,11,1,1011301,1100308,2020,9,12,5,3,5,3,0,0,1,0,0,0,0,0,796973,7217,5828802,544
143171,11,4,4041344,4400835,2020,9,11,5,3,0,6,0,1,1,0,0,0,0,0,792982,4962,5822441,397
143172,11,2,2040701,2400623,2020,9,23,3,3,5,2,2,1,1,0,0,0,0,0,800283,4995,5827631,39
143173,11,2,2020204,2200210,2020,9,11,5,3,5,2,0,1,0,0,0,0,1,0,798843,6167,5825105,536
143174,11,4,4020310,4200308,2020,9,6,3,2,5,2,0,0,1,0,1,0,0,0,790328,4,5827555,284
143175,11,1,1022201,1200623,2020,9,23,3,3,5,2,2,1,1,0,0,0,0,0,795045,707,5829159,458
143176,11,2,2020203,2200208,2020,9,11,5,3,5,3,0,1,1,0,0,0,0,0,797805,869,5824909,476
143177,11,2,2050802,2500833,2020,9,21,2,3,2,7,2,1,1,0,0,0,0,0,802689,3395,5827317,61
143178,11,1,1033201,1300834,2020,9,7,2,3,0,2,0,1,1,0,0,0,0,0,798368,4737,5830148,158
143179,11,2,2030302,2300315,2020,9,10,5,3,5,3,0,0,1,0,0,0,1,0,801037,49,5825891,456
143180,11,1,1044103,1400942,2020,9,10,5,3,2,3,0,1,1,0,0,0,0,0,794748,8297,5830932,544
143181,11,6,6040810,6400844,2020,9,10,5,2,5,2,0,1,1,0,0,0,0,0,790239,77,5820060,834
143182,11,8,8020619,8200623,2020,9,21,3,3,0,2,2,0,1,0,1,0,0,0,802472,9403,5820705,406
143183,11,5,5010314,5100316,2020,9,20,1,3,6,2,1,0,1,1,0,0,0,0,784769,1053,5828813,329
143184,11,6,6030608,6300632,2020,9,9,5,3,5,2,0,0,1,0,0,0,1,0,791452,7334,5816679,507
143185,11,1,1011103,1100103,2020,9,12,2,3,6,4,0,1,0,1,0,0,0,0,795660,3844,5826101,591
143186,11,3,3071536,3701554,2020,9,8,5,3,5,2,0,0,1,0,1,0,0,0,799049,6994,5830160,776
143187,11,1,1011301,1100308,2020,9,20,1,3,1,5,1,0,1,0,0,0,1,0,796987,5449,5829392,764
143188,11,7,7010102,7100103,2020,9,8,5,3,1,5,0,1,1,0,0,0,0,0,795983,3966,5825361,511
143189,11,4,4051654,4501150,2020,9,19,2,3,6,2,1,0,1,1,0,0,0,0,793459,7099,5823931,758
143190,11,5,5020625,5200629,2020,9,8,5,3,3,2,0,0,1,0,1,0,0,0,784736,8272,5828587,905
143191,11,1,1033201,1300834,2020,9,18,2,3,5,3,0,0,1,0,0,0,1,0,797902,7303,5831002,621
143192,11,2,2050801,2500832,2020,9,15,5,3,0,3,0,0,1,0,1,0,0,0,803320,9434,5826748,258
143193,11,1,1011102,1100102,2020,9,15,5,3,2,6,0,0,1,0,0,0,0,0,795175,7581,5826915,248
143194,11,5,5010312,5100314,2020,9,14,5,2,5,3,0,0,1,0,1,0,0,0,785149,336,5829601,828
143195,11,3,3061228,3601245,2020,9,18,3,3,6,4,0,1,0,1,0,0,0,0,800903,3989,5831251,59
143196,11,5,5010207,5100209,2020,9,18,1,2,5,2,1,0,1,0,0,0,0,0,783691,634,5830166,826
143197,11,12,12224229,12400616,2020,9,14,5,2,5,3,0,0,1,0,0,0,0,0,786538,9627,5833199,462
143198,11,4,4020310,4200308,2020,9,11,2,3,2,2,0,0,1,0,0,0,0,0,790374,595,5827297,202
143199,11,12,12224230,12400619,2020,9,14,5,2,5,3,0,0,1,0,0,0,0,0,786832,538,5837501,135
143200,11,4,4051445,4500939,2020,9,14,5,3,5,2,0,1,1,0,0,0,0,0,792193,1386,5824636,28
143201,11,6,6020410,6200422,2020,9,20,3,3,2,6,2,1,1,0,0,0,0,0,794562,7535,5816348,219
143202,11,1,1044203,1401048,2020,9,14,3,3,2,6,0,1,0,0,0,0,0,0,795455,171,5831614,756
143203,11,6,6010101,6100101,2020,9,13,5,3,6,2,0,0,0,1,0,0,1,0,793530,6061,5820632,52
143204,11,7,7070701,7601442,2020,9,7,3,3,5,3,0,1,1,0,0,0,0,0,799341,48,5816110,466
143205,11,7,7040405,7400927,2020,9,13,5,3,1,5,0,0,1,0,0,0,0,0,798175,3911,5820930,938
143206,11,4,4010101,4100101,2020,9,12,5,2,5,3,0,0,1,0,0,0,0,0,791220,1329,5829730,927
143207,11,1,1011104,1100104,2020,9,6,3,3,5,7,1,1,1,0,0,0,0,0,796628,214,5826074,55
143208,11,12,12103218,12100205,2020,9,13,5,2,5,2,0,1,0,0,0,1,0,0,795445,475,5834157,816
143209,11,11,11010310,11100309,2020,9,13,2,3,6,4,0,0,1,1,0,0,0,0,805281,8097,5833240,947
143210,11,1,1011204,1100207,2020,9,8,5,3,3,2,0,1,0,0,1,0,0,0,798004,605,5826788,132
143211,11,1,1011302,1100310,2020,9,7,5,3,0,6,0,0,1,0,1,0,0,0,799077,9323,5828978,732
143212,11,4,4051655,4501153,2020,9,7,5,3,2,6,0,1,1,0,0,0,0,0,794209,2735,5823382,494
143213,11,1,1011203,1100206,2020,9,6,3,2,5,3,0,0,1,0,1,0,0,0,797878,3186,5827467,457
143214,11,11,11040926,11400931,2020,9,7,5,3,5,3,0,0,1,0,0,0,0,0,806468,9775,5826869,681
143215,11,4,4020311,4200310,2020,9,7,3,3,5,2,0,1,1,0,0,0,0,0,789269,1,5826827,304
143216,11,3,3040512,3400619,2020,9,5,3,3,2,6,0,0,1,0,0,0,1,0,796977,3683,5835831,931
143217,11,6,6020409,6200421,2020,9,6,5,3,2,2,0,0,1,0,1,0,0,0,793460,383,5817162,909
143218,11,3,3061227,3601243,2020,9,6,5,3,2,6,0,0,1,0,0,0,0,0,799264,4716,5831802,221
143219,11,9,9010101,9100101,2020,9,0,3,2,8,1,2,1,0,0,0,0,0,0,802360,697,5825651,579
143220,11,12,12214527,12200515,2020,9,15,4,3,2,7,0,0,1,0,0,0,0,0,790310,6497,5835450,242
143221,11,7,7060604,7601341,2020,9,14,2,3,2,6,0,0,1,0,0,0,0,0,798081,4682,5814493,353
143222,11,1,1033202,1300835,2020,9,15,4,3,0,3,0,1,0,0,0,0,1,0,797414,5464,5830005,253
143223,11,11,11041128,11401135,2020,9,10,4,2,6,7,0,1,0,1,0,0,0,0,806064,4504,5825785,712
143224,11,1,1011301,1100308,2020,9,21,4,3,2,6,2,0,1,0,0,0,1,0,797556,1526,5828685,641
143225,11,1,1011203,1100206,2020,9,8,3,3,1,5,0,1,0,0,0,0,1,0,797755,524,5827486,961
143226,11,8,8010118,8100104,2020,9,14,4,3,4,6,0,0,0,0,1,0,1,0,800277,8016,5822220,16
143227,11,9,9020601,9200613,2020,9,0,3,3,2,6,2,0,1,0,1,0,0,0,805892,9734,5821809,118
143228,11,2,2040701,2400623,2020,9,7,3,3,5,2,0,1,1,0,0,0,0,0,800557,9546,5827589,121
143229,11,5,5030833,5300840,2020,9,8,4,3,6,7,0,1,0,1,0,0,0,0,789366,673,5828810,91
143230,11,4,4030827,4300623,2020,9,20,2,3,5,2,1,0,1,0,0,0,0,0,792323,1563,5826109,52
143231,11,12,12231102,12400721,2020,9,20,4,2,7,7,0,1,0,0,0,0,0,0,790577,5118,5841163,65
143232,11,9,9041301,9401329,2020,9,11,4,3,2,6,0,0,1,0,0,0,0,0,812370,976,5819597,503
143233,11,12,12103117,12100101,2020,9,14,2,3,3,6,0,0,1,0,1,0,0,0,795863,262,5832605,582
143234,11,12,12224230,12400618,2020,9,11,4,3,5,2,0,0,1,0,1,0,0,0,786672,5879,5838509,117
143235,11,4,4030623,4300622,2020,9,23,4,3,1,5,2,0,1,0,0,0,0,0,793438,4134,5826571,469
143236,11,8,8010212,8100207,2020,9,22,4,3,0,1,2,1,0,0,0,0,0,0,801327,367,5823499,685
143237,11,4,4030725,4300416,2020,9,8,3,3,5,3,0,1,1,0,0,0,0,0,791768,4073,5826432,773
143238,11,9,9010101,9100101,2020,9,18,1,3,2,6,0,0,1,0,0,0,0,0,802317,1015,5825319,253
143239,11,12,12214424,12200309,2020,9,22,4,2,5,2,2,1,1,0,0,0,0,0,793420,7817,5832488,261
143240,11,12,12214527,12200515,2020,9,13,2,3,3,6,0,0,1,0,1,0,0,0,790147,547,5835788,408
143241,11,11,11051331,11501340,2020,9,7,2,3,5,2,0,1,1,0,0,0,0,0,807248,7127,5824230,248
143242,11,1,1011302,1100309,2020,9,21,4,3,1,5,2,1,1,0,0,0,0,0,798967,6916,5829007,272
143243,11,1,3071537,3701556,2020,9,16,1,3,1,5,0,1,1,0,0,0,0,0,799501,962,5828869,941
143244,11,4,4030931,4501042,2020,9,20,4,3,1,5,2,1,1,0,0,0,0,0,794451,382,5825878,556
143245,11,4,4051550,4501147,2020,9,20,4,3,5,2,2,0,1,0,1,0,0,0,793350,6495,5824513,7
143246,11,4,4051652,4501149,2020,9,20,4,3,5,3,2,1,1,0,0,0,0,0,793447,9674,5824501,629
143247,11,11,11040926,11400931,2020,9,8,3,3,5,2,0,1,1,0,0,0,0,0,806622,746,5827345,255
143248,11,4,4030931,4501042,2020,9,17,2,3,5,2,0,1,1,0,0,0,0,0,794395,694,5826083,269
143249,11,6,6030609,6300633,2020,9,18,4,2,5,2,0,0,1,0,0,0,0,0,793156,7807,5818220,612
143250,11,12,12214424,12200309,2020,9,5,6,3,5,2,2,1,1,0,0,0,0,1,793419,1364,5832489,631
143251,11,3,3040614,3400722,2020,9,14,4,2,6,4,0,1,0,1,0,0,0,0,798539,4324,5834207,425
143252,11,7,7020202,7200308,2020,9,5,2,3,0,1,2,0,0,0,1,0,0,1,794962,2084,5823926,502
143253,11,12,12214424,12200309,2020,9,9,4,3,2,6,0,0,1,0,1,0,0,0,793381,6278,5833132,998
143254,11,1,1011301,1100308,2020,9,19,5,3,2,6,2,1,1,0,0,0,0,0,797574,486,5828582,512
143255,11,9,9010301,9100304,2020,9,17,7,2,2,6,0,0,1,0,0,0,0,1,804332,7366,5821685,79
143256,11,7,7040401,7400721,2020,9,7,3,3,5,3,0,1,1,0,0,0,0,0,797229,6738,5822948,951
143257,11,5,5020625,5200629,2020,9,10,4,3,3,6,0,0,1,0,0,1,0,0,784290,4813,5828709,364
143258,11,3,3040508,3400618,2020,9,10,4,3,0,2,0,1,1,0,0,0,0,0,795859,8255,5836451,51
143259,11,7,7040403,7400823,2020,9,14,6,3,2,6,0,0,1,0,0,0,1,1,797050,9186,5822176,699
143260,11,1,1033201,1300834,2020,9,15,2,3,5,3,0,0,1,0,1,0,0,0,797910,6785,5830300,79
143261,11,5,5010312,5100314,2020,9,18,4,3,5,3,0,0,1,0,0,0,0,0,785157,467,5829596,16
143262,11,6,6010205,6100205,2020,9,6,5,3,6,2,1,0,1,1,0,0,0,0,795349,8209,5819990,967
143263,11,9,9041301,9401329,2020,9,17,2,3,1,5,0,1,1,0,0,0,0,0,812310,5462,5818693,815
143264,11,1,1033102,1300733,2020,9,17,3,3,1,5,0,1,1,0,0,0,0,0,797149,8584,5831377,31
143265,11,3,3050925,3500936,2020,9,8,5,3,2,7,0,1,1,0,0,0,0,0,802216,3919,5831192,826
143266,11,7,7030303,7300619,2020,9,13,7,3,5,3,0,0,1,0,0,0,0,1,796023,7468,5822813,357
143267,11,5,5030731,5300737,2020,9,19,3,3,2,2,0,0,1,0,0,0,0,0,787467,1465,5829880,375
143268,11,11,11051330,11501339,2020,9,14,5,2,0,7,0,1,0,0,0,1,0,0,807279,893,5825409,15
143269,11,11,11051229,11501238,2020,9,10,7,3,9,1,0,0,1,0,0,0,0,1,803752,7084,5826199,563
143270,11,11,11030721,11300722,2020,9,12,3,3,5,3,0,1,1,0,0,0,0,0,803420,1866,5828617,507
143271,11,1,1044102,1400940,2020,9,17,4,3,5,3,0,1,1,0,0,0,0,0,795227,9446,5832194,671
143272,11,5,5040935,5400942,2020,9,10,6,3,2,6,0,0,1,0,0,0,1,1,782464,4792,5820623,451
143273,11,8,8041040,8401246,2020,9,10,2,3,5,2,0,0,1,0,0,0,0,0,806351,44,5817141,16
143274,11,10,10040931,10400938,2020,9,12,4,2,0,1,0,0,0,0,1,0,0,0,815052,8224,5829571,597
143275,11,6,6010206,6100206,2020,9,9,4,3,5,2,0,1,1,0,0,0,0,0,794797,979,5819831,151
143276,11,3,3020209,3200205,2020,9,17,5,3,5,3,0,1,1,0,0,0,0,0,798212,6143,5835271,73
143277,11,6,6020409,6200421,2020,9,21,1,3,8,1,2,0,1,0,0,0,0,1,793116,3794,5817664,39
143278,11,8,8020619,8200622,2020,9,16,3,2,0,6,0,0,1,0,1,0,0,0,801216,5627,5821697,3
143279,11,9,9052001,9502043,2020,9,20,6,3,3,6,2,1,1,0,0,0,0,0,809293,7324,5822753,749
143280,11,2,2040503,2400522,2020,9,9,3,3,1,5,0,1,1,0,0,0,0,0,801402,602,5828748,859
143281,11,2,2030401,2300417,2020,9,18,4,3,5,2,0,1,1,0,0,0,0,0,799994,2811,5825445,364
143282,11,3,3030406,3300413,2020,9,8,6,3,2,6,0,0,1,0,0,0,0,1,803419,7903,5838393,33
143283,11,4,4041241,4400832,2020,9,14,4,3,6,4,0,0,1,1,0,0,0,0,791621,9893,5822439,71
143284,11,4,4030930,4501041,2020,9,11,2,3,0,4,0,0,1,1,0,0,0,0,793148,9904,5825617,413
143285,11,12,12214424,12200309,2020,9,13,4,2,1,5,0,1,1,0,0,0,0,0,793045,6452,5832671,639
143286,11,3,3050923,3500934,2020,9,8,4,3,5,3,0,1,1,0,0,0,0,0,801094,7633,5831490,419
143287,11,7,7040401,7400720,2020,9,17,4,2,5,3,0,0,1,0,0,0,0,0,797013,2991,5823565,509
143288,11,4,4020310,4200308,2020,9,8,6,3,2,6,0,0,1,0,0,1,1,1,788773,6895,5827647,601
143289,11,1,1011402,1100416,2020,9,14,2,3,1,5,0,1,1,0,0,0,0,0,798789,3291,5829846,347
143290,11,8,8041035,8401241,2020,9,7,4,3,0,3,0,0,1,0,1,0,0,0,804521,5313,5818130,635
143291,11,4,4051549,4501146,2020,9,8,4,3,1,5,0,1,1,0,0,0,0,0,793265,7158,5823660,341
143292,11,9,9020501,9200510,2020,9,14,5,3,5,2,0,1,1,0,0,0,0,0,806227,787,5822178,22
143293,11,3,3061131,3601142,2020,9,13,1,3,0,7,0,0,1,0,1,0,0,0,798634,7978,5830288,993
143294,11,6,6010204,6100204,2020,9,10,3,3,1,5,0,1,1,0,0,0,0,0,795533,5785,5820184,487
143295,11,9,9020502,9200512,2020,9,23,6,2,0,1,2,0,0,0,1,0,0,0,808556,307,5821659,584
143296,11,2,2010103,2100104,2020,9,8,3,3,0,2,0,1,1,0,0,0,0,0,799292,2753,5826221,538
143297,11,3,3040614,3400725,2020,9,8,4,3,4,6,0,1,0,0,0,0,0,0,800016,795,5835478,679
143298,11,10,10010310,10100315,2020,9,5,6,3,9,1,2,0,1,0,0,0,1,1,809907,5564,5831583,371
143299,11,2,2020204,2200210,2020,9,14,4,3,6,7,0,0,1,1,0,0,0,0,797896,8137,5824883,557
143300,11,9,9030901,9300920,2020,9,6,2,3,1,7,1,0,1,0,0,0,0,0,808951,6006,5817172,856
143301,11,2,2050602,2500727,2020,9,12,4,3,5,7,0,1,1,0,0,0,0,0,802619,9407,5827843,51
143302,11,5,5010314,5100316,2020,9,15,5,3,3,6,0,0,1,0,0,0,0,0,785063,1451,5829466,443
143303,11,3,3061227,3601244,2020,9,20,7,3,5,3,2,0,1,0,0,0,0,1,800056,5227,5831262,25
143304,11,5,5020419,5200423,2020,9,8,3,3,2,6,0,0,1,0,1,0,0,0,782004,5507,5828457,531
143305,11,3,3030716,3300517,2020,9,8,4,3,1,3,0,1,1,0,0,0,0,0,802999,704,5833924,767
143306,11,10,10040931,10400938,2020,9,12,5,3,5,3,0,1,1,0,0,0,0,0,814055,3406,5829451,753
143307,11,8,8020726,8200831,2020,9,6,1,3,1,7,1,0,1,0,0,0,1,0,799667,9924,5817640,518
143308,11,2,2050801,2500832,2020,9,14,3,2,6,4,0,0,1,1,0,0,0,0,803549,1425,5827186,81
143309,11,1,1011105,1100102,2020,9,18,6,3,5,2,0,1,1,0,0,0,0,1,796590,6414,5826877,131
143310,11,3,3071536,3701554,2020,9,7,3,3,5,2,0,1,1,0,0,0,0,0,799231,7504,5829269,193
143311,11,2,2020202,2200208,2020,9,8,4,3,5,2,0,1,1,0,0,0,0,0,797880,96,5825062,838
143312,11,10,10020416,10200423,2020,9,13,6,3,0,7,0,0,0,0,1,0,0,1,813683,7303,5831114,147
143313,11,8,8010510,8100521,2020,9,14,4,2,5,2,0,0,1,0,1,1,0,0,803436,4786,5821901,107
143314,11,11,11030619,11300620,2020,9,5,2,3,2,2,1,0,1,0,0,0,0,1,803545,6542,5829729,627
143315,11,4,4041137,4400727,2020,9,9,4,3,1,7,0,0,1,0,0,0,0,0,791849,798,5823922,207
143316,11,7,7070702,7601443,2020,9,18,5,3,5,3,1,0,1,0,0,0,0,0,800391,7673,5814524,891
143317,11,1,1033203,1300836,2020,9,12,7,3,5,3,0,1,1,0,0,0,0,1,796938,9701,5830135,464
143318,11,7,7010102,7100102,2020,9,23,3,2,6,4,2,1,0,1,0,0,0,0,795405,1645,5825477,439
143319,11,7,7020204,7200414,2020,9,7,4,3,3,6,0,1,1,0,0,0,0,0,796316,4478,5823953,831
143320,11,4,4031032,4500937,2020,9,7,4,2,5,3,0,0,1,0,0,0,0,0,791257,7735,5824993,77
143321,11,2,2010102,2100102,2020,9,14,6,3,1,5,0,1,1,0,0,0,0,1,798199,6744,5826509,654
143322,11,1,1011301,1100308,2020,9,9,2,3,2,6,0,1,1,0,0,0,0,0,797200,52,5828330,11
143323,11,9,9031202,9301228,2020,9,6,4,2,7,7,1,0,0,0,1,0,0,0,818144,9442,5812626,995
143324,11,1,1011102,1100102,2020,9,17,5,3,5,7,0,1,1,0,0,0,0,0,796575,7636,5827815,637
143325,11,3,3010101,3100101,2020,9,16,4,1,5,2,0,0,1,0,1,0,0,0,803007,585,5842059,688
143326,11,4,4051652,4501149,2020,9,16,6,3,1,7,0,0,1,0,0,0,0,0,793441,9826,5824100,551
143327,11,11,11041128,11401137,2020,9,10,2,2,5,3,0,1,1,0,0,0,0,0,806475,5405,5826861,951
143328,11,7,7030303,7300619,2020,9,7,3,3,0,2,0,1,0,0,0,0,1,0,796045,133,5822843,27
143329,11,6,6030605,6300629,2020,9,12,6,3,5,3,0,0,1,0,0,0,0,1,792683,4355,5819785,15
143330,11,3,3050923,3500934,2020,9,18,2,3,1,5,0,1,0,0,0,0,1,0,800376,1354,5831892,913
143331,11,1,1022206,1200628,2020,9,7,3,3,2,6,1,1,0,0,0,0,1,0,795730,5487,5828205,178
143332,11,1,1011103,1100103,2020,9,13,5,3,5,3,0,0,1,0,0,0,0,0,795330,343,5826170,691
143333,11,5,5030730,5300736,2020,9,8,7,3,9,1,0,0,1,0,0,0,0,1,786266,7329,5829150,204
143334,11,4,4041344,4400835,2020,9,11,3,2,0,7,0,1,0,0,0,0,0,0,793027,416,5822301,638
143335,11,2,2020204,2200210,2020,9,9,3,3,5,2,0,1,1,0,0,0,0,0,798795,163,5824940,355
143336,11,12,12103219,12100204,2020,9,9,6,3,5,2,0,1,0,0,0,0,1,1,794902,632,5832456,384
143337,11,9,9020502,9200511,2020,9,7,4,3,5,2,0,1,1,0,0,0,0,0,807092,5428,5821909,18
143338,11,8,8020619,8200623,2020,9,14,3,3,5,2,0,1,1,0,0,0,0,0,802459,6221,5820696,802
143339,11,7,7010104,7100205,2020,9,17,5,3,6,6,0,1,0,1,0,0,0,0,796434,5079,5824890,716
143340,11,9,9051901,9501939,2020,9,20,1,3,1,5,2,0,1,0,0,0,0,1,810856,5372,5821403,658
143341,11,7,7070706,7601547,2020,9,16,3,3,5,3,0,0,1,0,0,0,0,0,799819,98,5812662,447
143342,11,8,8010405,8100418,2020,9,16,1,3,3,6,0,1,1,0,0,0,0,0,802024,4,5823524,476
143343,11,12,12231101,12400723,2020,9,17,3,3,5,3,0,0,1,0,0,0,1,0,791698,3934,5839250,602
143344,11,2,2050801,2500830,2020,9,13,5,3,5,3,0,0,1,0,1,0,0,0,802443,6484,5827416,85
143345,11,4,4030415,4300412,2020,9,13,7,3,6,4,0,0,1,1,0,0,0,1,790780,8825,5827380,889
143346,11,11,11051332,11501341,2020,9,16,3,3,2,3,0,1,0,0,1,0,0,0,807033,3977,5823511,691
143347,11,6,6020409,6200421,2020,9,17,3,3,0,5,1,0,1,0,0,0,0,0,793495,1861,5818075,138
143348,11,2,2010101,2100101,2020,9,7,6,3,5,3,0,0,1,0,1,0,0,1,797694,4064,5825806,122
143349,11,8,8010301,8100312,2020,9,14,2,3,6,7,0,0,1,1,0,0,0,0,800852,3006,5824321,81
143350,11,4,4030929,4501040,2020,9,8,4,3,5,3,0,1,0,0,1,0,0,0,792623,202,5825440,18
143351,11,6,6040810,6400844,2020,9,16,3,2,5,2,0,1,1,0,0,0,0,0,791324,5694,5820636,738
143352,11,5,5010314,5100316,2020,9,16,5,2,6,7,0,0,1,1,0,0,0,0,784590,1674,5829492,741
143353,11,4,4051445,4500939,2020,9,12,1,2,5,3,0,0,1,0,0,0,0,0,792622,1891,5824190,184
143354,11,6,6020411,6200423,2020,9,15,3,3,3,6,0,0,1,0,0,1,0,0,793824,9961,5815600,742
143355,11,10,10040933,10400941,2020,9,15,6,2,0,3,0,1,1,0,0,0,0,1,813215,6679,5825960,118
143356,11,8,8010118,8100104,2020,9,8,3,3,5,3,0,1,1,0,0,0,0,0,800940,5664,5822309,571
143357,11,6,6010208,6100208,2020,9,15,3,3,3,6,0,0,1,0,0,0,0,0,794321,9106,5820469,942
143358,11,4,4030725,4300416,2020,9,5,6,3,5,3,2,1,1,0,0,0,0,1,792000,176,5825973,405
143359,11,3,3040513,3400620,2020,9,14,4,3,5,3,0,0,1,0,0,0,0,0,797409,68,5833972,939
143360,11,1,1011401,1100415,2020,9,7,6,3,0,1,0,1,0,0,0,0,0,1,798321,7044,5829357,373
143361,11,10,10020413,10200420,2020,9,9,3,3,5,2,0,0,1,0,1,0,0,0,812011,7189,5830583,307
143362,11,4,4041137,4400727,2020,9,15,3,3,1,5,0,0,1,0,0,0,0,0,791041,2886,5823091,92
143363,11,9,9052001,9502043,2020,9,7,6,2,5,3,1,0,1,0,1,0,0,1,809220,8548,5823023,457
143364,11,5,5010101,5100101,2020,9,13,4,3,5,3,0,1,1,0,0,0,0,0,784419,6446,5831933,211
143365,11,1,1022106,1200522,2020,9,15,2,3,6,7,0,1,0,1,0,0,0,0,794117,6342,5828026,193
143366,11,1,1011303,1100310,2020,9,13,4,3,0,4,0,0,0,1,1,0,0,0,799051,945,5828479,945
143367,11,9,9020702,9200717,2020,9,16,5,3,5,3,0,0,0,0,1,0,0,0,809407,4491,5819686,631
143368,11,1,1022106,1200522,2020,9,23,7,3,5,2,2,1,1,0,0,0,0,1,794325,1072,5828366,234