OBJECTID,LAND,BEZ,LOR,LOR_ab_2021,UJAHR,UMONAT,USTUNDE,UWOCHENTAG,UKATEGORIE,UART,UTYP1,ULICHTVERH,IstRad,IstPKW,IstFuss,IstKrad,IstGkfz,IstSonstige,USTRZUSTAND,LINREFX,LINREFY,XGCSWGS84,YGCSWGS84
143369,11,6,6040804,6400838,2020,9,13,3,3,2,6,0,0,1,0,0,0,0,0,787491,1431,5818198,525
143370,11,11,11040925,11400927,2020,9,10,5,3,3,6,0,0,1,0,1,0,0,0,803713,6914,5826365,44
143371,11,11,11020515,11200514,2020,9,17,6,3,6,4,2,0,1,1,0,0,0,1,804832,1409,5830159,299
143372,11,4,4030827,4300623,2020,9,15,2,3,5,2,0,1,1,0,0,0,0,0,792737,4079,5826109,662
143373,11,4,4020310,4200308,2020,9,14,3,2,0,7,0,1,0,0,0,0,0,0,789764,6,5828387,115
143374,11,4,4031032,4500937,2020,9,13,6,3,5,2,0,0,1,0,0,0,0,1,791850,9401,5825215,53
143375,11,6,6010205,6100205,2020,9,13,4,3,5,3,0,1,1,0,0,0,0,0,794861,7744,5820057,668
143376,11,11,11030720,11300721,2020,9,19,2,2,5,3,1,1,1,0,0,0,0,0,804919,367,5829941,614
143377,11,1,1033201,1300834,2020,9,12,3,3,5,3,0,0,1,0,0,0,0,0,797820,1031,5830765,41
143378,11,11,11020411,11200410,2020,9,10,5,3,5,3,0,0,1,0,0,0,0,0,804989,5942,5833003,565
143379,11,7,7070703,7601544,2020,9,18,5,2,5,2,0,0,1,0,0,0,0,0,799790,6495,5813977,43
143380,11,1,1011105,1100102,2020,9,12,7,3,0,1,0,0,0,0,0,0,1,1,796387,6111,5826621,631
143381,11,7,7040403,7400823,2020,9,12,3,3,2,7,0,0,0,0,1,0,1,0,797090,2442,5821234,747
143382,11,2,2020206,2200213,2020,9,20,2,3,2,2,2,0,1,0,0,0,1,0,799847,8501,5824796,773
143383,11,7,7010104,7100205,2020,9,11,4,3,0,2,0,0,1,0,0,0,1,0,796016,8905,5824955,31
143384,11,1,1011304,1100311,2020,9,9,5,3,5,2,0,1,1,0,0,0,0,0,799727,6864,5827760,913
143385,11,3,3050923,3500934,2020,9,22,5,3,5,3,2,0,1,0,1,0,0,0,800398,6034,5831684,194
143386,11,4,4051551,4501148,2020,9,19,7,2,5,2,2,0,1,0,0,0,0,1,793340,4901,5823072,473
143387,11,1,1011302,1100309,2020,9,21,3,3,3,6,2,1,1,0,0,0,0,0,798501,4051,5829050,291
143388,11,7,7070704,7601545,2020,9,14,3,3,6,2,0,0,1,1,0,0,0,0,800193,3547,5813587,411
143389,11,3,3061429,3601449,2020,9,13,3,2,5,3,0,1,0,0,0,0,1,0,801385,2666,5830663,486
143390,11,1,1011101,1100101,2020,9,12,6,3,5,3,0,0,1,0,1,0,0,1,795136,528,5826498,689
143391,11,12,12231102,12400721,2020,9,16,2,3,5,3,0,1,1,0,0,0,0,0,789977,6078,5840997,963
143392,11,8,8030831,8301036,2020,9,14,3,3,5,3,0,0,1,0,0,0,0,0,803360,7028,5817393,254
143393,11,1,1022103,1200517,2020,9,12,6,3,2,6,0,0,1,0,0,0,0,0,793724,788,5829920,93
143394,11,1,1011301,1100308,2020,9,17,2,3,2,6,0,0,1,0,0,0,1,0,796771,698,5829643,732
143395,11,2,2010104,2100106,2020,9,20,3,2,6,4,2,0,1,1,0,0,0,0,798684,2054,5825570,741
143396,11,9,9010202,9100203,2020,9,8,5,3,5,2,0,0,1,0,0,0,0,0,803871,8565,5823193,455
143397,11,7,7070704,7601545,2020,9,7,5,3,5,2,0,1,1,0,0,0,0,0,800188,8986,5813819,919
143398,11,11,11040925,11400927,2020,9,14,7,2,5,1,0,0,1,0,1,0,0,1,803513,6383,5826607,746
143399,11,11,11051331,11501340,2020,9,9,3,3,3,6,0,1,1,0,0,0,0,0,807240,3422,5824294,855
143400,11,1,1011203,1100206,2020,9,14,3,2,5,3,0,1,1,0,0,0,0,0,797623,9441,5827016,838
143401,11,1,1011102,1100102,2020,9,8,6,3,2,6,0,0,1,0,0,0,0,1,795192,642,5827240,593
143402,11,6,6040804,6400838,2020,9,13,3,3,5,3,0,0,1,0,0,0,0,0,787734,3425,5818268,344
143403,11,9,9020801,9200818,2020,9,14,6,3,2,6,0,0,1,0,0,1,0,1,809691,641,5821178,143
143404,11,6,6040703,6400737,2020,9,10,2,3,5,2,0,1,1,0,0,0,0,0,787136,364,5817205,235
143405,11,3,3040614,3400722,2020,9,13,4,3,1,5,0,1,1,0,0,0,0,0,798706,9779,5833761,133
143406,11,9,9051901,9501941,2020,9,13,3,3,5,2,0,1,1,0,0,0,0,0,812068,9428,5821345,521
143407,11,8,8010510,8100521,2020,9,17,5,3,0,4,0,1,0,1,0,0,0,0,803774,3052,5821639,833
143408,11,8,8010406,8100419,2020,9,17,1,2,1,5,0,1,1,0,0,0,0,0,802489,9415,5824178,873
143409,11,1,1022207,1200629,2020,9,11,3,3,1,5,0,1,1,0,0,0,0,0,794876,4652,5827729,678
143410,11,8,8020727,8200832,2020,9,8,5,3,6,4,0,0,1,1,0,0,0,0,801761,592,5816758,971
143411,11,2,2020203,2200209,2020,9,12,5,2,5,2,0,1,1,0,0,0,0,0,797769,74,5824598,133
143412,11,9,9051901,9501940,2020,9,12,7,3,5,2,0,0,1,0,0,0,0,1,811166,3823,5821712,341
143413,11,4,4030931,4501042,2020,9,9,3,3,2,6,0,0,1,0,1,0,0,1,793929,2062,5825958,817
143414,11,7,7070703,7601544,2020,9,12,3,3,1,7,0,0,1,0,0,0,0,0,799737,7177,5813181,65
143415,11,12,12214421,12200307,2020,9,14,6,3,3,6,0,0,1,0,0,0,0,1,793386,9377,5833167,209
143416,11,6,6020409,6200421,2020,9,13,4,3,5,2,0,0,1,0,1,0,0,0,793305,3214,5816954,971
143417,11,6,6030502,6300525,2020,9,7,2,3,6,4,0,1,0,1,0,0,0,0,790294,663,5814805,472
143418,11,7,7050504,7501032,2020,9,13,4,3,5,3,0,1,1,0,0,0,0,0,799457,38,5819622,312
143419,11,8,8010406,8100419,2020,9,12,3,3,5,3,0,1,1,0,0,0,0,0,802401,6289,5824055,553
143420,11,5,5010314,5100316,2020,9,22,5,3,1,5,2,0,1,0,0,0,1,0,785347,3842,5829283,48
143421,11,8,8020728,8200833,2020,9,6,1,3,5,2,0,0,1,0,0,0,0,0,802016,9847,5817396,281
143422,11,1,1022104,1200520,2020,9,14,3,3,5,2,0,0,1,0,0,0,0,0,794554,769,5829051,586
143423,11,10,10040830,10400837,2020,9,15,2,3,5,3,0,0,1,0,0,0,0,0,810879,2063,5827012,669
143424,11,10,10020622,10200629,2020,9,7,4,3,2,2,0,1,1,0,0,0,0,0,811161,7352,5828836,341
143425,11,12,12214527,12200515,2020,9,11,3,2,5,2,0,1,1,0,0,0,0,0,789872,7656,5835744,253
143426,11,1,1044101,1400938,2020,9,17,5,3,5,3,0,0,1,0,0,0,1,0,794356,8433,5831082,748
143427,11,1,1033101,1300732,2020,9,16,1,3,6,4,0,0,1,1,0,0,0,0,797353,601,5832396,327
143428,11,9,9020802,9200819,2020,9,16,3,3,5,3,0,1,1,0,0,0,0,0,810080,2812,5820403,604
143429,11,2,2020202,2200208,2020,9,23,6,3,5,3,2,0,1,0,0,0,0,0,797595,6937,5825328,356
143430,11,7,7010104,7100205,2020,9,8,3,3,4,6,0,1,0,0,0,0,0,0,796006,246,5824977,127
143431,11,1,1022206,1200628,2020,9,11,3,3,5,2,0,1,1,0,0,0,0,0,795541,657,5828196,544
143432,11,4,4030623,4300622,2020,9,6,6,3,5,2,2,1,0,0,0,0,1,1,792918,8034,5826768,788
143433,11,2,2010103,2100104,2020,9,17,4,3,6,7,0,0,0,1,0,0,1,0,799374,6011,5826179,853
143434,11,7,7010104,7100205,2020,9,6,2,3,6,2,0,0,1,1,0,0,0,0,796012,9164,5824976,596
143435,11,4,4030623,4300622,2020,9,12,4,3,2,6,0,0,1,0,0,0,0,0,793253,8011,5826901,85
143436,11,9,9051702,9501737,2020,9,17,4,3,2,6,0,0,1,0,0,0,0,0,814210,772,5821957,14
143437,11,6,6030503,6300526,2020,9,16,5,3,2,2,0,1,1,0,0,0,0,0,789511,6218,5817491,477
143438,11,3,3061131,3601142,2020,9,20,7,3,0,3,2,0,1,0,1,0,0,1,798880,506,5830395,914
143439,11,11,11020515,11200514,2020,9,15,3,2,1,5,0,0,1,0,0,0,1,0,804506,6187,5830182,862
143440,11,2,2050801,2500830,2020,9,16,4,2,5,2,0,1,1,0,0,0,0,0,802440,239,5827414,984
143441,11,2,2010104,2100106,2020,9,16,6,3,6,7,0,0,1,1,0,0,0,0,799727,261,5825475,338
143442,11,10,10010204,10100206,2020,9,17,2,2,2,6,0,0,1,0,1,0,0,0,809849,3698,5832643,514
143443,11,3,3061126,3601141,2020,9,18,6,2,9,1,1,1,0,0,0,0,0,0,798738,3434,5831821,12
143444,11,6,6040807,6400841,2020,9,7,3,3,5,3,0,1,1,0,0,0,0,0,789690,834,5818445,97
143445,11,8,8020625,8200730,2020,9,10,3,2,6,2,0,0,1,1,0,0,0,0,802272,8363,5818946,988
143446,11,4,4030931,4501042,2020,9,13,6,3,5,2,0,0,1,0,1,0,0,1,793979,6649,5826176,451
143447,11,1,1033203,1300836,2020,9,13,4,3,5,3,0,0,1,0,0,0,0,0,796939,5306,5830138,75
143448,11,5,5010314,5100316,2020,9,5,2,3,6,7,2,1,0,1,0,0,0,1,783629,3493,5829144,805
143449,11,2,2040703,2400625,2020,9,9,4,3,5,2,0,1,0,0,1,0,0,0,801289,4047,5827406,16
143450,11,6,6010103,6100103,2020,9,14,5,3,1,5,0,1,1,0,0,0,0,0,793509,7471,5821453,721
143451,11,1,1044201,1401043,2020,9,15,7,3,6,2,0,0,1,1,0,0,0,1,796125,7412,5830769,912
143452,11,8,8010508,8100520,2020,9,7,3,3,3,6,0,0,0,0,1,1,0,1,803321,481,5822850,682
143453,11,6,6020411,6200423,2020,9,10,3,3,0,1,0,1,0,0,0,0,0,0,794979,52,5815659,76
143454,11,1,1022104,1200520,2020,9,10,3,3,0,2,0,0,1,0,0,0,1,0,794573,1585,5828438,766
143455,11,2,2050802,2500834,2020,9,10,6,3,5,2,0,1,1,0,0,0,0,1,802554,365,5826728,542
143456,11,8,8041040,8401246,2020,9,15,2,3,5,3,0,1,1,0,0,0,0,0,806346,9537,5816438,908
143457,11,7,7050503,7501031,2020,9,9,3,3,5,2,0,1,0,0,0,0,1,0,799460,597,5820510,623
143458,11,1,1011201,1100205,2020,9,6,5,3,5,3,1,1,1,0,0,0,0,0,796943,4811,5826780,757
143459,11,6,6010205,6100205,2020,9,19,1,3,6,2,2,0,1,1,0,0,0,1,795347,6295,5819988,847
143460,11,1,1022105,1200521,2020,9,17,3,3,6,4,0,1,0,1,0,0,0,0,793714,8374,5828473,368
143461,11,12,12214125,12200414,2020,9,16,4,3,5,2,0,1,1,0,0,0,0,0,791915,579,5831506,331
143462,11,1,1022106,1200522,2020,9,13,5,2,6,7,0,1,0,1,0,0,0,0,794167,5161,5827734,254
143463,11,4,4030620,4300619,2020,9,17,3,3,0,7,0,1,1,0,0,0,0,0,792818,2372,5827186,363
143464,11,2,2020204,2200210,2020,9,12,6,3,5,2,0,1,0,0,0,0,0,1,798791,1637,5824943,946
143465,11,1,1033102,1300733,2020,9,18,2,3,2,6,1,0,1,0,0,0,0,0,797279,11,5831283,885
143466,11,7,7050501,7501029,2020,9,18,3,3,3,6,0,1,1,0,0,0,0,0,797340,283,5819407,411
143467,11,3,3061227,3601244,2020,9,14,5,3,5,3,0,0,1,0,0,0,1,0,800111,187,5831695,316
143468,11,9,9020802,9200819,2020,9,8,7,3,0,1,0,0,0,0,1,0,0,1,810591,73,5819883,389
143469,11,5,5010314,5100316,2020,9,19,3,3,0,6,2,0,1,0,1,0,0,0,784997,1273,5829394,493
143470,11,1,1011105,1100102,2020,9,17,3,3,5,3,0,0,1,0,0,0,0,0,796834,1625,5826359,739
143471,11,10,10030726,10300733,2020,9,10,6,3,2,7,0,0,1,0,1,0,0,1,808927,6074,5827356,471
143472,11,6,6040808,6400842,2020,9,8,2,3,5,3,0,1,1,0,0,0,0,0,790549,6362,5821755,378
143473,11,9,9020701,9200715,2020,9,0,4,3,9,7,2,0,1,0,0,0,0,0,808485,603,5819041,24
143474,11,2,2010101,2100101,2020,9,17,3,3,5,2,0,1,1,0,0,0,0,0,797753,7872,5826069,549
143475,11,7,7020203,7200409,2020,9,17,5,3,5,3,0,1,0,0,0,0,0,0,795183,7428,5823919,643
143476,11,8,8020619,8200622,2020,9,21,1,2,2,6,2,0,1,0,0,0,0,0,801240,297,5821611,632
143477,11,1,1022206,1200628,2020,9,16,3,2,5,3,0,0,1,0,0,0,0,0,795717,81,5828196,358
143478,11,6,6040809,6400843,2020,9,9,6,3,2,6,0,0,1,0,0,0,0,1,792125,6912,5820352,331
143479,11,2,2020204,2200210,2020,9,10,3,3,0,5,0,1,1,0,0,0,0,0,798880,5548,5824656,108
143480,11,4,4030725,4300416,2020,9,17,3,3,3,6,0,0,0,0,0,0,1,0,791888,1446,5826460,987
143481,11,8,8010303,8100314,2020,9,13,7,3,2,6,0,1,1,0,0,0,0,1,801284,5159,5823824,847
143482,11,3,3050920,3500933,2020,9,19,3,2,5,3,2,1,0,0,1,0,0,0,802285,5158,5832336,119
143483,11,9,9020802,9200819,2020,9,17,3,3,5,2,0,1,0,0,1,0,0,0,810038,2416,5819410,397
143484,11,1,1011201,1100205,2020,9,8,6,3,5,3,0,1,1,0,0,0,0,1,796943,2094,5826780,714
143485,11,4,4051654,4501150,2020,9,7,2,3,6,4,0,1,0,1,0,0,0,1,793898,8,5823936,79
143486,11,3,3020210,3200207,2020,9,7,4,3,5,3,0,1,1,0,0,0,0,0,798435,2936,5835602,139
143487,11,7,6010210,6100210,2020,9,1,3,2,9,1,2,0,1,0,0,0,0,0,795338,7224,5821007,97
143488,11,8,8010404,8100416,2020,9,16,5,3,2,6,0,0,1,0,1,0,0,0,801477,851,5823245,15
143489,11,11,11020412,11200411,2020,9,14,1,2,5,3,0,1,1,0,0,0,0,0,805842,3369,5831853,577
143490,11,1,1022204,1200626,2020,9,15,3,3,5,2,0,1,1,0,0,0,0,0,794535,1211,5828207,398
143491,11,4,4010103,4100102,2020,9,15,4,3,5,3,0,1,1,0,0,0,0,0,791833,8128,5829752,349
143492,11,1,1011304,1100311,2020,9,13,6,3,1,5,0,1,1,0,0,0,0,1,799853,3017,5827762,574
143493,11,12,12224229,12400616,2020,9,8,3,3,5,3,0,0,1,0,0,0,0,0,786244,4649,5834744,908
143494,11,2,2010104,2100106,2020,9,17,3,3,6,4,0,0,1,1,0,0,0,0,799813,9829,5825702,28
143495,11,3,3010102,3100103,2020,9,14,6,3,0,7,0,0,0,0,0,0,1,1,804484,2922,5840941,323
143496,11,2,2030401,2300417,2020,9,13,4,3,6,2,0,0,1,1,0,0,0,0,800600,9992,5825194,641
143497,11,6,6010209,6100209,2020,9,11,2,3,1,5,0,0,1,0,0,0,0,0,794437,4462,5821144,418
143498,11,1,1044203,1401049,2020,9,11,4,3,5,2,0,1,0,0,0,0,1,0,795899,484,5831964,981
143499,11,7,7020202,7200308,2020,9,15,5,3,4,5,0,1,1,0,0,0,0,0,795393,7988,5823283,168
143500,11,1,1011201,1100205,2020,9,7,6,2,5,2,0,1,1,0,0,0,0,1,796967,9432,5827045,819
143501,11,2,2040701,2400623,2020,9,12,4,3,6,4,0,0,1,1,0,0,0,0,800654,9499,5827575,159
143502,11,4,4030931,4501042,2020,9,12,2,3,2,6,0,0,1,0,0,0,0,0,793959,3608,5825920,987
143503,11,4,4030623,4300622,2020,9,13,4,3,3,6,0,1,1,0,0,0,0,0,793701,381,5826078,522
143504,11,9,9031101,9301126,2020,9,16,5,3,5,2,0,0,1,0,0,0,0,0,811040,974,5816919,413
143505,11,1,1022106,1200522,2020,9,23,7,3,6,2,2,0,1,1,0,0,0,1,793685,4885,5828127,353
143506,11,5,5010339,5100317,2020,9,14,3,3,2,6,0,0,1,0,0,0,0,0,786722,2608,5828228,811
143507,11,11,11030618,11300617,2020,9,17,6,3,5,3,0,0,1,0,0,0,0,0,803238,8032,5829620,344
143508,11,10,10020413,10200418,2020,9,15,2,3,5,7,0,0,1,0,0,0,1,0,810871,5203,5830931,895
143509,11,6,6040810,6400844,2020,9,16,3,3,2,6,0,1,0,0,0,0,1,0,791318,738,5820656,29
143510,11,6,6020409,6200421,2020,9,13,6,3,2,6,0,0,1,0,0,0,1,0,793095,5347,5816656,112
143511,11,12,12302110,12601235,2020,9,12,4,3,2,6,0,0,1,0,0,0,1,0,795428,9246,5836387,676
143512,11,9,9010402,9100409,2020,9,20,2,3,9,1,2,0,0,0,1,0,0,0,806093,7103,5819155,607
143513,11,7,7010102,7100103,2020,9,8,4,3,3,5,0,1,1,0,0,0,0,0,795720,6795,5824969,957
143514,11,11,11010205,11100204,2020,9,18,5,3,5,3,0,1,1,0,0,0,0,0,806580,6788,5833458,8
143515,11,1,1011304,1100311,2020,9,18,7,3,3,6,1,0,1,0,1,0,0,1,799528,3257,5828110,452
143516,11,5,5020625,5200629,2020,9,12,3,3,6,2,0,0,1,1,0,0,0,0,784705,9694,5828611,89
143517,11,8,8020726,8200831,2020,9,16,3,3,5,2,0,1,1,0,0,0,0,0,799653,3787,5816431,802
143518,11,1,1011402,1100416,2020,9,10,6,3,2,6,0,0,1,0,0,0,0,1,798131,7173,5829895,858
143519,11,10,10010206,10100209,2020,9,11,2,3,5,5,0,0,1,0,0,0,0,0,809742,6731,5832093,442
143520,11,4,4030518,4300517,2020,9,19,7,3,5,3,2,0,1,0,0,0,0,1,791908,3135,5828208,66
143521,11,1,1022104,1200520,2020,9,8,3,3,0,6,0,1,0,0,0,0,0,0,794545,2085,5829059,209
143522,11,1,1011204,1100207,2020,9,16,3,3,0,3,0,1,1,0,0,0,0,0,798559,8744,5826813,386
143523,11,2,2020203,2200208,2020,9,14,3,3,5,2,0,1,1,0,0,0,0,0,797833,5347,5824902,21
143524,11,2,2010104,2100106,2020,9,14,6,3,3,6,0,1,0,0,0,0,0,1,799442,4498,5825663,528
143525,11,11,11020514,11200513,2020,9,7,2,3,6,4,0,0,1,1,0,0,0,0,804247,3672,5830341,74
143526,11,2,2030402,2300419,2020,9,16,3,3,5,7,0,0,1,0,0,0,0,0,801821,9755,5825758,408
143527,11,12,12103116,12100102,2020,9,12,6,2,5,3,0,0,1,0,1,0,0,1,796595,9848,5833588,48
143528,11,4,4030931,4501042,2020,9,17,2,3,5,2,0,0,1,0,1,0,0,0,794465,6723,5825855,207
143529,11,1,1044201,1401045,2020,9,20,3,3,5,7,2,0,1,0,0,0,0,0,796871,895,5831556,18
143530,11,2,2050801,2500830,2020,9,12,5,3,0,1,0,1,1,0,0,0,0,0,802318,611,5827476,536
143531,11,8,8010303,8100314,2020,9,15,7,3,2,6,0,0,1,0,0,0,0,1,801284,5666,5823824,864
143532,11,1,1011304,1100311,2020,9,9,3,2,2,2,0,0,1,0,0,0,0,0,799882,5081,5827802,189
143533,11,9,9020502,9200512,2020,9,16,3,3,2,6,0,0,1,0,0,0,0,0,808760,8115,5821605,354
143534,11,3,3040818,3400828,2020,9,9,6,3,5,3,0,0,1,0,1,0,0,1,799709,2193,5832504,313
143535,11,7,7070702,7601443,2020,9,6,4,3,5,3,0,0,1,0,0,0,0,0,800040,9837,5814704,886
143536,11,1,1011105,1100102,2020,9,18,3,3,2,6,0,0,1,0,0,0,0,0,795275,8281,5826627,717
143537,11,2,2040701,2400623,2020,9,17,5,3,6,4,0,0,1,1,0,0,0,0,800658,4592,5827574,637
143538,11,6,6030503,6300526,2020,9,14,4,3,0,4,0,0,0,1,0,0,1,0,789546,3356,5817862,771
143539,11,1,1033102,1300733,2020,9,18,3,3,5,3,0,0,1,0,1,0,0,0,797708,4019,5831748,497
143540,11,4,4030623,4300622,2020,9,18,5,3,3,6,0,1,1,0,0,0,0,0,793533,7353,5826475,852
143541,11,8,8020727,8200832,2020,9,13,1,3,0,5,0,1,0,0,0,0,1,0,801096,5155,5817106,222
143542,11,8,8010404,8100415,2020,9,17,3,3,2,6,0,0,1,0,1,0,0,0,801696,7622,5823726,587
143543,11,1,1033201,1300834,2020,9,13,5,3,5,7,0,0,0,0,1,0,1,0,798022,9455,5830083,927
143544,11,1,1044203,1401049,2020,9,13,7,3,2,6,0,0,1,0,0,0,0,1,795779,1087,5831876,912
143545,11,8,8041037,8401243,2020,9,17,3,3,1,5,0,1,1,0,0,0,0,0,805443,446,5817253,36
143546,11,6,6040806,6400840,2020,9,15,3,3,5,2,0,0,1,0,0,0,0,0,788837,3663,5819591,62
143547,11,1,1033203,1300836,2020,9,7,6,3,2,6,0,0,1,0,0,0,0,1,796932,5567,5830176,34
143548,11,1,1033102,1300733,2020,9,13,2,2,6,4,0,0,0,1,0,0,1,0,797282,7886,5831280,611
143549,11,4,4030827,4300623,2020,9,2,4,3,5,3,2,1,1,0,0,0,0,0,792725,1237,5826087,538
143550,11,8,8020620,8200624,2020,9,18,3,3,2,2,0,0,1,0,1,0,0,0,801446,7857,5820650,327
143551,11,2,2020203,2200209,2020,9,16,5,3,2,6,0,0,1,0,0,0,0,0,797118,6145,5824073,186
143552,11,6,6030609,6300633,2020,9,10,1,3,5,3,0,1,1,0,0,0,0,0,793274,6101,5818923,121
143553,11,2,2030302,2300316,2020,9,15,3,3,5,3,0,1,0,0,0,0,0,0,801612,494,5826024,495
143554,11,1,1011105,1100102,2020,9,19,6,3,2,6,2,0,1,0,0,0,0,1,796264,2509,5826263,55
143555,11,4,4030519,4300518,2020,9,8,3,3,5,2,0,1,0,0,0,1,0,0,792078,1448,5828573,632
143556,11,1,1011105,1100102,2020,9,18,1,3,5,2,1,1,1,0,0,0,0,1,796643,2152,5826640,567
143557,11,9,9010101,9100101,2020,9,16,3,3,5,2,0,1,1,0,0,0,0,0,802535,475,5824559,968
143558,11,4,4020314,4200311,2020,9,9,6,3,5,2,0,1,0,0,0,1,0,1,790024,888,5825236,71
143559,11,7,7030301,7300517,2020,9,8,3,3,2,6,0,0,1,0,0,1,0,0,793974,3813,5822305,167
143560,11,9,9020601,9200613,2020,9,18,3,2,0,1,0,0,0,0,1,0,0,0,805853,1589,5821777,247
143561,11,1,1022207,1200629,2020,9,6,6,3,5,3,1,0,1,0,0,0,0,1,794393,8889,5827610,293
143562,11,1,1011202,1100206,2020,9,21,4,2,2,2,2,1,0,0,0,0,0,0,797160,435,5827685,961
143563,11,12,12214424,12200309,2020,9,12,2,2,5,7,0,0,1,0,1,0,0,0,793350,91,5832401,15
143564,11,1,1033201,1300834,2020,9,12,4,3,3,6,0,0,0,0,1,0,1,0,798170,4794,5830041,852
143565,11,7,7010102,7100102,2020,9,15,4,3,2,6,0,0,1,0,1,0,0,0,795038,5044,5825685,892
143566,11,4,4051446,4501043,2020,9,12,5,3,5,3,0,1,1,0,0,0,0,0,792875,3777,5824762,128
143567,11,1,1011101,1100101,2020,9,21,7,3,2,5,2,0,1,0,0,0,0,1,794480,566,5826092,239
143568,11,8,8020622,8200726,2020,9,15,3,3,5,3,0,1,1,0,0,0,0,0,801245,4448,5819770,981
143569,11,1,1033202,1300835,2020,9,15,4,3,2,7,0,1,1,0,0,0,0,0,797261,8859,5829749,466
143570,11,2,2050801,2500831,2020,9,16,6,2,6,4,0,0,1,1,0,0,0,0,803120,3812,5827108,9
143571,11,5,5030832,5300841,2020,9,20,2,3,0,7,2,1,0,0,0,0,0,0,789667,618,5829233,852
143572,11,4,4030415,4300412,2020,9,17,3,3,1,5,0,1,1,0,0,0,0,0,790653,1259,5827350,37
143573,11,1,1044101,1400938,2020,9,13,6,3,5,2,0,1,1,0,0,0,0,1,794402,8698,5830548,728
143574,11,4,4030931,4501042,2020,9,18,2,3,1,5,1,1,1,0,0,0,0,0,794108,7338,5825965,223
143575,11,3,3050923,3500934,2020,9,7,3,3,0,7,0,1,0,1,0,0,0,0,801185,5494,5831980,644
143576,11,6,6010208,6100208,2020,10,21,6,3,5,7,2,0,1,0,0,0,0,0,794748,2301,5820259,524
143577,11,11,11040926,11400929,2020,10,16,4,3,0,1,0,1,0,0,0,0,0,1,804787,4252,5826285,917
143578,11,1,1044103,1400942,2020,10,18,3,2,5,2,0,0,1,0,0,0,1,0,794490,3273,5830675,284
143579,11,8,8010303,8100314,2020,10,18,3,3,5,3,2,0,1,0,0,0,1,1,800680,821,5824253,344
143580,11,2,2010101,2100101,2020,10,16,6,3,2,6,0,0,1,0,0,0,0,0,797617,5084,5826423,22
143581,11,10,10020413,10200418,2020,10,17,4,3,1,5,0,0,1,0,0,0,1,0,811091,5306,5831572,307
143582,11,6,6010101,6100101,2020,10,16,6,3,4,6,0,0,1,0,1,0,0,0,793380,6223,5820710,658
143583,11,1,1011301,1100308,2020,10,13,3,2,5,3,0,0,0,0,1,0,0,0,797609,2316,5828369,677
143584,11,1,1011101,1100101,2020,10,19,7,3,0,1,2,0,0,0,0,0,1,0,795260,1642,5826605,144
143585,11,3,3010101,3100101,2020,10,17,3,3,5,2,1,1,1,0,0,0,0,0,801022,5187,5842286,518
143586,11,9,9010402,9100409,2020,10,20,6,2,0,1,2,1,0,0,0,0,0,0,806783,4516,5820227,156
143587,11,7,7050505,7501134,2020,10,13,6,3,6,4,0,0,1,1,0,0,0,0,799330,6315,5819051,779
143588,11,3,3040614,3400725,2020,10,12,4,3,6,4,0,0,1,1,0,0,0,0,798840,6861,5834952,746
143589,11,3,3071536,3701554,2020,10,13,3,3,5,7,0,1,1,0,0,0,0,0,799104,843,5830031,888
143590,11,3,3051021,3501037,2020,10,15,6,3,5,3,0,1,1,0,0,0,0,0,803049,2221,5832687,663
143591,11,9,9052001,9502043,2020,10,7,4,3,5,3,0,0,1,0,1,0,0,0,809220,7222,5823022,745
143592,11,12,12103218,12100205,2020,10,14,6,3,5,3,0,1,1,0,0,0,0,0,794848,796,5833266,14
143593,11,8,8010118,8100105,2020,10,7,4,3,2,6,0,0,1,0,0,0,1,1,801000,6894,5822169,522
143594,11,8,8010303,8100314,2020,10,9,6,3,5,3,0,0,1,0,0,0,1,0,800333,1444,5824344,674
143595,11,4,4020311,4200309,2020,10,14,7,2,2,6,0,1,0,0,1,0,0,0,788976,5591,5827064,178
143596,11,8,8020620,8200624,2020,10,13,3,3,5,3,0,1,1,0,0,0,0,0,801169,2593,5820609,163
143597,11,1,1044203,1401048,2020,10,2,6,3,0,7,2,0,1,0,0,0,0,0,795530,4035,5830896,949
143598,11,8,8020727,8200832,2020,10,6,6,3,5,2,0,0,1,0,0,0,0,0,800309,711,5816740,967
143599,11,7,7050503,7501031,2020,10,11,4,3,1,7,0,0,1,0,0,0,0,0,798476,1714,5819896,383
143600,11,9,9020702,9200717,2020,10,17,3,2,3,6,0,0,1,0,1,0,0,0,809448,3071,5818669,94
143601,11,1,1011204,1100207,2020,10,8,6,3,5,2,0,1,1,0,0,0,0,0,798311,6691,5826965,845
143602,11,1,1044101,1400937,2020,10,0,4,3,9,1,2,0,0,0,0,0,1,1,793987,2611,5832025,356
143603,11,7,7010102,7100102,2020,10,7,6,3,0,1,0,0,0,0,1,0,0,0,795046,5469,5825696,681
143604,11,3,3010101,3100101,2020,10,9,7,2,5,3,0,0,1,0,0,0,0,0,803000,7028,5842048,459