OBJECTID,LAND,BEZ,LOR,LOR_ab_2021,UJAHR,UMONAT,USTUNDE,UWOCHENTAG,UKATEGORIE,UART,UTYP1,ULICHTVERH,IstRad,IstPKW,IstFuss,IstKrad,IstGkfz,IstSonstige,USTRZUSTAND,LINREFX,LINREFY,XGCSWGS84,YGCSWGS84
143605,11,8,8030829,8300934,2020,10,19,5,3,8,1,1,0,1,0,0,0,0,1,803303,2628,5818307,332
143606,11,1,1033101,1300731,2020,10,14,3,2,6,4,0,0,1,1,0,0,0,0,797258,9847,5833188,475
143607,11,4,4030726,4500936,2020,10,18,3,3,1,5,1,1,1,0,0,0,0,0,792147,7729,5825671,927
143608,11,11,11010103,11100102,2020,10,10,6,3,5,2,0,1,1,0,0,0,0,0,808724,6645,5834238,674
143609,11,6,6010209,6100209,2020,10,19,4,3,2,2,2,0,1,0,0,0,1,1,794750,8311,5821244,811
143610,11,2,2020204,2200210,2020,10,17,3,3,6,4,0,0,1,1,0,0,0,0,798898,9536,5825231,962
143611,11,12,12103116,12100102,2020,10,13,7,3,5,3,0,0,1,0,1,0,0,0,795817,7537,5833165,101
143612,11,11,11041022,11401032,2020,10,21,5,2,0,4,2,0,0,1,1,0,0,1,806578,9041,5827731,989
143613,11,10,10010308,10100311,2020,10,6,3,3,0,2,0,1,1,0,0,0,0,0,806486,7774,5829658,538
143614,11,5,5020627,5200632,2020,10,14,6,3,2,6,0,0,1,0,0,0,0,0,785199,1951,5828307,571
143615,11,12,12103116,12100102,2020,10,8,4,3,1,5,0,1,1,0,0,0,0,0,796566,7264,5833575,267
143616,11,4,4020208,4200206,2020,10,14,3,3,2,6,0,0,1,0,1,0,0,0,786187,7476,5825987,48
143617,11,5,5030833,5300840,2020,10,14,6,3,5,2,0,0,1,0,0,0,0,0,789200,7285,5829288,826
143618,11,8,8010302,8100313,2020,10,16,4,3,3,6,0,1,1,0,0,0,0,1,801954,6418,5824578,349
143619,11,2,2040502,2400521,2020,10,19,1,3,6,4,2,0,1,1,0,0,0,0,800561,5651,5828457,387
143620,11,7,7030301,7300517,2020,10,14,6,3,5,3,0,1,1,0,0,0,0,0,793895,8907,5822922,224
143621,11,1,1033102,1300733,2020,10,20,6,3,1,5,2,1,1,0,0,0,0,0,797263,5387,5831297,294
143622,11,6,6020301,6200311,2020,10,18,5,2,5,3,2,1,1,0,0,0,0,1,796305,2932,5818282,923
143623,11,9,9052001,9502042,2020,10,17,3,3,0,1,0,1,0,0,0,0,0,1,811714,3999,5822076,993
143624,11,11,11020514,11200513,2020,10,20,3,2,6,4,2,0,1,1,0,0,0,0,804608,1902,5831075,275
143625,11,3,3050925,3500936,2020,10,14,6,3,5,2,0,1,1,0,0,0,0,0,802266,1648,5831575,458
143626,11,7,7010101,7100101,2020,10,17,4,3,2,6,0,1,1,0,0,0,0,1,794647,3341,5825769,274
143627,11,2,2040701,2400623,2020,10,14,6,3,2,6,0,0,1,0,0,0,1,0,800385,8265,5827830,826
143628,11,8,8010407,8100418,2020,10,6,3,3,4,2,0,1,0,0,0,0,1,0,802488,8869,5823679,178
143629,11,4,4030621,4300620,2020,10,4,1,3,5,3,2,0,1,0,0,0,0,0,794160,9223,5827011,645
143630,11,2,2050802,2500833,2020,10,1,1,3,0,1,2,0,0,0,0,0,1,0,802638,3132,5826998,747
143631,11,3,3040614,3400722,2020,10,13,6,3,0,3,0,1,1,0,0,0,0,0,798695,1071,5833810,87
143632,11,3,3020209,3200205,2020,10,15,4,3,2,6,0,1,1,0,0,0,0,0,797073,2092,5834935,995
143633,11,2,2030401,2300417,2020,10,13,1,3,0,1,0,0,0,0,1,0,0,0,800787,7463,5825571,538
143634,11,2,2030402,2300419,2020,10,17,1,3,6,4,1,0,0,1,1,0,0,0,801689,3609,5825867,803
143635,11,8,8010115,8100102,2020,10,13,6,3,5,7,0,0,1,0,0,0,0,0,799844,4077,5823656,647
143636,11,1,1022201,1200623,2020,10,20,6,3,2,7,2,1,1,0,0,0,0,0,795567,6946,5829436,485
143637,11,1,1022106,1200522,2020,10,16,4,3,3,6,0,0,1,0,1,0,0,1,794321,584,5828361,12
143638,11,9,9020802,9200819,2020,10,6,3,3,2,6,2,0,1,0,0,0,0,1,809787,6643,5820484,946
143639,11,1,1011102,1100102,2020,10,9,3,3,3,6,0,0,1,0,1,0,0,0,795052,64,5827184,91
143640,11,11,11030720,11300721,2020,10,13,6,3,5,3,0,1,1,0,0,0,0,0,804613,2639,5829088,578
143641,11,5,5010103,5100105,2020,10,17,4,2,2,6,1,0,1,0,0,0,0,1,784536,6103,5831354,39
143642,11,7,7040403,7400824,2020,10,13,6,2,0,7,0,0,1,0,1,0,0,0,797841,944,5822205,79
143643,11,3,3061227,3601244,2020,10,17,3,3,3,6,0,1,1,0,0,0,0,0,800125,6647,5830972,847
143644,11,4,4051551,4501148,2020,10,17,7,3,5,2,1,1,1,0,0,0,0,0,792818,8514,5823222,637
143645,11,4,4030725,4300416,2020,10,16,3,3,4,2,1,1,1,0,0,0,0,0,791481,7679,5825983,491
143646,11,11,11030720,11300721,2020,10,13,6,3,2,6,0,0,1,0,0,0,0,0,804958,7313,5829956,243
143647,11,11,11051332,11501341,2020,10,16,6,3,0,7,0,1,0,0,0,0,0,0,805870,245,5824434,561
143648,11,6,6040810,6400844,2020,10,8,4,3,3,6,0,1,1,0,0,0,0,0,791597,166,5821685,832
143649,11,1,1044103,1400942,2020,10,15,3,3,5,3,0,1,1,0,0,0,0,0,794653,1342,5830528,323
143650,11,2,2020202,2200208,2020,10,23,2,3,5,3,2,1,0,0,0,0,0,0,797906,7645,5825273,399
143651,11,10,10040829,10400836,2020,10,12,6,3,1,7,0,0,1,0,0,0,0,0,811426,8135,5827420,326
143652,11,1,1011102,1100102,2020,10,16,6,3,2,6,0,0,1,0,0,0,0,0,795179,4299,5826956,2
143653,11,2,2020201,2200207,2020,10,14,4,3,0,6,0,0,0,0,1,1,0,1,796819,582,5826051,147
143654,11,5,5030730,5300736,2020,10,11,2,2,5,2,0,0,0,0,1,0,1,0,786750,798,5829272,365
143655,11,1,1011201,1100205,2020,10,12,6,3,0,1,0,0,0,1,1,0,0,0,797010,4082,5826597,353
143656,11,1,1044101,1400937,2020,10,8,4,3,5,7,0,1,1,0,0,0,0,1,793181,3962,5831957,273
143657,11,12,12301203,12500926,2020,10,11,6,3,1,5,0,0,1,0,0,0,0,0,792952,224,5835508,331
143658,11,2,2010104,2100106,2020,10,14,7,3,3,6,0,1,0,0,0,0,0,0,798919,8533,5825586,935
143659,11,7,7020203,7200409,2020,10,7,5,3,0,7,0,1,1,0,0,0,0,0,795024,562,5823837,371
143660,11,1,1022106,1200522,2020,10,0,2,3,5,2,2,1,1,0,0,0,0,0,794572,165,5828351,917
143661,11,4,4020310,4200308,2020,10,11,6,3,5,2,0,1,1,0,0,0,0,0,790330,525,5827542,665
143662,11,2,2030301,2300314,2020,10,9,4,3,5,2,0,1,1,0,0,0,0,0,799725,4778,5826049,584
143663,11,1,1033102,1300733,2020,10,18,2,3,5,2,1,1,1,0,0,0,0,1,797571,8762,5831890,295
143664,11,7,7010103,7100204,2020,10,21,5,3,5,3,2,1,0,0,0,0,0,0,795498,9485,5824721,773
143665,11,3,3061429,3601449,2020,10,16,4,2,6,4,0,0,1,1,0,0,0,1,801914,6937,5830337,241
143666,11,6,6010101,6100101,2020,10,8,5,3,0,1,0,0,0,0,1,0,0,0,792664,2722,5821319,295
143667,11,11,11020412,11200411,2020,10,6,4,3,5,2,1,0,1,0,0,0,0,1,805720,7274,5831817,617
143668,11,1,1044101,1400938,2020,10,13,5,3,6,7,0,0,1,1,0,0,0,0,794739,612,5831240,555
143669,11,2,2020204,2200210,2020,10,15,7,3,5,3,0,1,1,0,0,0,0,0,798324,1612,5825388,793
143670,11,8,8010118,8100105,2020,10,20,5,3,2,6,2,0,1,0,0,0,0,1,800949,743,5822289,178
143671,11,9,9020702,9200717,2020,10,19,2,3,0,4,2,0,0,1,1,0,0,1,809553,5758,5819127,99
143672,11,3,3050925,3500936,2020,10,17,5,3,5,3,0,1,1,0,0,0,0,0,802756,1285,5831731,77
143673,11,1,1044203,1401049,2020,10,20,4,3,5,3,2,0,1,0,0,0,0,1,795884,719,5831928,984
143674,11,2,2040701,2400521,2020,10,16,2,3,5,2,0,1,0,0,0,0,1,1,800718,1279,5827874,25
143675,11,9,9010402,9100409,2020,10,17,5,2,5,3,0,0,1,0,1,0,0,0,805742,906,5818812,998
143676,11,4,4030417,4300414,2020,10,15,4,3,1,5,0,1,1,0,0,0,0,0,791532,2283,5826907,267
143677,11,6,6040806,6400840,2020,10,17,1,3,1,1,0,1,1,0,0,0,0,0,789480,2487,5819073,196
143678,11,2,2030402,2300419,2020,10,17,5,3,1,5,0,1,1,0,0,0,0,0,801592,9916,5825659,605
143679,11,4,4030931,4501042,2020,10,10,6,3,0,6,0,0,1,0,0,0,1,0,793954,5639,5826194,13
143680,11,9,9041402,9401432,2020,10,9,5,1,5,2,0,1,0,0,0,1,0,0,812132,8645,5820049,421
143681,11,8,8030831,8301036,2020,10,8,2,3,5,2,0,1,0,0,0,0,1,0,803727,8755,5817997,424
143682,11,2,2040702,2400624,2020,10,9,3,3,1,5,0,1,1,0,0,0,0,0,801460,4985,5827607,622
143683,11,5,5030731,5300737,2020,10,17,5,3,6,7,0,0,1,1,0,0,0,0,787515,355,5829899,126
143684,11,8,8010404,8100415,2020,10,22,7,3,5,3,2,1,1,0,0,0,0,0,801397,552,5823746,531
143685,11,2,2050801,2500832,2020,10,18,5,3,0,1,2,0,0,0,1,0,0,1,803208,3044,5826817,458
143686,11,7,7020204,7200412,2020,10,15,2,3,0,7,0,1,0,0,0,0,0,1,796051,1974,5823250,873
143687,11,9,9051901,9501939,2020,10,11,3,3,2,2,0,0,1,0,0,0,0,0,810633,334,5821021,486
143688,11,12,12301203,12500930,2020,10,16,5,2,5,2,0,0,1,0,1,0,0,0,793586,466,5834643,614
143689,11,5,5030731,5300737,2020,10,18,4,3,0,6,1,0,0,0,1,0,1,1,787963,7722,5829867,573
143690,11,2,2050803,2500835,2020,10,15,5,3,6,7,0,0,0,1,0,0,1,0,803083,4307,5825984,729
143691,11,1,1011105,1100102,2020,10,19,3,3,5,2,2,1,1,0,0,0,0,1,796641,944,5826645,407
143692,11,1,1011302,1100309,2020,10,7,3,3,2,6,0,1,1,0,0,0,0,0,798241,8966,5829023,231
143693,11,2,2010102,2100102,2020,10,11,1,3,5,3,0,1,1,0,0,0,0,0,798334,1359,5825630,643
143694,11,1,1011105,1100102,2020,10,16,1,3,5,2,0,1,1,0,0,0,0,0,796642,9584,5826641,545
143695,11,5,5020627,5200632,2020,10,15,5,3,5,3,0,0,1,0,1,0,0,0,785658,2525,5828040,24
143696,11,5,5010310,5100312,2020,10,19,6,3,0,2,1,0,1,0,0,0,1,0,784761,393,5830440,578
143697,11,2,2050803,2500835,2020,10,15,4,3,0,2,0,0,1,0,0,0,0,0,803014,4601,5825746,29
143698,11,9,9041402,9401432,2020,10,14,2,3,0,5,0,1,1,0,0,0,0,0,812409,6656,5820094,696
143699,11,1,1011201,1100205,2020,10,9,3,3,5,2,0,1,1,0,0,0,0,0,796952,6725,5826777,71
143700,11,7,7020203,7200409,2020,10,15,5,3,5,2,0,1,1,0,0,0,0,0,795238,1583,5824306,362
143701,11,6,6010102,6100102,2020,10,13,4,2,0,1,0,1,0,0,0,0,0,1,793742,8526,5820572,327
143702,11,8,8020620,8200624,2020,10,8,3,3,2,6,0,0,1,0,0,1,0,0,801144,9895,5820637,408
143703,11,12,12103219,12100204,2020,10,14,5,3,5,3,0,0,1,0,1,0,0,0,795463,6623,5832475,79
143704,11,3,3040614,3400723,2020,10,14,5,3,2,6,0,0,1,0,0,0,0,0,799607,1218,5834004,702
143705,11,7,7020203,7200410,2020,10,17,4,3,6,4,0,0,1,1,0,0,0,0,795644,3004,5823559,58
143706,11,8,8010118,8100105,2020,10,22,3,3,1,5,2,0,1,0,1,0,0,1,800768,6158,5822097,58
143707,11,3,3020203,3200204,2020,10,14,5,3,5,2,0,1,1,0,0,0,0,0,798057,6299,5837198,756
143708,11,7,7020201,7200307,2020,10,16,2,3,5,2,0,1,1,0,0,0,0,1,794964,1236,5824294,122
143709,11,11,11020514,11200513,2020,10,20,1,3,0,1,2,1,0,0,0,0,0,0,804561,6342,5830770,984
143710,11,1,1044203,1401049,2020,10,2,7,3,5,2,2,1,1,0,0,0,0,0,795901,195,5831965,323
143711,11,9,9051901,9501939,2020,10,19,2,3,0,3,2,0,1,0,1,0,0,1,810660,7958,5821947,341
143712,11,9,9041402,9401432,2020,10,14,5,3,5,3,0,0,1,0,0,0,0,0,812119,1841,5820813,348
143713,11,5,5020419,5200423,2020,10,19,6,2,5,2,2,0,1,0,1,0,0,0,781981,7593,5828468,404
143714,11,1,1033203,1300836,2020,10,12,4,3,5,2,0,1,1,0,0,0,0,1,796653,7509,5831082,747
143715,11,7,7050501,7501030,2020,10,16,2,3,4,2,0,0,1,0,0,0,0,1,797810,2361,5819434,942
143716,11,11,11041128,11401137,2020,10,14,5,3,5,3,0,1,1,0,0,0,0,0,806411,7212,5825657,698
143717,11,3,3061228,3601245,2020,10,8,4,2,5,2,0,1,1,0,0,0,0,0,800318,9481,5831543,434
143718,11,1,2010103,2100104,2020,10,23,3,3,5,5,2,0,1,0,1,0,0,1,799358,6586,5826317,34
143719,11,8,8020727,8200832,2020,10,13,5,3,6,2,0,0,1,1,0,0,0,0,800299,8854,5816743,82
143720,11,3,3040818,3400826,2020,10,17,7,2,0,7,0,1,0,0,0,0,0,0,798733,2217,5832862,329
143721,11,12,12214424,12200309,2020,10,22,5,3,0,3,2,0,1,0,1,0,0,1,793389,51,5832514,299
143722,11,3,3030716,3300517,2020,10,14,2,3,5,3,0,0,1,0,0,0,1,0,802580,3609,5833491,696
143723,11,5,5020521,5200524,2020,10,15,7,2,5,3,0,0,1,0,0,0,0,0,780017,1486,5827866,621
143724,11,11,11020514,11200513,2020,10,19,2,3,1,5,2,1,1,0,0,0,0,1,804530,4624,5830788,115
143725,11,6,6010101,6100101,2020,10,11,5,2,0,1,0,1,0,0,0,0,0,0,792477,797,5820808,465
143726,11,4,4031032,4500937,2020,10,12,5,3,5,3,0,0,1,0,1,0,0,0,791148,3488,5824726,761
143727,11,7,7070701,7601442,2020,10,11,4,3,5,2,0,1,0,0,0,1,0,0,798709,7237,5816024,209
143728,11,1,3071536,3701556,2020,10,16,2,3,5,3,1,1,1,0,0,0,0,1,799080,2823,5829017,503
143729,11,10,10010102,10100104,2020,10,12,5,3,5,3,0,1,1,0,0,0,0,0,810027,5514,5833616,144
143730,11,6,6030504,6300528,2020,10,6,4,3,2,6,2,0,1,0,0,0,0,1,790838,1315,5817586,558
143731,11,1,1033101,1300732,2020,10,21,3,3,1,5,2,0,1,0,0,0,0,1,797517,8287,5832692,467
143732,11,4,4051655,4501153,2020,10,15,5,3,5,2,0,1,1,0,0,0,0,0,794169,4052,5823922,268
143733,11,1,1022206,1200628,2020,10,9,7,3,2,6,0,0,1,0,0,0,1,0,796296,504,5828522,31
143734,11,1,1022201,1200623,2020,10,19,5,2,6,4,1,0,0,1,0,0,1,0,795392,8376,5828562,241
143735,11,4,4041344,4400835,2020,10,15,2,3,5,2,0,1,1,0,0,0,0,0,793348,71,5822268,657
143736,11,1,1011402,1100416,2020,10,11,3,3,2,6,0,0,1,0,0,0,0,0,798114,5459,5829927,429
143737,11,8,8010301,8100312,2020,10,10,5,3,5,2,0,1,0,0,0,0,0,0,801696,5742,5824226,696
143738,11,12,12304314,12500824,2020,10,20,4,3,1,5,2,1,1,0,0,0,0,1,791336,8619,5835534,813
143739,11,4,4030827,4300623,2020,10,16,2,2,0,6,0,1,1,0,0,0,0,1,792414,1302,5826160,884
143740,11,9,9051701,9501736,2020,10,7,5,3,5,3,1,1,1,0,0,0,0,1,813013,5901,5821425,301
143741,11,3,3040614,3400721,2020,10,15,4,3,0,3,0,1,1,0,0,0,0,1,798056,7735,5833451,59
143742,11,7,7050501,7501029,2020,10,11,5,3,9,1,0,0,1,0,0,0,0,0,797342,6172,5819402,75
143743,11,11,11051229,11501238,2020,10,9,4,2,5,2,0,1,0,0,0,1,0,0,803700,4456,5826249,524
143744,11,6,6010209,6100209,2020,10,18,2,3,5,3,2,0,1,0,0,0,0,1,794500,2517,5820873,14
143745,11,7,7070707,7601548,2020,10,10,5,2,1,5,0,0,1,0,0,0,0,0,800796,1,5813117,54
143746,11,10,10020622,10200629,2020,10,16,4,3,5,3,0,0,1,0,0,0,1,1,811122,4282,5828405,16
143747,11,3,3040614,3400725,2020,10,10,5,3,5,2,0,0,1,0,1,0,0,0,798904,2345,5834987,614
143748,11,1,1033202,1300835,2020,10,20,7,3,2,6,2,0,1,0,0,0,0,0,797887,777,5830289,265
143749,11,12,12103218,12100205,2020,10,18,5,2,2,6,0,0,1,0,0,0,0,1,794290,5829,5835457,672
143750,11,6,6030503,6300526,2020,10,12,2,3,5,3,0,1,1,0,0,0,0,0,789359,968,5817800,744
143751,11,2,2010102,2100103,2020,10,9,3,2,5,2,0,1,0,0,0,1,0,0,798684,189,5826450,105
143752,11,1,1022101,1200517,2020,10,9,5,3,1,5,0,1,1,0,0,0,0,0,793178,8858,5828287,489
143753,11,9,9051801,9501838,2020,10,17,4,2,1,5,1,0,1,0,0,0,0,1,818791,3582,5822194,111
143754,11,2,2030302,2300315,2020,10,19,3,3,5,2,2,1,1,0,0,0,0,1,800404,2607,5825784,459
143755,11,11,11040926,11400931,2020,10,9,5,3,0,7,0,1,0,0,0,0,1,0,805844,6058,5827143,516
143756,11,4,4030931,4501042,2020,10,19,3,3,5,3,2,0,1,0,1,0,0,1,793914,2038,5825524,164
143757,11,5,5030731,5300737,2020,10,7,1,3,5,2,0,0,1,0,0,0,0,0,788023,358,5829569,486
143758,11,12,12214422,12200310,2020,10,2,1,3,5,3,2,0,1,0,0,0,0,1,792283,1246,5833928,748
143759,11,3,3071633,3701657,2020,10,23,5,3,0,4,2,0,0,1,0,0,1,0,800046,2749,5830412,633
143760,11,2,2010102,2100102,2020,10,17,6,3,3,6,0,1,1,0,0,0,0,0,798217,3689,5825851,751
143761,11,4,4020204,4200203,2020,10,13,1,3,2,6,0,0,1,0,1,0,0,0,787651,1736,5826352,282
143762,11,2,2020205,2200211,2020,10,18,1,3,0,1,1,1,0,0,0,0,0,0,797862,5906,5824587,576
143763,11,1,1022201,1200623,2020,10,22,5,3,1,7,2,0,1,0,0,0,0,0,795919,9004,5828840,53
143764,11,12,12214422,12200310,2020,10,20,6,3,5,2,2,0,1,0,1,0,0,0,792157,8781,5833354,585
143765,11,7,7020204,7200414,2020,10,6,4,3,0,6,2,0,1,0,1,0,0,1,796727,9611,5823975,842
143766,11,10,10040933,10400941,2020,10,18,2,3,4,5,1,1,1,0,0,0,0,1,813563,6148,5826217,777
143767,11,3,3061228,3601245,2020,10,9,3,3,5,3,0,0,1,0,0,0,1,0,800872,8206,5831067,942
143768,11,12,12214421,12200307,2020,10,20,5,3,3,6,2,0,1,0,0,0,0,0,793427,103,5833428,657
143769,11,2,2010102,2100102,2020,10,16,4,3,2,6,0,0,1,0,1,0,0,1,798436,4626,5826514,224
143770,11,1,1011201,1100205,2020,10,19,5,2,5,2,2,1,1,0,0,0,0,0,797573,1612,5826520,109
143771,11,8,8020622,8200727,2020,10,17,2,3,0,7,0,0,1,0,1,0,0,1,802201,6969,5819238,28
143772,11,2,2010102,2100102,2020,10,18,7,3,5,2,1,1,1,0,0,0,0,0,798328,5879,5825628,209
143773,11,2,2050601,2500726,2020,10,17,2,3,5,2,1,0,1,0,0,0,1,1,801868,3145,5828990,722
143774,11,4,4020312,4200308,2020,10,18,5,2,5,3,1,1,1,0,0,0,0,0,789629,9155,5827415,461
143775,11,11,11040925,11400927,2020,10,16,6,3,0,6,0,0,0,0,1,0,0,0,803997,579,5826553,312
143776,11,1,1011201,1100207,2020,10,12,4,3,5,3,0,1,1,0,0,0,0,1,797895,4469,5826569,784
143777,11,7,7030303,7300619,2020,10,17,2,3,2,6,0,0,1,0,1,0,0,1,795875,2913,5820851,271
143778,11,1,1022206,1200628,2020,10,8,5,3,1,5,0,1,1,0,0,0,0,0,796013,21,5828138,104
143779,11,9,9020701,9200715,2020,10,6,4,3,5,3,1,1,1,0,0,0,0,0,808194,6179,5819624,748
143780,11,3,3020307,3200308,2020,10,20,3,3,2,6,2,0,1,0,0,0,0,1,799206,5803,5837613,7
143781,11,12,12103115,12100103,2020,10,14,4,2,0,2,0,1,0,0,0,1,0,1,795474,9155,5833411,749
143782,11,7,7040404,7400826,2020,10,17,2,3,1,7,0,1,1,0,0,0,0,0,797241,8325,5820415,9
143783,11,2,2050802,2500834,2020,10,18,5,3,5,3,0,1,1,0,0,0,0,0,802013,2525,5826919,51
143784,11,3,3051017,3501037,2020,10,8,4,3,5,3,0,0,1,0,1,0,0,0,802304,6967,5833110,625
143785,11,3,3040614,3400721,2020,10,7,5,3,5,3,0,1,0,0,0,0,0,0,798244,3848,5833440,135
143786,11,7,7050505,7501134,2020,10,14,7,3,2,6,0,0,1,0,0,0,0,0,799166,4175,5819064,46
143787,11,12,12214424,12200309,2020,10,7,5,3,5,2,0,1,1,0,0,0,0,0,793116,6017,5832638,118
143788,11,6,6030503,6300527,2020,10,17,2,3,0,2,0,0,1,0,1,0,0,1,790372,1614,5818261,509
143789,11,11,11010204,11100203,2020,10,7,5,2,6,4,0,0,0,1,0,0,1,1,806613,3904,5833959,31
143790,11,5,5030833,5300840,2020,10,17,5,3,2,6,0,0,1,0,0,0,0,0,789334,123,5828938,707
143791,11,10,10010310,10100315,2020,10,9,4,2,5,2,0,1,1,0,0,0,0,0,809758,3033,5831511,142
143792,11,6,6020302,6200312,2020,10,11,2,3,5,3,0,1,1,0,0,0,0,0,794324,9003,5819194,119
143793,11,12,12103115,12100103,2020,9,19,4,3,1,5,1,1,1,0,0,0,0,0,795368,6421,5833926,313
143794,11,9,9020502,9200511,2020,10,16,4,2,6,4,0,0,1,1,0,0,0,1,807427,2371,5821772,913
143795,11,1,1044202,1401046,2020,9,13,4,3,5,2,0,1,1,0,0,0,0,0,794899,575,5830225,226
143796,11,2,2030301,2300417,2020,10,19,7,3,0,7,2,1,0,0,0,0,0,0,800005,133,5825464,854
143797,11,9,9010401,9100407,2020,10,18,5,3,5,2,2,1,1,0,0,0,0,1,806322,9286,5820936,523
143798,11,2,2030401,2300418,2020,10,9,2,3,5,3,0,1,0,0,0,0,0,0,801290,4725,5825361,52
143799,11,4,4041136,4400728,2020,9,14,4,3,3,6,0,1,1,0,0,0,0,0,790225,4,5822870,735
143800,11,6,6030504,6300528,2020,10,11,7,3,5,2,0,1,1,0,0,0,0,0,790624,7585,5816339,785
143801,11,6,6040804,6400838,2020,10,20,5,3,1,5,2,0,1,0,0,0,0,1,788265,1711,5818950,659
143802,11,1,1011303,1100310,2020,10,9,2,3,6,7,0,0,1,1,0,0,0,0,799087,38,5828324,109
143803,11,4,4030621,4300620,2020,9,7,4,3,0,2,0,1,1,0,0,0,0,0,794162,126,5827015,687
143804,11,5,5030730,5300736,2020,10,21,4,2,1,5,2,0,1,0,0,0,0,0,786164,6011,5829141,529
143805,11,2,2020203,2200209,2020,10,8,2,3,5,2,0,1,1,0,0,0,0,0,797769,4175,5824598,114
143806,11,2,2030302,2300316,2020,9,6,4,3,5,7,1,1,1,0,0,0,0,0,801620,918,5826052,6
143807,11,3,3020209,3200206,2020,10,15,4,3,2,6,0,1,0,0,0,0,0,1,797924,8857,5835002,68
143808,11,4,4041344,4400835,2020,10,19,3,3,0,5,2,1,1,0,0,0,0,1,793354,9906,5822866,163
143809,11,11,11030721,11300722,2020,10,19,1,3,2,3,2,0,1,0,0,0,0,0,803861,2114,5828653,323
143810,11,12,12304313,12500825,2020,9,7,4,3,7,7,0,1,0,0,0,0,0,0,791164,3852,5834718,337
143811,11,1,1011303,1100310,2020,10,14,6,3,0,2,0,1,0,0,0,0,1,0,799142,9104,5828309,114
143812,11,7,7040403,7400824,2020,10,18,5,3,6,2,0,0,1,1,0,0,0,1,797671,5464,5821868,16
143813,11,7,7020202,7200308,2020,10,8,2,3,5,2,0,1,0,0,0,0,0,0,795005,3509,5823815,944
143814,11,1,1011201,1100205,2020,10,9,3,3,0,1,0,0,0,0,1,0,0,0,797470,8861,5826799,675
143815,11,1,1011304,1100311,2020,9,17,4,3,3,6,0,1,1,0,0,0,0,0,799668,1904,5827917,883
143816,11,12,12231101,12400722,2020,10,17,4,3,5,7,1,0,1,0,1,0,0,0,791274,9384,5838578,217
143817,11,5,5010314,5100316,2020,10,12,3,3,3,6,0,0,1,0,0,0,1,0,784819,3013,5829133,327
143818,11,4,4051447,4501044,2020,9,14,4,3,5,2,0,1,1,0,0,0,0,0,793197,2008,5824987,291
143819,11,11,11010205,11100204,2020,10,18,4,3,0,3,2,0,1,0,0,0,0,1,806156,1241,5833346,104
143820,11,1,1011101,1100101,2020,9,21,4,3,0,6,2,0,1,0,1,0,0,0,794772,359,5826218,34
143821,11,6,6040810,6400844,2020,10,7,3,2,5,3,0,1,1,0,0,0,0,0,790742,2163,5820755,324
143822,11,6,6020410,6200422,2020,10,13,1,3,4,6,0,1,1,0,0,0,0,0,793850,4514,5816736,631
143823,11,4,4020310,4200308,2020,10,17,1,3,1,5,0,1,1,0,0,0,0,0,790365,5359,5827349,702
143824,11,4,4030827,4300623,2020,9,20,4,3,5,7,2,0,1,0,1,0,0,0,792743,589,5826562,415
143825,11,1,1011301,1100308,2020,10,20,6,3,3,6,2,1,0,0,0,0,0,0,796911,6451,5828893,151
143826,11,3,3051022,3501038,2020,10,16,4,3,0,3,0,0,1,0,1,0,0,1,803003,3792,5832002,559
143827,11,4,4030724,4300415,2020,10,8,2,3,0,7,0,1,0,0,0,0,0,0,791036,465,5826342,166
143828,11,4,4031032,4500937,2020,10,12,3,3,6,4,0,0,0,1,1,0,0,0,791585,4148,5825200,49
143829,11,11,11030618,11300618,2020,9,20,4,2,6,4,1,1,1,1,0,0,0,0,802524,4629,5829068,522
143830,11,5,5020627,5100317,2020,10,15,4,3,5,3,0,0,1,0,0,0,1,1,785653,38,5828113,774
143831,11,2,2020206,2200213,2020,9,19,4,3,6,4,2,1,0,1,0,0,0,0,800275,1466,5824575,75
143832,11,3,3051022,3501038,2020,10,17,7,3,2,2,0,1,1,0,0,0,0,0,803017,1188,5832020,323
143833,11,4,4041344,4400835,2020,10,7,2,3,5,2,0,1,1,0,0,0,0,0,793348,242,5822268,173
143834,11,9,9020502,9200512,2020,9,19,4,3,6,7,1,0,1,1,0,0,0,0,809056,4803,5821550,173
143835,11,3,3071638,3701659,2020,9,19,4,3,1,5,1,0,1,0,1,0,0,0,799625,7661,5828995,199
143836,11,2,2050802,2500833,2020,10,7,2,3,0,1,0,1,0,0,0,0,0,0,802521,6227,5827271,713
143837,11,4,4041137,4400727,2020,10,13,1,3,5,2,0,1,1,0,0,0,0,0,791185,4076,5823236,655