OBJECTID,LAND,BEZ,LOR,LOR_ab_2021,UJAHR,UMONAT,USTUNDE,UWOCHENTAG,UKATEGORIE,UART,UTYP1,ULICHTVERH,IstRad,IstPKW,IstFuss,IstKrad,IstGkfz,IstSonstige,USTRZUSTAND,LINREFX,LINREFY,XGCSWGS84,YGCSWGS84
143838,11,1,1033203,1300836,2020,10,21,7,3,6,4,2,1,0,1,0,0,0,0,796439,2845,5830837,37
143839,11,11,11051331,11501340,2020,10,6,2,3,5,3,0,0,1,0,0,0,0,0,807370,8066,5824543,968
143840,11,7,7050501,7501029,2020,9,18,4,3,0,3,1,1,1,0,0,0,0,0,797627,9645,5819460,229
143841,11,6,6010208,6100208,2020,10,17,6,3,0,3,0,1,1,0,0,0,0,0,794160,9189,5820819,624
143842,11,2,2040701,2400623,2020,10,13,4,3,2,6,0,0,1,0,0,0,0,1,801202,749,5827443,972
143843,11,6,6020408,6200420,2020,10,2,2,3,1,5,2,0,1,0,0,0,0,0,792471,8663,5815701,124
143844,11,4,4020208,4200206,2020,9,18,4,3,2,2,0,1,1,0,0,0,0,0,786239,8762,5826006,485
143845,11,1,1011304,1100311,2020,10,8,4,3,5,2,0,1,1,0,0,0,0,0,799707,8833,5827834,68
143846,11,6,6040810,6400844,2020,9,18,4,2,6,4,0,0,1,1,0,0,0,0,792390,1753,5821088,413
143847,11,4,4041135,4400729,2020,10,14,7,3,2,6,0,0,1,0,0,0,0,0,790538,4409,5822317,572
143848,11,7,7070703,7601544,2020,10,6,5,3,5,2,0,0,1,0,0,0,0,0,799776,2065,5813975,668
143849,11,3,3061126,3601141,2020,10,0,2,3,0,7,2,1,1,0,0,0,0,0,799098,9473,5831778,594
143850,11,12,12103117,12100101,2020,9,18,4,3,2,6,0,0,1,0,1,0,0,0,796643,6513,5832437,249
143851,11,1,1033101,1300730,2020,10,9,4,2,6,4,0,0,1,1,0,0,0,0,796666,1392,5831968,591
143852,11,7,7050501,7501029,2020,10,15,1,2,2,6,0,0,1,0,0,0,0,0,797639,6689,5819428,242
143853,11,8,8010118,8100105,2020,9,17,4,3,1,5,0,0,1,0,0,0,1,0,800939,9532,5822141,89
143854,11,4,4051551,4501148,2020,10,12,4,3,5,3,0,0,1,0,0,0,0,1,793220,8949,5823362,37
143855,11,7,7030301,7300516,2020,10,15,1,3,1,5,0,1,1,0,0,0,0,0,793695,3795,5822145,838
143856,11,11,11030721,11300725,2020,9,16,4,2,0,1,0,1,0,0,0,0,0,0,805212,7854,5828158,938
143857,11,5,5020523,5200527,2020,10,6,4,2,5,2,1,1,1,0,0,0,0,0,783131,7164,5827434,547
143858,11,5,5020626,5200630,2020,9,16,4,2,5,3,0,0,1,0,0,0,0,0,783813,6113,5827500,754
143859,11,6,6020409,6200421,2020,10,10,7,3,0,1,0,1,0,0,0,0,0,0,793240,2788,5817306,7
143860,11,2,2050602,2500727,2020,10,19,5,3,0,1,2,0,0,0,1,0,0,1,802470,3183,5828279,455
143861,11,8,8010118,8100104,2020,10,15,1,3,5,2,0,1,1,0,0,0,0,0,800232,7865,5822347,41
143862,11,3,3040614,3400721,2020,9,16,4,2,5,3,0,1,1,0,0,0,0,0,797776,4138,5832954,358
143863,11,10,10010310,10100313,2020,10,5,4,3,6,4,2,0,0,1,0,0,1,1,808470,2678,5831153,301
143864,11,4,4041135,4400729,2020,10,14,1,3,5,7,0,1,1,0,0,0,0,0,790540,791,5822381,22
143865,11,9,9020802,9200819,2020,9,16,4,2,5,2,0,0,1,0,0,0,1,0,810174,419,5820386,809
143866,11,4,4030725,4300416,2020,10,15,4,3,0,1,0,1,0,0,0,0,0,1,791487,6347,5826007,577
143867,11,4,4010101,4100101,2020,10,19,1,3,0,6,2,0,1,0,0,0,0,0,791248,4953,5829725,718
143868,11,11,11020515,11200514,2020,9,16,4,3,6,4,0,0,1,1,0,0,0,0,804999,3757,5830454,935
143869,11,7,7040403,7400823,2020,9,14,4,2,5,2,0,0,1,0,1,0,0,0,796907,3386,5822295,55
143870,11,9,9041501,9401534,2020,10,16,4,3,5,3,0,1,1,0,0,0,0,1,811257,1211,5820189,249
143871,11,6,6010102,6100102,2020,9,14,4,3,2,7,0,0,1,0,0,0,0,0,793356,6044,5821239,42
143872,11,9,9020802,9200819,2020,10,20,7,3,5,2,1,0,1,0,0,0,0,0,810055,548,5819465,414
143873,11,1,1011301,1100308,2020,10,18,5,3,5,2,1,1,1,0,0,0,0,1,797458,2345,5828308,916
143874,11,10,10010102,10100104,2020,10,13,1,3,1,5,0,0,1,0,1,0,0,0,810156,7958,5833681,84
143875,11,4,4051446,4501043,2020,10,13,3,3,2,2,0,1,1,0,0,0,0,0,792873,765,5824330,873
143876,11,1,1011203,1100206,2020,9,14,4,3,6,4,0,1,0,1,0,0,0,0,797809,9351,5827456,153
143877,11,1,1022206,1200628,2020,10,18,4,3,5,3,0,1,0,0,1,0,0,1,795921,8489,5828332,63
143878,11,4,4030930,4501041,2020,10,19,3,3,6,2,2,0,1,1,0,0,0,1,792827,8822,5825365,386
143879,11,12,12103219,12100204,2020,9,14,4,2,5,2,0,1,1,0,0,0,0,0,795045,6779,5832466,891
143880,11,6,6030608,6300632,2020,10,20,3,2,6,2,2,0,1,1,0,0,0,1,792232,4078,5816671,456
143881,11,1,1011306,1100313,2020,10,11,1,3,5,3,0,0,0,0,1,0,0,0,799899,7354,5826515,143
143882,11,8,8010301,8100312,2020,10,2,1,2,1,5,2,1,1,0,0,0,0,0,800884,5888,5824281,514
143883,11,3,3051022,3501038,2020,9,14,4,3,0,5,0,1,1,0,0,0,0,0,802924,9044,5831846,468
143884,11,2,2050801,2500831,2020,10,18,6,3,5,3,1,1,1,0,0,0,0,0,803271,5185,5827427,175
143885,11,5,5030730,5300736,2020,10,14,4,3,2,7,0,1,0,0,0,0,1,1,786459,1632,5829774,313
143886,11,8,8010301,8100312,2020,10,14,1,3,5,3,0,0,1,0,0,0,1,0,801264,6635,5824590,592
143887,11,12,12304313,12500825,2020,10,17,3,3,2,6,0,0,1,0,0,0,1,0,792352,547,5835090,59
143888,11,2,2050802,2500833,2020,10,20,4,3,6,4,2,0,1,1,0,0,0,1,802516,1726,5827168,405
143889,11,11,11010309,11100308,2020,10,10,6,3,1,5,0,1,1,0,0,0,0,0,804454,7243,5833687,404
143890,11,8,8010301,8100311,2020,10,12,6,3,6,4,0,0,0,1,1,0,0,0,800869,403,5824556,283
143891,11,9,9051801,9501838,2020,10,18,6,2,5,3,1,1,1,0,0,0,0,1,819248,6513,5819963,275
143892,11,10,10030724,10300731,2020,10,14,3,3,2,6,0,0,1,0,0,0,0,0,809411,9671,5829702,868
143893,11,8,8010509,8100521,2020,10,13,5,3,2,2,0,1,1,0,0,0,0,1,803866,6071,5822072,722
143894,11,4,4020311,4200310,2020,10,19,2,2,6,4,2,0,1,1,0,0,0,0,789879,896,5826226,194
143895,11,5,5030731,5300737,2020,10,7,2,3,0,1,0,1,0,0,0,0,0,0,787974,3608,5830393,45
143896,11,3,3050919,3500932,2020,10,9,6,3,5,2,0,1,1,0,0,0,0,1,802062,355,5832778,15
143897,11,9,9051702,9501737,2020,10,6,4,3,5,3,2,0,1,0,0,0,0,1,815026,7831,5821286,361
143898,11,12,12231102,12400721,2020,10,9,6,3,1,5,0,1,1,0,0,0,0,1,791126,822,5840527,429
143899,11,1,1011401,1100415,2020,10,11,7,2,0,1,0,1,0,0,0,0,0,0,798370,6338,5829273,982
143900,11,1,1044203,1401049,2020,10,15,7,3,5,2,0,1,1,0,0,0,0,0,796010,656,5831416,113
143901,11,10,10020415,10200422,2020,10,14,3,3,0,3,0,0,1,0,0,0,0,0,812455,5108,5831040,84
143902,11,10,10040933,10400941,2020,10,7,6,3,0,3,0,0,1,0,1,0,0,1,812385,7403,5823984,414
143903,11,1,1033102,1300733,2020,10,18,6,3,6,4,0,1,0,1,0,0,0,1,797868,4921,5831348,155
143904,11,4,4030417,4300414,2020,10,8,3,3,5,3,0,1,1,0,0,0,0,0,790845,7674,5826735,208
143905,11,1,1033101,1300732,2020,10,21,5,3,2,6,2,0,1,0,0,0,0,1,797277,9513,5832201,302
143906,11,11,11020412,11200411,2020,10,11,1,2,5,2,0,0,1,0,0,0,0,0,805717,8592,5831818,541
143907,11,2,2050601,2500726,2020,10,18,1,2,6,4,1,0,1,1,0,0,0,1,801880,6185,5828965,571
143908,11,3,3050923,3500934,2020,10,12,5,3,6,4,0,0,0,1,0,0,1,1,800664,4421,5832181,514
143909,11,11,11030619,11300620,2020,10,20,1,3,5,2,2,0,1,0,0,0,0,1,803550,7041,5829752,95
143910,11,12,12103115,12100103,2020,10,15,1,3,1,5,0,1,1,0,0,0,0,0,795730,1905,5833606,864
143911,11,6,6020303,6200313,2020,10,15,4,3,0,1,0,1,0,0,0,0,0,1,795301,3974,5818542,728
143912,11,12,12301203,12500930,2020,10,23,6,3,5,2,2,1,1,0,0,0,0,1,792875,525,5835194,484
143913,11,4,4030620,4300619,2020,10,13,6,3,0,4,0,0,0,1,0,0,1,0,792130,4245,5827311,958
143914,11,8,8010404,8100416,2020,10,16,6,3,2,6,0,1,1,0,0,0,0,0,801738,5045,5823230,895
143915,11,6,6040807,6400841,2020,10,13,3,3,0,3,0,1,1,0,0,0,0,0,790011,9674,5819153,281
143916,11,1,1022201,1200623,2020,10,21,6,3,1,5,2,1,1,0,0,0,0,1,795739,8016,5829143,638
143917,11,6,6010205,6100205,2020,10,12,5,3,1,7,0,0,1,0,0,0,0,1,794841,9002,5820050,655
143918,11,4,4010102,4100101,2020,10,19,2,3,6,4,2,0,1,1,0,0,0,0,792594,7437,5830683,438
143919,11,5,5010209,5100211,2020,10,15,1,3,5,3,0,1,1,0,0,0,0,1,783246,608,5830300,141
143920,11,1,1011201,1100205,2020,10,19,1,3,5,2,2,1,1,0,0,0,0,0,797470,5402,5826800,564
143921,11,1,1011402,1100416,2020,10,17,4,3,5,3,1,1,1,0,0,0,0,1,798593,9698,5829506,639
143922,11,1,1011306,1100313,2020,10,21,6,3,6,2,2,0,1,1,0,0,0,1,799985,7905,5826927,382
143923,11,6,6040703,6400737,2020,10,11,6,3,6,4,0,0,1,1,0,0,0,1,785557,8271,5817846,402
143924,11,2,2020204,2200210,2020,10,17,6,3,5,2,1,1,1,0,0,0,0,0,798699,8981,5824703,648
143925,11,6,6030503,6300526,2020,10,16,3,3,0,6,0,0,1,0,1,0,0,0,789541,9447,5817841,365
143926,11,4,4061757,4400729,2020,10,8,6,3,0,1,0,0,0,0,1,0,0,1,788805,4632,5821995,254
143927,11,1,1033101,1300732,2020,10,14,4,2,2,6,0,0,1,0,1,0,0,1,797574,402,5832755,264
143928,11,1,1011303,1100310,2020,10,6,6,3,5,2,1,0,1,0,0,0,1,1,799246,295,5828468,925
143929,11,8,8010118,8100104,2020,10,15,6,3,5,3,0,0,1,0,0,0,0,0,800846,4799,5822533,845
143930,11,1,1033203,1300836,2020,10,18,3,3,5,2,0,1,0,0,0,0,1,0,796300,4185,5830596,309
143931,11,5,5030730,5300736,2020,10,21,6,3,1,1,2,0,1,0,1,0,0,1,785519,9082,5829244,764
143932,11,2,2050602,2500728,2020,10,19,5,3,0,5,2,1,1,0,0,0,0,1,803143,342,5828303,915
143933,11,2,2030402,2300419,2020,10,11,2,3,2,6,0,1,1,0,0,0,0,0,801964,1896,5825635,874
143934,11,10,10040828,10400835,2020,10,12,4,3,0,6,0,0,1,0,0,0,1,1,811367,3261,5828018,946
143935,11,10,10020414,10200421,2020,10,13,7,3,2,6,0,0,1,0,0,0,0,0,812234,894,5830800,963
143936,11,4,4030827,4300623,2020,10,14,7,3,5,3,0,1,1,0,0,0,0,0,792409,8508,5826534,547
143937,11,4,4030518,4300517,2020,10,18,4,3,5,3,1,0,1,0,0,0,0,1,791910,5154,5828198,915
143938,11,1,1022106,1200522,2020,10,21,6,3,3,6,2,1,0,0,0,0,0,1,794316,503,5828366,164
143939,11,8,8020726,8200831,2020,10,10,6,2,2,6,0,0,1,0,0,0,0,0,800443,8545,5816037,845
143940,11,10,10010310,10100315,2020,10,15,6,3,6,2,0,0,1,1,0,0,0,0,809936,877,5831601,155
143941,11,8,8020620,8200624,2020,10,12,3,3,5,2,0,1,1,0,0,0,0,0,801179,7727,5820596,768
143942,11,11,11030619,11300620,2020,10,9,5,3,2,2,0,0,1,0,0,0,0,1,804141,3831,5829844,366
143943,11,11,11010309,11100308,2020,10,14,2,2,6,7,0,0,0,1,0,1,0,0,805048,6276,5833513,282
143944,11,12,12302110,12601235,2020,10,6,2,3,5,2,1,1,1,0,0,0,0,0,794983,5747,5836326,817
143945,11,9,9051702,9501737,2020,10,5,6,2,6,4,2,0,0,1,0,0,1,1,813733,7616,5821731,802
143946,11,1,1011302,1100309,2020,10,0,5,3,0,1,2,0,0,0,0,0,1,1,798058,728,5828469,169
143947,11,1,1022106,1200522,2020,10,9,4,3,5,3,0,1,1,0,0,0,0,1,793716,9322,5827979,177
143948,11,1,1033101,1300731,2020,10,13,5,3,8,1,0,0,1,0,0,0,0,1,797527,5678,5833037,681
143949,11,7,7040406,7400928,2020,10,13,2,3,5,3,0,0,1,0,0,0,0,1,800094,5531,5821660,755
143950,11,9,9010402,9100409,2020,10,11,2,3,2,6,0,0,1,0,0,0,0,0,806808,1998,5818194,283
143951,11,3,3040818,3400829,2020,10,9,5,3,1,5,0,1,1,0,0,0,0,1,799479,4075,5832755,936
143952,11,3,3040614,3400721,2020,10,10,4,3,5,3,0,1,1,0,0,0,0,1,797776,274,5832954,221
143953,11,12,12231101,12400722,2020,10,19,7,3,1,5,2,1,1,0,0,0,0,0,791273,593,5838575,65
143954,11,1,1033102,1300733,2020,10,1,7,3,1,5,2,1,1,0,0,0,0,1,797943,2939,5831363,801
143955,11,8,8040933,8401139,2020,10,19,4,3,6,7,2,0,1,1,0,0,0,1,802920,523,5818377,619
143956,11,3,3061126,3601141,2020,10,9,6,2,0,7,0,1,0,0,0,0,0,1,799026,7715,5831811,229
143957,11,10,10020413,10200418,2020,10,9,6,2,0,3,0,0,0,0,0,0,1,0,811137,3853,5830925,837
143958,11,5,5010314,5100316,2020,10,16,6,3,2,4,0,0,1,1,0,0,1,1,784568,9616,5828853,803
143959,11,1,1044201,1401045,2020,10,14,3,3,1,5,0,1,1,0,0,0,0,0,796599,1326,5831923,899
143960,11,3,3061131,3601142,2020,10,13,5,3,0,1,0,0,0,0,1,0,0,1,798667,7676,5830301,927
143961,11,7,7010104,7100205,2020,10,18,1,3,5,3,2,1,1,0,0,0,0,1,796440,6162,5824889,29
143962,11,3,3020209,3200205,2020,10,16,1,3,5,3,0,0,1,0,1,0,0,0,797878,2722,5836018,8
143963,11,5,5020625,5200629,2020,10,8,6,3,6,2,0,0,1,1,0,0,0,1,784459,2848,5828663,328
143964,11,7,7020204,7200414,2020,10,15,4,3,6,2,0,0,1,1,0,0,0,1,796235,171,5823947,593
143965,11,2,2020204,2200210,2020,10,10,6,2,2,6,0,0,1,0,1,0,0,1,798594,5082,5824699,791
143966,11,1,1011201,1100205,2020,10,11,7,3,5,2,0,1,1,0,0,0,0,0,797473,2907,5826793,496
143967,11,1,1011301,1100308,2020,10,23,6,3,0,7,2,0,1,0,0,0,0,1,796833,8107,5829570,743
143968,11,2,2030302,2300315,2020,10,13,3,3,5,2,0,0,1,0,1,0,0,0,800404,8679,5825789,98
143969,11,11,11030618,11300618,2020,10,8,6,3,1,5,0,0,1,0,1,0,0,1,802805,7017,5828747,245
143970,11,7,7020203,7200411,2020,10,19,6,3,0,2,1,0,1,0,0,0,1,1,795971,14,5824531,281
143971,11,4,4030724,4300415,2020,10,11,6,3,0,7,0,1,0,0,0,0,0,1,791051,2159,5826350,846
143972,11,4,4020311,4200310,2020,10,20,7,3,5,3,2,0,1,0,0,0,0,0,789992,273,5826317,665
143973,11,1,1011402,1100416,2020,10,17,7,2,0,1,0,1,0,0,0,0,0,0,798683,6756,5829471,16
143974,11,8,8010508,8100520,2020,10,20,3,3,0,4,2,0,0,1,1,0,0,0,803267,7017,5822668,107
143975,11,11,11020412,11200411,2020,10,11,6,3,5,2,0,1,0,0,0,1,0,0,805043,1997,5831482,353
143976,11,11,11020514,11200513,2020,10,18,6,3,0,3,0,0,1,0,1,0,0,1,803872,7202,5830409,585
143977,11,1,1022204,1200626,2020,10,10,3,3,6,2,0,0,1,1,0,0,0,0,795125,5889,5828253,103
143978,11,12,12214424,12200309,2020,10,11,5,3,0,6,0,0,0,0,1,0,1,1,793424,4842,5832485,178
143979,11,4,4041136,4400728,2020,10,17,1,2,1,1,1,0,1,0,1,0,0,1,789694,2899,5823233,58
143980,11,1,1022203,1200625,2020,10,10,1,3,3,6,0,1,1,0,0,0,0,0,795145,3467,5828554,584
143981,11,4,4051445,4500939,2020,10,16,4,3,2,6,0,0,1,0,0,0,0,1,792524,1026,5824499,218
143982,11,6,6030504,6300528,2020,10,12,6,3,0,3,0,0,1,0,1,0,0,0,789601,17,5817096,268
143983,11,1,1011302,1100309,2020,10,9,6,3,6,4,0,1,0,1,0,0,0,0,798055,4008,5828841,255
143984,11,2,2020206,2200213,2020,10,9,3,3,0,1,0,0,0,0,1,0,0,1,799776,8396,5824824,169
143985,11,3,3030406,3300413,2020,10,6,6,3,5,3,0,1,1,0,0,0,0,1,803233,1339,5838056,58
143986,11,8,8010117,8100102,2020,10,18,5,3,3,6,1,1,1,0,0,0,0,1,800483,2311,5823561,721
143987,11,1,1011202,1100206,2020,10,17,2,3,5,3,0,1,1,0,0,0,0,0,797496,6804,5827946,18
143988,11,11,11020411,11200410,2020,10,19,2,3,5,3,2,0,1,0,0,0,0,0,806199,2809,5832523,301
143989,11,6,6020411,6200423,2020,10,10,5,3,2,6,0,0,1,0,0,0,0,1,793386,4845,5816217,826
143990,11,11,11010205,11100204,2020,10,13,1,3,5,2,0,0,1,0,0,0,0,1,805963,223,5833692,593
143991,11,7,7010102,7100102,2020,10,22,1,3,5,2,2,0,1,0,0,0,0,0,795012,3801,5825657,996
143992,11,4,4010101,4100101,2020,10,17,4,3,2,6,0,0,1,0,0,0,0,1,791057,4969,5829729,31
143993,11,8,8010117,8100102,2020,10,6,6,3,0,1,1,0,0,0,1,0,0,1,800464,7486,5823631,851
143994,11,8,8040933,8401139,2020,10,14,6,3,5,3,0,1,1,0,0,0,0,0,803004,5053,5819365,919
143995,11,1,1011305,1100312,2020,10,19,3,3,1,5,2,1,1,0,0,0,0,0,799395,7056,5826409,907
143996,11,11,11041022,11401032,2020,10,13,6,3,1,5,0,1,0,0,1,0,0,0,806578,9963,5827730,69
143997,11,1,1011204,1100207,2020,10,15,5,3,3,6,0,1,0,0,0,0,0,1,797850,328,5826890,475
143998,11,6,6020411,6200423,2020,10,14,2,2,1,5,0,0,1,0,0,0,0,0,793457,954,5816097,988
143999,11,1,1011306,1100313,2020,10,15,2,2,5,2,0,1,1,0,0,0,0,0,799976,575,5826926,74
144000,11,3,3050923,3500934,2020,10,12,4,3,5,2,0,1,1,0,0,0,0,1,801152,3766,5831614,834
144001,11,6,6010209,6100209,2020,10,15,7,2,0,1,0,0,0,0,1,0,0,1,794254,1469,5821096,622
144002,11,11,11020411,11200410,2020,10,13,7,3,2,6,0,0,1,0,0,0,0,0,805079,16,5833064,826
144003,11,2,2020204,2200210,2020,10,20,4,3,5,7,2,0,1,0,0,0,0,1,798881,3496,5825085,2
144004,11,6,6030607,6300631,2020,10,13,6,3,2,6,0,0,1,0,0,0,0,0,791466,5085,5816152,736
144005,11,1,1022204,1200626,2020,10,9,6,3,5,2,0,1,1,0,0,0,0,1,794534,95,5828200,599
144006,11,10,10020413,10200418,2020,10,19,6,3,2,6,1,0,1,0,0,0,0,1,810834,4293,5830937,517
144007,11,1,1011304,1100311,2020,10,0,7,3,5,2,2,1,0,0,0,0,0,0,799730,882,5827547,138
144008,11,7,7030301,7300517,2020,10,10,7,3,2,6,0,1,1,0,0,0,0,0,794297,1303,5822136,9
144009,11,11,11010308,11100307,2020,10,18,4,3,1,5,1,1,1,0,0,0,0,1,805110,3437,5833581,804
144010,11,10,10030724,10300731,2020,10,14,6,3,6,4,0,0,1,1,0,0,0,1,809207,5461,5830217,945
144011,11,3,3020307,3200308,2020,10,13,6,3,5,2,0,0,1,0,0,0,0,1,800172,3045,5836586,611
144012,11,10,10040931,10400938,2020,10,19,6,2,6,4,2,0,1,1,0,0,0,1,813196,6899,5828891,625
144013,11,4,4030930,4501041,2020,10,15,3,3,1,7,0,0,1,0,0,0,0,0,793355,8468,5825423,873
144014,11,2,2030302,2300316,2020,10,19,5,3,2,6,2,0,1,0,0,0,0,1,801444,7711,5826020,941
144015,11,1,1011301,1100308,2020,10,17,2,3,1,5,0,1,1,0,0,0,0,0,797094,2126,5829269,409
144016,11,7,7040406,7400928,2020,10,8,2,3,1,5,0,0,1,0,0,0,1,0,799881,4334,5821883,476
144017,11,1,1044203,1401048,2020,10,6,6,3,3,6,0,1,1,0,0,0,0,1,795480,973,5831264,908
144018,11,1,1011103,1100103,2020,10,8,5,2,5,2,0,0,1,0,1,0,0,1,796167,7635,5825980,864
144019,11,10,10010310,10100313,2020,10,9,4,3,5,3,0,0,1,0,0,0,0,1,808496,4522,5831145,501
144020,11,6,6030501,6300524,2020,10,12,7,2,5,2,0,1,1,0,0,0,0,0,788843,7306,5816229,301
144021,11,2,2030301,2300314,2020,10,18,7,3,5,2,2,1,1,0,0,0,0,0,800115,2323,5825741,481
144022,11,11,11030720,11300721,2020,10,7,4,2,5,2,0,0,1,0,0,0,1,1,804594,897,5829941,49
144023,11,3,3040818,3400827,2020,10,14,6,3,6,4,0,0,1,1,0,0,0,0,799738,311,5831970,261
144024,11,1,1022201,1200623,2020,10,8,6,3,0,1,0,1,0,0,0,0,0,0,795225,3485,5829078,911
144025,11,1,1033201,1300834,2020,10,14,6,3,0,1,0,0,0,0,1,0,0,0,797910,1638,5830310,398
144026,11,1,1011105,1100102,2020,10,23,3,3,8,1,2,1,0,0,0,0,0,0,795776,8917,5826685,598
144027,11,1,1033203,1300836,2020,10,9,6,2,5,3,0,1,1,0,0,0,0,0,796933,839,5830171,544
144028,11,4,4051445,4500939,2020,10,12,5,3,5,7,0,1,1,0,0,0,0,1,791820,463,5824312,842
144029,11,2,2040701,2400623,2020,10,19,1,3,3,6,2,0,1,0,1,0,0,1,800810,3417,5826995,282
144030,11,2,2050802,2500833,2020,10,16,1,3,5,3,0,0,1,0,0,0,0,1,802520,7043,5827279,315
144031,11,1,1033102,1300733,2020,10,11,3,3,5,7,0,1,1,0,0,0,0,0,797384,869,5831902,827
144032,11,1,1033101,1300732,2020,10,16,6,3,6,7,1,1,0,1,0,0,0,0,797296,7571,5832216,253
144033,11,7,7050505,7501134,2020,10,13,5,3,5,3,0,0,1,0,0,0,0,1,799184,1763,5819062,752
144034,11,12,12103219,12100204,2020,10,18,2,2,6,7,1,0,1,1,0,0,0,0,795160,5612,5832476,451
144035,11,8,8010301,8100312,2020,10,0,2,3,1,5,2,1,1,0,0,0,0,0,801276,4072,5824006,881
144036,11,3,3040818,3400828,2020,10,14,6,3,5,3,0,1,1,0,0,0,0,0,800120,8711,5831861,252
144037,11,8,8010303,8100314,2020,10,8,4,3,1,5,0,1,1,0,0,0,0,1,801183,6954,5823791,936
144038,11,9,9020701,9200715,2020,10,8,4,3,5,3,0,0,1,0,0,0,1,1,808642,4435,5819166,303
144039,11,8,8020619,8200623,2020,10,6,6,3,5,3,1,0,1,0,0,0,1,1,801537,4505,5820657,887
144040,11,5,5020521,5200524,2020,10,2,7,2,1,1,2,0,1,0,1,0,0,1,780586,3348,5827872,315
144041,11,11,11030721,11300725,2020,10,15,7,2,5,3,0,0,1,0,0,0,0,0,805049,855,5827914,609
144042,11,10,10010308,10100311,2020,10,14,3,3,5,3,0,0,1,0,0,0,0,0,806579,1529,5828417,972
144043,11,7,7010104,7100205,2020,10,14,6,3,5,3,0,0,1,0,1,0,0,0,796101,7871,5824938,263
144044,11,2,2050802,2500834,2020,10,7,6,3,6,2,2,0,1,1,0,0,0,1,802545,7689,5826732,961
144045,11,9,9010202,9100203,2020,10,9,3,3,6,3,0,0,1,1,0,0,0,0,804167,3692,5822894,76
144046,11,1,1022206,1200628,2020,10,15,6,3,5,2,0,0,1,0,0,0,0,1,796252,8102,5828525,32
144047,11,2,2050801,2500830,2020,10,10,5,3,2,6,0,0,1,0,1,0,0,1,802496,9155,5827520,388
144048,11,11,11010207,11100206,2020,10,10,1,3,5,3,0,0,1,0,1,0,0,0,805286,493,5834270,929
144049,11,6,6010102,6100102,2020,10,17,1,3,2,6,0,0,1,0,1,0,0,0,793616,7925,5820818,938
144050,11,5,5020417,5200420,2020,10,14,4,2,2,7,0,0,1,0,0,0,1,1,782730,8251,5828543,693
144051,11,8,8020620,8200624,2020,10,6,6,3,5,2,1,1,1,0,0,0,0,1,801293,4589,5820444,318
144052,11,4,4041343,4400834,2020,10,9,6,3,0,1,0,1,0,0,0,0,0,0,792605,6912,5821791,542
144053,11,12,12304314,12500824,2020,10,15,4,3,2,6,0,0,1,0,0,0,0,1,790185,465,5835901,811
144054,11,1,1022206,1200628,2020,10,5,6,2,5,2,2,1,1,0,0,0,0,1,795703,6221,5828178,9
144055,11,5,5020416,5200419,2020,10,12,7,3,8,1,0,0,1,0,0,0,0,0,780947,779,5829127,713
144056,11,4,4041239,4400830,2020,10,18,6,3,5,7,1,0,1,0,0,0,0,1,791958,235,5823190,132
144057,11,2,2040701,2400623,2020,10,13,3,3,2,6,0,0,1,0,0,0,0,0,800521,2112,5827049,857
144058,11,7,7010102,7100102,2020,10,5,6,3,5,2,2,0,1,0,0,0,0,1,794957,1156,5825649,55
144059,11,3,3040818,3400828,2020,10,19,6,2,5,3,1,0,1,0,0,0,1,1,799725,9438,5832497,169
144060,11,2,2010103,2100105,2020,10,23,2,2,5,3,2,0,1,0,1,0,0,0,799559,8871,5825859,293
144061,11,1,1033101,1300732,2020,10,15,6,3,5,2,0,1,0,0,0,0,1,0,797282,6165,5832214,175
144062,11,8,8010508,8100520,2020,10,5,5,3,9,1,2,0,1,0,0,0,0,1,802970,4527,5822824,385
144063,11,2,2040701,2400623,2020,10,14,1,3,2,2,0,0,1,0,1,0,0,1,800352,7738,5827172,512
144064,11,1,1011301,1100308,2020,10,20,1,3,0,5,2,1,1,0,0,0,0,0,796296,6967,5829537,274
144065,11,2,2040502,2400521,2020,10,17,4,3,0,1,1,0,0,0,1,0,0,1,801257,6975,5827899,118
144066,11,10,10040830,10400837,2020,10,14,5,3,6,7,0,0,1,1,0,0,0,0,810600,9293,5825068,133
144067,11,12,12301203,12500926,2020,10,13,6,3,6,4,0,0,1,1,0,0,0,1,793501,7264,5836111,36
144068,11,2,2020202,2200208,2020,10,15,6,3,5,3,0,1,1,0,0,0,0,0,797930,1892,5825275,946
144069,11,7,7050501,7501029,2020,10,19,3,3,5,2,2,1,1,0,0,0,0,0,797201,975,5819542,414
144070,11,10,10010311,10100316,2020,10,17,5,3,6,4,1,0,0,1,0,0,1,1,810670,5964,5831999,465