OBJECTID,LAND,BEZ,LOR,LOR_ab_2021,UJAHR,UMONAT,USTUNDE,UWOCHENTAG,UKATEGORIE,UART,UTYP1,ULICHTVERH,IstRad,IstPKW,IstFuss,IstKrad,IstGkfz,IstSonstige,USTRZUSTAND,LINREFX,LINREFY,XGCSWGS84,YGCSWGS84
144071,11,2,2050803,2500835,2020,10,14,5,3,5,2,0,1,1,0,0,0,0,1,803092,7981,5826031,535
144072,11,1,1033203,1300836,2020,10,12,2,3,1,5,0,1,1,0,0,0,0,1,796801,1438,5829979,987
144073,11,7,7010102,7100102,2020,10,13,2,2,5,2,0,0,1,0,1,0,0,0,794954,471,5825646,879
144074,11,6,6020302,6200312,2020,10,17,3,3,2,6,0,0,1,0,0,0,0,0,795157,4429,5818829,103
144075,11,8,8010118,8100104,2020,10,18,5,3,2,6,2,0,1,0,0,0,0,1,800858,322,5822504,644
144076,11,10,10040933,10400940,2020,10,19,5,3,5,2,2,0,1,0,0,0,1,1,812372,965,5823980,52
144077,11,4,4030726,4500936,2020,10,15,2,3,5,2,0,0,1,0,1,0,0,0,792093,8196,5825764,588
144078,11,7,7070703,7601544,2020,10,13,7,3,6,4,0,0,1,1,0,0,0,0,799537,7689,5813171,276
144079,11,1,1044201,1401044,2020,10,16,7,3,5,7,0,1,1,0,0,0,0,0,796111,452,5831187,793
144080,11,5,5020524,5200528,2020,10,18,4,2,5,2,1,0,1,0,1,0,0,1,782880,7021,5826893,17
144081,11,9,9051901,9501941,2020,10,9,5,3,5,2,0,1,1,0,0,0,0,0,812047,5744,5821194,743
144082,11,6,6010103,6100103,2020,10,10,6,3,2,6,0,1,0,0,0,0,0,0,793802,682,5821183,722
144083,11,2,2050802,2500833,2020,10,15,6,3,5,2,0,1,1,0,0,0,0,0,802065,394,5827160,95
144084,11,10,10020412,10200417,2020,10,15,3,3,5,2,0,1,1,0,0,0,0,0,811333,594,5831843,474
144085,11,1,1044203,1401049,2020,10,17,6,3,5,2,0,1,1,0,0,0,0,0,795877,3553,5831961,117
144086,11,9,9041501,9401534,2020,10,12,5,2,5,3,0,0,1,0,0,0,1,0,811388,9297,5820131,862
144087,11,3,3061228,3601245,2020,10,17,2,3,5,3,0,1,1,0,0,0,0,0,801157,9171,5831113,889
144088,11,8,8010301,8100310,2020,10,12,2,3,1,5,0,1,1,0,0,0,0,0,800514,4672,5824917,755
144089,11,9,9041401,9401431,2020,10,17,6,2,5,2,0,1,0,0,0,1,0,0,812018,4104,5820699,478
144090,11,2,2020206,2200212,2020,10,1,5,3,1,5,2,0,1,0,0,0,1,1,799133,7967,5824551,818
144091,11,6,6040810,6400844,2020,10,9,4,3,3,6,0,0,1,0,0,1,0,1,790157,8785,5819785,566
144092,11,7,7050505,7501134,2020,10,16,7,3,0,3,0,0,1,0,1,0,0,0,799167,341,5819064,1
144093,11,1,1044103,1400942,2020,10,17,7,3,2,6,0,1,1,0,0,0,0,0,795141,6211,5831070,216
144094,11,4,4010101,4100101,2020,10,7,4,3,2,6,0,0,1,0,0,0,1,1,790031,7143,5830649,816
144095,11,3,3071537,3701556,2020,10,9,5,3,0,6,0,0,1,0,1,0,0,1,799739,2254,5829402,289
144096,11,7,7040406,7400928,2020,10,11,4,3,2,6,0,0,1,0,0,0,0,1,800295,9397,5822031,495
144097,11,3,3061228,3601245,2020,10,19,7,3,2,6,2,0,1,0,1,0,0,0,800348,379,5830852,489
144098,11,1,1022202,1200624,2020,10,11,7,3,5,2,0,1,1,0,0,0,0,0,795657,7853,5829732,367
144099,11,1,1044203,1401048,2020,10,19,4,3,2,1,2,0,1,0,0,0,0,1,795600,932,5831707,718
144100,11,4,4031032,4500937,2020,10,10,5,3,6,7,0,0,1,1,0,0,0,0,791747,4742,5825158,238
144101,11,11,11030721,11300722,2020,10,9,6,2,5,3,0,1,1,0,0,0,0,0,803420,1456,5828617,506
144102,11,8,8010406,8100419,2020,10,15,6,3,5,3,0,0,1,0,1,0,0,0,802383,7262,5824039,413
144103,11,1,1044201,1401043,2020,10,14,3,3,0,1,0,0,0,0,1,0,0,0,795680,474,5830934,481
144104,11,11,11030720,11300721,2020,10,13,5,3,5,2,0,0,1,0,0,0,0,1,806114,957,5830155,72
144105,11,8,8041035,8401241,2020,10,20,2,3,3,6,2,0,1,0,0,0,0,0,804223,327,5818426,5
144106,11,9,9010302,9100306,2020,10,22,1,2,5,2,2,0,1,0,1,0,0,0,803840,7085,5820983,619
144107,11,2,2050804,2500836,2020,10,15,5,3,5,3,0,1,0,0,1,0,0,1,803731,4886,5825285,586
144108,11,8,8010509,8100521,2020,10,15,4,3,5,3,0,0,1,0,0,0,0,1,803378,7169,5822531,707
144109,11,9,9020701,9200715,2020,10,18,5,3,5,3,1,1,1,0,0,0,0,1,809523,3773,5818331,399
144110,11,8,8020619,8200622,2020,10,11,7,3,2,6,0,0,1,0,0,0,0,0,801239,128,5821615,802
144111,11,7,7070701,7601442,2020,10,15,7,3,5,3,0,0,1,0,0,0,0,0,798893,7851,5816073,817
144112,11,11,11040926,11400929,2020,10,14,3,3,5,2,0,1,1,0,0,0,0,0,804587,552,5826362,866
144113,11,5,5010314,5100316,2020,10,17,5,3,5,2,0,0,1,0,0,0,1,1,784833,3981,5829015,39
144114,11,2,2050602,2500727,2020,10,19,6,3,0,1,1,0,0,0,1,0,0,1,802642,5826,5828239,925
144115,11,9,9051901,9501939,2020,10,16,2,3,3,6,0,0,1,0,0,0,0,1,810606,9184,5821048,217
144116,11,4,4041134,4400726,2020,10,17,6,2,4,6,0,1,0,0,0,0,0,1,789777,8386,5824191,561
144117,11,11,11040926,11400929,2020,10,10,5,3,1,1,0,0,1,0,0,0,0,1,805403,234,5826782,38
144118,11,12,12214527,12200515,2020,10,17,5,3,5,3,0,1,1,0,0,0,0,1,790440,4327,5835176,252
144119,11,1,1044203,1401049,2020,10,8,6,3,5,2,0,1,1,0,0,0,0,0,795969,4151,5831564,768
144120,11,3,3030711,3300514,2020,10,10,3,3,0,3,0,1,0,0,0,0,0,0,801175,705,5836561,353
144121,11,4,4020311,4200310,2020,10,11,5,3,5,3,0,1,1,0,0,0,0,1,789820,4284,5826329,183
144122,11,5,5010314,5100316,2020,10,19,1,3,0,6,2,0,1,0,1,0,0,1,784644,2083,5828835,715
144123,11,12,12214424,12200309,2020,10,10,1,3,6,4,0,0,0,1,0,0,1,0,793322,9843,5832402,167
144124,11,4,4020313,4200311,2020,10,17,4,3,2,6,0,0,1,0,0,0,0,1,790506,9558,5826458,417
144125,11,2,2050601,2500726,2020,10,16,5,3,3,6,0,1,1,0,0,0,0,1,801949,525,5829026,843
144126,11,2,2020206,2200213,2020,10,8,6,3,0,2,0,1,0,0,0,0,1,0,799523,8218,5824930,156
144127,11,1,1011401,1100415,2020,10,6,6,2,0,1,1,1,0,0,0,0,0,0,797688,3425,5829240,45
144128,11,10,10020413,10200420,2020,10,23,3,3,0,1,2,1,0,0,0,0,0,0,811345,753,5830359,776
144129,11,6,6030609,6300633,2020,10,16,5,3,0,6,0,0,1,0,1,0,0,1,793313,9628,5818860,579
144130,11,3,3030406,3300412,2020,10,17,5,3,0,3,0,1,0,0,0,0,1,0,801977,5711,5838348,48
144131,11,1,1044101,1400938,2020,10,18,2,3,5,2,1,1,1,0,0,0,0,0,794674,7412,5831455,317
144132,11,6,6030503,6300526,2020,10,15,1,2,0,7,0,0,1,0,0,0,0,1,788601,5525,5817816,629
144133,11,6,6020302,6200312,2020,10,7,1,3,1,5,0,0,1,0,0,0,0,0,794128,9444,5819097,243
144134,11,4,4030725,4300416,2020,10,18,4,3,2,2,1,0,1,0,1,0,0,1,791914,1043,5826239,14
144135,11,10,10020413,10200418,2020,10,16,5,3,5,3,0,1,1,0,0,0,0,1,811305,5268,5831187,377
144136,11,8,8020622,8200727,2020,10,12,1,3,5,3,0,0,1,0,0,0,0,1,801325,1158,5819536,651
144137,11,1,1022105,1200521,2020,10,16,1,3,2,7,0,1,1,0,0,0,0,0,794040,55,5828328,474
144138,11,5,5030731,5300737,2020,10,13,4,3,1,5,0,0,1,0,0,0,0,1,787965,4233,5829859,221
144139,11,9,9010301,9100305,2020,10,16,5,3,5,2,0,0,1,0,1,0,0,1,804920,9866,5822559,297
144140,11,8,8041036,8401242,2020,10,15,6,3,5,3,0,0,1,0,0,0,0,0,804808,8621,5816772,762
144141,11,2,2050801,2500830,2020,10,18,3,3,3,6,2,1,1,0,0,0,0,0,802567,7095,5827388,399
144142,11,1,1011202,1100206,2020,10,15,5,3,0,1,0,1,0,0,0,0,0,1,797710,5505,5827790,472
144143,11,1,1044203,1401049,2020,10,17,5,3,2,6,0,0,1,0,0,0,1,1,796024,868,5831419,676
144144,11,4,4010101,4100101,2020,10,14,2,2,3,5,0,1,1,0,0,0,0,0,790174,7283,5829359,756
144145,11,1,1033102,1300733,2020,10,16,2,3,2,6,0,0,1,0,0,0,0,0,797275,9667,5831267,539
144146,11,1,1011303,1100310,2020,10,18,6,2,4,2,1,1,1,0,0,0,0,1,798530,9623,5828072,975
144147,11,1,1011301,1100308,2020,10,10,4,3,5,2,0,1,1,0,0,0,0,1,797091,3342,5828086,218
144148,11,2,2010104,2100106,2020,10,23,7,3,2,6,2,0,1,0,0,0,0,0,798614,4954,5825579,887
144149,11,3,3061430,3601450,2020,10,13,7,3,0,7,0,0,1,0,1,0,0,0,802339,9477,5829200,761
144150,11,10,10010310,10100313,2020,10,21,4,3,6,2,2,0,1,1,0,0,0,1,808858,7844,5830990,272
144151,11,12,12301203,12500926,2020,10,15,5,2,5,3,0,1,1,0,0,0,0,0,793327,5874,5835646,932
144152,11,12,12302211,12601031,2020,10,12,6,3,0,1,0,0,0,0,1,0,0,1,793651,4522,5836852,432
144153,11,5,5040934,5400942,2020,10,14,6,3,0,1,0,1,0,0,0,0,0,1,783757,671,5823994,944
144154,11,12,12302107,12601236,2020,10,15,3,3,5,3,0,1,1,0,0,0,0,0,794352,3176,5836313,59
144155,11,12,12214422,12200310,2020,10,15,5,3,6,4,0,0,1,1,0,0,0,1,792117,4076,5833101,902
144156,11,1,1011302,1100309,2020,10,13,6,2,6,4,0,0,1,1,0,0,0,1,798537,4352,5828988,936
144157,11,5,5010314,5100316,2020,10,20,6,3,2,6,2,0,1,0,0,0,0,1,784779,9842,5828800,117
144158,11,3,3061430,3601450,2020,10,15,3,3,2,6,0,0,1,0,0,0,0,0,802504,5028,5829270,937
144159,11,2,2010103,2100104,2020,10,17,5,3,0,4,1,1,0,1,0,0,0,1,799080,6076,5826296,223
144160,11,9,9010402,9100409,2020,10,11,2,3,2,6,0,0,1,0,1,0,0,0,805903,6633,5819003,322
144161,11,8,8041035,8401241,2020,10,11,2,1,6,4,0,0,0,1,0,1,0,0,804174,3033,5819438,685
144162,11,2,2040703,2400625,2020,10,9,5,3,5,2,0,1,1,0,0,0,0,1,801467,9503,5827265,789
144163,11,5,5030833,5300840,2020,10,9,4,2,0,3,0,1,1,0,0,0,0,1,788058,4872,5829192,275
144164,11,1,1044101,1400938,2020,10,19,7,3,5,3,2,0,1,0,0,0,0,0,794532,8667,5831573,585
144165,11,8,8010211,8100206,2020,10,16,7,3,2,7,0,0,1,0,0,0,1,0,800569,7193,5823888,338
144166,11,9,9031001,9301025,2020,10,7,4,3,6,2,1,0,1,1,0,0,0,1,810851,5787,5815788,881
144167,11,9,9020801,9200818,2020,10,9,5,3,6,2,0,0,1,1,0,0,0,0,810025,6459,5820454,588
144168,11,12,12302110,12601235,2020,10,9,6,3,1,5,0,0,1,0,0,0,0,0,795106,9983,5836340,198
144169,11,4,4051445,4500939,2020,10,20,6,3,1,1,2,0,1,0,0,0,1,1,792083,9321,5824696,93
144170,11,4,4041344,4400835,2020,10,11,3,3,0,1,0,0,0,0,1,0,0,0,793309,3282,5822246,612
144171,11,9,9051901,9501939,2020,10,13,5,3,0,1,0,1,0,0,0,0,0,1,810823,97,5821366,2
144172,11,7,7010104,7100205,2020,10,18,1,3,5,3,2,0,1,0,0,0,0,1,796355,9299,5825092,489
144173,11,4,4020310,4200308,2020,10,18,1,3,2,6,2,0,1,0,0,0,0,0,788260,6207,5827800,42
144174,11,1,1011302,1100309,2020,10,15,4,3,5,3,0,1,0,0,1,0,0,1,797992,9491,5828907,572
144175,11,1,1011302,1100309,2020,10,15,5,2,1,5,0,1,1,0,0,0,0,1,798752,7545,5828624,686
144176,11,4,4041134,4400726,2020,10,11,7,3,5,2,0,1,1,0,0,0,0,0,791219,7034,5824069,136
144177,11,11,11030619,11300620,2020,10,23,6,2,5,2,2,1,1,0,0,0,0,1,804143,8597,5829829,688
144178,11,5,5020626,5200630,2020,10,17,2,3,6,4,1,0,1,1,0,0,0,0,784659,671,5827558,166
144179,11,2,2040502,2400521,2020,10,5,2,3,2,6,2,0,1,0,0,0,0,0,801069,4314,5828565,3
144180,11,7,7030301,7300517,2020,10,14,5,3,5,2,0,1,1,0,0,0,0,0,793943,2898,5822498,851
144181,11,7,7010102,7100102,2020,10,16,4,3,2,6,0,0,1,0,0,0,0,0,795464,9901,5825484,383
144182,11,4,4030725,4300416,2020,10,8,4,3,8,1,0,0,1,0,0,0,0,1,791514,4574,5826323,146
144183,11,3,3061228,3601245,2020,10,9,5,3,5,2,0,1,1,0,0,0,0,0,800239,9692,5831182,69
144184,11,5,5030730,5300736,2020,10,23,7,3,6,4,2,0,1,1,0,0,0,0,786925,2979,5829409,489
144185,11,5,5010312,5100314,2020,10,16,7,3,6,7,0,0,0,1,0,0,1,0,785318,8462,5830135,228
144186,11,1,1033201,1300834,2020,10,14,3,3,4,6,0,1,0,0,0,0,0,0,797907,7446,5830984,97
144187,11,4,4020310,4200308,2020,10,11,5,3,2,6,0,0,1,0,0,0,0,0,790402,4312,5827327,769
144188,11,10,10020413,10200418,2020,10,8,6,2,5,2,0,1,0,0,0,1,0,0,811296,1717,5831566,526
144189,11,6,6040701,6400735,2020,10,8,3,3,1,5,0,0,1,0,0,0,0,0,784523,3027,5816494,328
144190,11,5,5010207,5100209,2020,10,10,5,3,6,7,0,0,1,1,0,0,0,1,783597,912,5829950,166
144191,11,3,3030716,3300517,2020,10,0,1,3,9,7,2,0,0,0,0,0,1,0,802303,3911,5835362,193
144192,11,1,1011204,1100207,2020,10,8,1,3,1,5,0,1,1,0,0,0,0,0,798780,8037,5826702,145
144193,11,5,5030833,5300840,2020,10,14,4,3,2,6,1,0,1,0,0,0,0,1,788447,4246,5829358,431
144194,11,6,6030504,6300528,2020,10,11,5,3,2,6,0,0,1,0,0,0,0,0,790849,344,5817575,432
144195,11,5,5010206,5100208,2020,10,17,6,2,8,1,0,0,1,0,0,0,0,1,781222,4382,5830779,496
144196,11,11,11051229,11501238,2020,10,20,3,3,5,3,2,1,1,0,0,0,0,0,803701,8,5826234,477
144197,11,9,9020501,9200510,2020,10,10,5,3,5,3,0,1,1,0,0,0,0,0,806150,8785,5823134,794
144198,11,9,9020701,9200715,2020,10,7,5,3,2,6,0,0,1,0,0,0,0,0,808485,211,5819319,899
144199,11,10,10040933,10400940,2020,10,13,3,3,6,4,0,0,1,1,0,0,0,0,812386,4624,5824505,948
144200,11,4,4020310,4200308,2020,10,10,5,3,5,3,0,0,1,0,0,0,0,0,790358,4827,5827320,916
144201,11,1,1033203,1300836,2020,10,3,6,2,8,1,2,0,1,0,1,0,0,1,796977,4281,5830820,603
144202,11,4,4030929,4501040,2020,10,0,2,3,9,1,2,0,1,0,0,0,0,1,792707,8728,5825410,912
144203,11,12,12214424,12200309,2020,10,8,5,3,5,2,0,1,0,0,0,0,1,1,793224,1058,5832480,215
144204,11,2,2010102,2100102,2020,10,14,1,3,5,3,0,0,1,0,0,0,0,1,798213,1219,5826240,73
144205,11,4,4020313,4200311,2020,10,0,1,2,5,3,2,0,1,0,0,0,1,0,790459,97,5825989,837
144206,11,10,10010311,10100316,2020,10,17,4,3,2,6,2,0,1,0,0,0,0,1,809956,3533,5831635,982
144207,11,8,8020727,8200832,2020,10,10,5,3,5,7,0,1,1,0,0,0,0,0,801452,8629,5817527,102
144208,11,1,1022105,1200521,2020,10,14,6,3,5,5,0,0,1,0,1,0,0,0,793687,5927,5828159,115
144209,11,3,3071536,3701554,2020,10,19,3,3,6,2,2,0,1,1,0,0,0,0,799221,842,5829275,631
144210,11,1,1022106,1200522,2020,10,9,5,3,5,2,0,1,1,0,0,0,0,0,794316,2905,5828379,658
144211,11,1,1011204,1100207,2020,10,15,5,3,5,2,0,1,0,0,0,0,1,1,798553,9704,5826816,419
144212,11,8,8020728,8200833,2020,10,14,2,3,3,6,0,0,1,0,0,0,1,0,802144,1419,5817739,188
144213,11,1,1044203,1401048,2020,10,15,2,3,5,2,0,1,0,0,0,0,1,0,795298,152,5831409,75
144214,11,3,3061430,3601450,2020,10,11,4,3,6,4,0,0,1,1,0,0,0,1,801948,9033,5829757,164
144215,11,9,9010202,9100203,2020,10,19,7,3,2,6,2,0,1,0,1,0,0,0,803891,7374,5823386,52
144216,11,2,2020204,2200210,2020,10,12,7,3,2,6,0,0,1,0,1,0,0,0,798458,5325,5825248,92
144217,11,6,6030608,6300632,2020,10,16,2,3,1,5,0,1,1,0,0,0,0,0,792458,705,5817218,95
144218,11,8,8010214,8100209,2020,10,13,7,3,5,3,0,0,1,0,0,0,0,0,801179,1679,5822119,216
144219,11,5,5010209,5100211,2020,10,16,7,3,0,1,0,0,0,0,0,0,1,0,783163,9626,5829711,331
144220,11,1,1033203,1300836,2020,10,18,4,3,2,6,1,0,1,0,0,0,0,1,796843,35,5831301,688
144221,11,9,9031101,9301126,2020,10,9,5,3,5,2,0,1,1,0,0,0,0,0,811035,5527,5816927,896
144222,11,2,2010103,2100104,2020,10,11,6,3,3,6,0,0,1,0,1,0,0,0,799219,973,5825991,576
144223,11,7,7040404,7400826,2020,10,23,6,3,1,5,2,1,1,0,0,0,0,1,797421,6465,5820398,29
144224,11,11,11020515,11200514,2020,10,15,3,3,5,2,0,1,1,0,0,0,0,0,803348,4974,5830086,588
144225,11,2,2010102,2100102,2020,10,18,6,3,5,3,1,1,1,0,0,0,0,1,798248,5524,5826085,205
144226,11,8,8010117,8100103,2020,10,23,5,3,2,6,2,0,1,0,0,0,0,1,800663,5274,5823009,1
144227,11,11,11010206,11100205,2020,10,17,2,3,2,6,0,0,1,0,0,0,0,0,806300,705,5833942,268
144228,11,7,7060601,7601236,2020,10,8,2,3,6,4,0,0,1,1,0,0,0,0,797291,768,5817294,292
144229,11,4,4030415,4300412,2020,10,18,6,3,5,3,1,1,1,0,0,0,0,1,790799,8213,5827370,85
144230,11,11,11020515,11200514,2020,10,6,5,3,5,3,2,1,1,0,0,0,0,1,805034,9762,5830433,65
144231,11,3,3071536,3701554,2020,10,9,4,3,0,2,0,1,0,0,1,0,0,1,798862,8474,5830159,81
144232,11,9,9010301,9100304,2020,10,18,7,3,2,6,1,0,0,0,1,0,1,0,804867,2935,5822470,1
144233,11,1,1011201,1100205,2020,10,17,7,3,3,6,0,0,1,0,1,0,0,0,797297,106,5827242,248
144234,11,1,1011302,1100309,2020,10,7,4,2,6,4,0,1,0,1,0,0,0,0,797898,1665,5828862,177
144235,11,1,1011304,1100311,2020,10,9,5,3,5,3,0,1,0,0,0,0,1,0,799649,4737,5827641,636
144236,11,1,1022204,1200626,2020,10,8,6,3,5,2,0,1,1,0,0,0,0,0,794534,9751,5828206,431
144237,11,7,7040403,7400823,2020,10,11,3,3,3,6,0,0,1,0,0,0,0,0,797181,771,5822068,652
144238,11,9,9020701,9200715,2020,10,8,2,3,5,2,0,1,1,0,0,0,0,1,809333,1778,5818492,71
144239,11,8,8030829,8300934,2020,10,10,4,3,0,5,0,1,1,0,0,0,0,1,803009,8123,5818257,279
144240,11,3,3050923,3500934,2020,10,7,4,3,5,2,0,1,1,0,0,0,0,0,800419,674,5832285,455
144241,11,6,6020301,6200311,2020,10,17,2,3,6,2,2,0,1,1,0,0,0,0,796472,656,5818325,182
144242,11,6,6030501,6300524,2020,10,17,6,3,6,4,2,0,1,1,0,0,0,1,789027,4883,5817169,255
144243,11,11,11030618,11300617,2020,10,8,2,3,5,3,0,0,1,0,1,0,0,1,802943,2596,5829203,336
144244,11,1,1011301,1100308,2020,10,14,5,3,3,6,0,1,1,0,0,0,0,1,797025,4958,5829349,202
144245,11,1,1011305,1100312,2020,10,17,2,3,5,2,1,1,1,0,0,0,0,1,799644,1159,5827050,83
144246,11,2,2040501,2400520,2020,10,10,4,3,2,6,0,1,1,0,0,0,0,1,800240,2564,5828528,548
144247,11,4,4030725,4300416,2020,10,17,2,3,2,6,1,0,1,0,0,0,0,0,791845,1161,5826110,707
144248,11,1,1011302,1100309,2020,10,9,4,3,0,5,0,0,1,0,1,0,0,1,798673,8629,5828589,859
144249,11,6,6040805,6400839,2020,10,19,4,3,1,5,2,1,1,0,0,0,0,1,789141,4698,5818752,58
144250,11,1,1011102,1100102,2020,10,17,2,3,2,6,1,0,1,0,1,0,0,1,795043,6281,5827225,289
144251,11,2,2050803,2500835,2020,10,17,2,3,6,2,1,0,1,1,0,0,0,1,802936,725,5826082,12
144252,11,4,4041136,4400728,2020,10,7,4,3,5,7,0,0,1,0,0,0,1,1,790673,3727,5822851,784
144253,11,1,1033101,1300732,2020,10,12,3,3,6,4,0,0,1,1,0,0,0,0,797242,8479,5832104,444
144254,11,7,7050501,7501029,2020,10,20,6,3,0,3,2,0,1,0,1,0,0,1,797198,4068,5818630,389
144255,11,1,1044101,1400938,2020,10,17,2,3,5,2,1,1,1,0,0,0,0,1,794521,9395,5831582,424
144256,11,8,8010117,8100103,2020,10,13,5,3,6,4,0,1,0,1,0,0,0,1,800602,759,5823172,616
144257,11,4,4051551,4501148,2020,10,15,5,3,5,2,0,0,1,0,0,0,0,0,792824,1988,5823221,774
144258,11,5,5010206,5100208,2020,10,17,2,3,5,2,1,0,1,0,0,0,0,1,782366,6307,5830501,923
144259,11,9,9010302,9100306,2020,10,13,5,3,0,1,0,0,0,0,1,0,0,0,803252,5736,5820911,426
144260,11,8,8020727,8200832,2020,10,14,2,3,5,2,0,0,1,0,0,0,0,0,801616,7922,5817421,83
144261,11,10,10020414,10200421,2020,10,14,2,2,6,4,0,0,1,1,0,0,0,0,812238,2722,5830685,137
144262,11,4,4051446,4501043,2020,10,7,4,3,6,2,0,0,1,1,0,0,0,1,792847,6703,5824356,534
144263,11,2,2010101,2100101,2020,10,12,4,3,1,5,0,1,1,0,0,0,0,0,797806,1061,5825670,117
144264,11,6,6020303,6200313,2020,10,14,2,3,5,2,0,0,1,0,0,0,1,0,795293,4257,5818559,516
144265,11,9,9051901,9501941,2020,10,14,2,3,5,2,0,1,1,0,0,0,0,0,811389,9554,5821163,743
144266,11,1,1044201,1401045,2020,10,7,4,3,2,6,1,0,1,0,0,0,0,1,796799,487,5831909,969
144267,11,1,1011102,1100206,2020,10,17,3,3,6,2,2,0,1,1,0,0,0,0,796920,3675,5827634,718
144268,11,2,2040703,2400625,2020,10,6,6,3,6,2,1,0,0,1,0,0,1,1,801757,5195,5826237,52
144269,11,3,3050923,3500934,2020,10,13,2,3,3,6,0,0,1,0,0,0,1,0,800613,3537,5831852,767
144270,11,1,1011301,1100308,2020,10,10,5,3,1,5,0,1,1,0,0,0,0,1,797537,6626,5828460,78
144271,11,1,1011104,1100104,2020,10,8,5,3,5,2,0,1,1,0,0,0,0,1,796343,4332,5825932,809
144272,11,2,2010104,2100106,2020,10,15,2,3,5,7,0,0,1,0,0,0,0,0,799016,1082,5825472,826
144273,11,4,4051656,4501151,2020,10,12,2,3,2,6,0,0,0,0,1,0,1,1,793642,6707,5823083,947
144274,11,8,8010508,8100520,2020,10,6,4,3,9,1,2,0,1,0,0,0,0,1,802880,7489,5822870,482
144275,11,8,8010117,8100102,2020,10,14,4,3,5,3,0,1,1,0,0,0,0,0,800141,6052,5823257,35
144276,11,11,11010308,11100307,2020,10,13,2,2,6,4,0,0,1,1,0,0,0,0,805459,9477,5833498,11
144277,11,5,5020524,5200528,2020,10,5,6,3,0,1,2,0,0,0,1,0,0,1,783841,3368,5826431,763
144278,11,5,5010314,5100316,2020,10,11,2,3,3,2,0,0,1,0,1,0,0,0,784955,8241,5829423,75
144279,11,8,8010214,8100209,2020,10,22,3,3,0,3,2,1,1,0,0,0,0,1,801423,3941,5822253,21
144280,11,1,1044101,1400938,2020,10,20,3,3,2,2,2,0,1,0,0,0,0,0,794528,8535,5831571,965
144281,11,3,3040513,3400620,2020,10,7,2,3,5,3,0,1,1,0,0,0,0,0,797412,357,5833971,488
144282,11,12,12302212,12601032,2020,10,8,3,3,6,4,0,0,1,1,0,0,0,0,793011,8736,5837589,807
144283,11,9,9010401,9100407,2020,10,8,4,3,2,6,0,1,1,0,0,0,0,1,806146,4586,5821066,953
144284,11,3,3061227,3601244,2020,10,7,2,3,5,3,0,1,1,0,0,0,0,1,800107,8412,5831704,331
144285,11,1,1022206,1200628,2020,10,20,3,3,6,4,2,1,0,1,0,0,0,1,795445,2392,5827650,2
144286,11,11,11020515,11200514,2020,10,16,3,3,5,2,1,1,1,0,0,0,0,0,803342,2761,5830064,51
144287,11,4,4020311,4200310,2020,10,13,6,3,5,3,0,0,1,0,0,0,1,1,789992,273,5826317,665
144288,11,6,6030605,6300629,2020,10,13,1,3,1,5,0,1,1,0,0,0,0,1,792337,7964,5819856,422
144289,11,3,3040614,3400723,2020,10,15,5,3,6,4,0,0,1,1,0,0,0,1,799877,987,5834309,843
144290,11,1,1011101,1100101,2020,10,17,1,3,6,7,1,1,0,1,0,0,0,0,794992,1256,5826408,287
144291,11,4,4031032,4500937,2020,10,7,5,3,5,2,0,0,1,0,0,0,0,1,790960,5662,5824830,439
144292,11,4,4041136,4400728,2020,10,14,1,3,1,5,0,1,1,0,0,0,0,0,789741,7432,5823200,7
144293,11,2,2020202,2200208,2020,10,18,1,3,5,2,2,1,1,0,0,0,0,0,797917,2883,5825263,437
144294,11,1,1044201,1401045,2020,10,19,3,3,2,2,2,1,1,0,0,0,0,0,796674,5994,5831952,578
144295,11,4,4030518,4300517,2020,10,18,4,3,6,4,1,0,1,1,0,0,0,0,791749,4018,5827875,518
144296,11,3,3030406,3300412,2020,10,12,2,3,5,3,0,0,1,0,0,0,0,1,802641,9723,5838682,534
144297,11,4,4030415,4300412,2020,10,17,6,3,5,2,1,0,1,0,0,0,0,1,790797,9084,5827383,436
144298,11,11,11010205,11100204,2020,10,15,1,2,5,3,0,0,1,0,0,0,0,0,806910,127,5832627,81
144299,11,4,4030725,4300416,2020,10,15,5,3,0,2,1,1,1,0,0,0,0,1,791291,512,5826064,892
144300,11,6,6020305,6200316,2020,10,16,1,3,5,2,0,1,0,0,0,0,1,0,796017,7877,5817686,652
144301,11,2,2010101,2100101,2020,10,19,3,3,2,2,2,1,0,0,0,0,0,1,797465,9136,5826075,907
144302,11,5,5020417,5200420,2020,10,15,1,3,1,5,0,0,1,0,0,0,0,0,781927,6008,5828617,933
144303,11,12,12302110,12601235,2020,10,15,1,3,5,2,0,0,1,0,1,0,0,0,795280,318,5836360,53
144304,11,2,2030302,2300315,2020,10,16,6,3,0,1,1,0,0,0,1,0,0,1,801133,8733,5825938,768