OBJECTID,LAND,BEZ,LOR,LOR_ab_2021,UJAHR,UMONAT,USTUNDE,UWOCHENTAG,UKATEGORIE,UART,UTYP1,ULICHTVERH,IstRad,IstPKW,IstFuss,IstKrad,IstGkfz,IstSonstige,USTRZUSTAND,LINREFX,LINREFY,XGCSWGS84,YGCSWGS84
144305,11,8,8010301,8100312,2020,10,14,1,3,5,2,0,1,1,0,0,0,0,0,800850,2183,5824298,597
144306,11,7,7060603,7601238,2020,10,12,1,3,3,6,0,1,1,0,0,0,0,0,798460,407,5815935,7
144307,11,4,4010102,4100101,2020,10,10,1,3,0,1,0,0,0,0,1,0,0,0,793388,5283,5829910,904
144308,11,9,9010401,9100407,2020,10,17,4,3,5,2,1,1,1,0,0,0,0,0,806321,4838,5820937,997
144309,11,5,5030730,5300735,2020,10,10,1,3,5,2,0,0,1,0,1,0,0,0,786437,8557,5831100,448
144310,11,2,2010104,2100106,2020,10,9,1,3,5,3,0,0,1,0,0,0,0,0,798583,5358,5825563,689
144311,11,7,7010101,7100101,2020,10,19,3,3,2,6,2,0,1,0,0,0,0,1,794476,8412,5825453,693
144312,11,2,2030302,2300316,2020,10,6,4,3,0,1,1,0,0,0,1,0,0,1,801595,6335,5826028,79
144313,11,10,10040830,10400837,2020,10,9,2,3,5,3,0,0,1,0,0,0,1,1,810602,1505,5825520,441
144314,11,3,3061332,3601346,2020,10,10,6,3,0,1,0,1,0,0,0,0,0,1,799594,6134,5831115,958
144315,11,5,5020419,5200423,2020,10,9,1,3,5,2,0,1,1,0,0,0,0,0,781987,6539,5828455,488
144316,11,6,6030608,6300632,2020,10,14,5,3,5,3,0,1,1,0,0,0,0,0,792502,4296,5817218,694
144317,11,7,7010101,7100101,2020,10,11,7,3,0,3,0,0,0,0,1,0,1,1,794537,2675,5825698,24
144318,11,1,1011103,1100103,2020,10,19,3,3,6,2,2,0,1,1,0,0,0,1,795984,9101,5826026,845
144319,11,10,10030724,10300731,2020,10,13,7,2,0,3,0,1,1,0,0,0,0,1,809283,2529,5830227,315
144320,11,7,7020204,7200413,2020,10,19,3,3,0,1,2,1,0,0,0,0,0,1,796115,8036,5823545,724
144321,11,12,12301203,12500926,2020,10,10,4,3,5,3,0,0,1,0,0,0,0,0,793348,1682,5836043,588
144322,11,1,1011103,1100103,2020,10,0,7,3,2,2,2,0,1,0,0,0,0,1,795767,863,5825708,317
144323,11,7,7040403,7400825,2020,10,23,7,3,1,5,2,0,1,0,0,0,0,0,797752,2651,5820777,395
144324,11,7,7010102,7100102,2020,10,18,3,3,5,2,2,0,1,0,0,0,1,0,795480,663,5825479,68
144325,11,11,11020513,11200512,2020,10,19,3,3,0,6,2,1,0,0,0,0,0,0,803050,6229,5830692,777
144326,11,4,4031032,4500937,2020,10,11,3,3,1,5,0,1,1,0,0,0,0,0,791384,9031,5825473,274
144327,11,8,8010303,8100314,2020,10,11,4,3,6,2,0,0,1,1,0,0,0,1,801283,8819,5823824,64
144328,11,4,4030827,4300623,2020,10,23,7,3,8,1,2,0,0,0,1,0,0,0,792413,349,5826310,239
144329,11,11,11020515,11200514,2020,10,14,7,3,2,6,0,0,1,0,0,0,0,0,803362,7068,5830064,267
144330,11,1,1011102,1100102,2020,10,18,3,3,2,6,2,0,1,0,0,0,0,0,795052,64,5827184,91
144331,11,4,4041344,4400835,2020,10,13,3,3,3,6,0,1,0,0,0,0,1,0,793289,8922,5822226,929
144332,11,10,10040933,10400940,2020,10,19,6,3,0,1,2,0,0,0,1,0,0,1,813146,3209,5826915,749
144333,11,1,1011201,1100205,2020,10,13,7,3,2,7,0,0,1,0,0,0,0,0,797524,9446,5826660,762
144334,11,8,8010301,8100312,2020,10,23,5,3,0,7,2,1,0,0,0,0,0,0,801180,1396,5824646,452
144335,11,10,10030724,10300731,2020,10,10,7,3,3,2,0,0,1,0,0,0,1,0,809555,5206,5828028,425
144336,11,2,2020204,2200210,2020,10,6,7,3,5,3,2,0,1,0,0,0,0,1,798549,3297,5825346,438
144337,11,10,10030727,10300734,2020,10,10,3,3,0,2,0,0,0,0,0,0,1,0,809547,3304,5827025,856
144338,11,1,1033203,1300836,2020,10,13,4,3,5,2,0,1,1,0,0,0,0,0,796772,4939,5830525,251
144339,11,1,1044203,1401048,2020,10,1,7,3,0,1,2,0,0,0,1,0,0,1,795458,9431,5831618,381
144340,11,12,12214527,12200515,2020,10,8,3,3,5,2,0,1,1,0,0,0,0,0,789968,666,5835524,76
144341,11,4,4030931,4501042,2020,10,10,3,2,5,2,0,0,1,0,1,0,0,0,794479,5832,5825854,823
144342,11,11,11010310,11100309,2020,10,10,6,3,6,2,0,0,1,1,0,0,0,1,805518,8777,5833394,118
144343,11,1,1033201,1300834,2020,10,21,7,3,3,6,2,0,1,0,0,0,0,0,797942,2359,5830229,625
144344,11,3,3061228,3601245,2020,10,10,5,3,0,2,0,1,1,0,0,0,0,1,800238,8755,5831182,592
144345,11,1,1011303,1100310,2020,10,8,5,3,0,2,0,1,1,0,0,0,0,1,799099,9974,5828464,3
144346,11,6,6010101,6100101,2020,10,9,6,3,5,2,0,1,0,0,0,1,0,1,793309,5742,5820747,382
144347,11,4,4030620,4300619,2020,10,19,7,2,1,5,2,0,1,0,0,0,0,0,792850,959,5827265,281
144348,11,5,5010314,5100316,2020,10,12,5,3,1,5,0,1,1,0,0,0,0,1,784899,8032,5829208,902
144349,11,5,5030731,5300737,2020,10,14,5,3,5,2,0,1,1,0,0,0,0,1,788036,9235,5829390,495
144350,11,4,4030930,4501041,2020,10,18,7,3,5,3,1,0,1,0,0,0,0,0,792968,3855,5825891,848
144351,11,1,1011303,1100310,2020,10,18,7,3,1,5,2,1,1,0,0,0,0,0,799180,6235,5828894,245
144352,11,11,11030618,11300618,2020,10,18,3,2,6,4,2,0,1,1,0,0,0,1,802412,5329,5828972,776
144353,11,4,4010102,4100101,2020,10,8,4,3,5,2,0,1,1,0,0,0,0,1,793340,975,5829718,481
144354,11,11,11010206,11100205,2020,10,5,6,3,5,3,2,0,1,0,0,0,1,1,806283,56,5834076,607
144355,11,1,1033102,1300733,2020,10,15,7,3,6,4,0,1,0,1,0,0,0,0,797148,8366,5831377,918
144356,11,1,1011204,1100207,2020,10,9,3,3,5,2,0,1,1,0,0,0,0,0,798619,5654,5826919,14
144357,11,7,7040403,7400824,2020,10,10,3,3,1,7,0,0,1,0,0,0,0,0,797581,8609,5821474,612
144358,11,9,9020701,9200715,2020,10,14,6,3,5,3,0,0,0,0,1,0,1,1,808884,4658,5818352,85
144359,11,3,3020203,3200204,2020,10,15,7,3,2,2,0,0,1,0,1,0,0,0,796562,7328,5840110,3
144360,11,4,4030622,4300621,2020,10,15,7,3,1,5,0,1,1,0,0,0,0,0,791892,7889,5826851,37
144361,11,9,9051901,9501939,2020,10,7,5,3,2,6,0,0,1,0,0,0,1,1,809660,6825,5821482,544
144362,11,7,7030301,7300517,2020,10,15,7,3,3,3,0,1,1,0,0,0,0,0,793935,7529,5822819,883
144363,11,1,1011301,1100308,2020,10,16,7,3,6,4,0,0,1,1,0,0,0,0,797539,9691,5828737,893
144364,11,4,4041344,4400835,2020,10,18,3,3,2,6,2,0,1,0,0,0,0,0,792983,1143,5821973,79
144365,11,6,6030504,6300528,2020,10,7,4,3,2,6,0,0,1,0,1,0,0,1,789996,2247,5816135,833
144366,11,4,4010103,4100102,2020,10,11,2,3,0,1,0,0,0,0,1,0,0,1,791338,6,5829727,581
144367,11,7,7040403,7400825,2020,10,17,6,3,5,7,1,0,1,0,0,0,0,1,797817,7598,5821043,43
144368,11,6,4061757,4200207,2020,10,17,7,2,0,6,1,1,1,0,0,0,0,0,784937,2122,5823082,63
144369,11,9,9051901,9501939,2020,10,16,7,2,6,4,0,0,1,1,0,0,0,0,811048,8815,5821869,327
144370,11,3,3061434,3601451,2020,10,8,3,3,5,3,0,0,1,0,0,0,0,0,800856,1589,5829975,137
144371,11,4,4051655,4501153,2020,10,16,4,2,5,3,0,0,1,0,1,0,0,0,794310,3148,5823912,288
144372,11,2,2020203,2200208,2020,10,11,2,3,2,6,0,0,1,0,0,0,0,1,797564,407,5824995,628
144373,11,11,11051330,11501339,2020,10,16,6,3,5,2,1,1,1,0,0,0,0,1,807344,5589,5825224,109
144374,11,1,1033102,1300733,2020,10,15,7,2,0,1,0,0,0,0,1,0,0,0,797525,8073,5831282,241
144375,11,3,3061126,3601140,2020,10,14,3,3,6,7,0,0,1,1,0,0,0,0,798429,9242,5831801,471
144376,11,4,4030415,4300412,2020,10,8,5,3,0,3,1,1,1,0,0,0,0,1,791029,594,5827407,897
144377,11,12,12214126,12200413,2020,10,14,7,3,5,5,0,0,1,0,0,0,0,0,789977,5879,5833988,668
144378,11,4,4030929,4501040,2020,10,9,3,3,0,7,0,1,1,0,0,0,0,1,792425,3893,5825613,713
144379,11,9,9010302,9100306,2020,10,18,7,1,3,6,2,0,1,0,1,0,0,0,804626,6973,5820775,556
144380,11,6,6030607,6300631,2020,10,9,6,3,5,2,0,1,1,0,0,0,0,0,790988,1461,5815767,12
144381,11,4,4030415,4300412,2020,10,8,4,3,5,2,0,1,1,0,0,0,0,1,790798,2721,5827376,251
144382,11,7,7040403,7400823,2020,10,18,6,2,6,4,2,0,1,1,0,0,0,1,796834,9835,5822351,522
144383,11,7,7040402,7400822,2020,10,16,6,3,2,6,0,0,1,0,0,0,0,1,796819,6477,5821681,474
144384,11,1,1011306,1100313,2020,10,8,3,2,5,3,0,1,1,0,0,0,0,0,799902,9447,5826513,889
144385,11,4,4030931,4501042,2020,10,12,3,2,6,2,0,0,0,1,0,0,1,0,793949,4637,5826056,941
144386,11,2,2020203,2200208,2020,10,11,2,3,2,7,0,0,0,0,1,0,1,1,797533,7935,5824977,69
144387,11,1,1044201,1401044,2020,10,6,6,3,5,2,1,1,1,0,0,0,0,1,796174,8028,5831502,762
144388,11,1,1011103,1100103,2020,10,23,6,3,0,1,2,0,0,0,1,0,0,1,795419,9587,5825815,615
144389,11,3,3030406,3300413,2020,10,22,3,3,5,2,2,0,1,0,0,0,0,0,802821,4385,5837473,588
144390,11,1,1011302,1100309,2020,10,13,5,3,0,3,0,1,0,0,1,0,0,1,798543,1682,5828979,188
144391,11,2,2020206,2200213,2020,10,22,6,3,2,5,2,0,1,0,1,0,0,1,800235,5491,5824612,506
144392,11,8,8010404,8100415,2020,10,22,6,3,0,3,2,0,1,0,1,0,0,1,801998,1851,5823293,242
144393,11,2,2040501,2400520,2020,10,6,3,2,4,6,2,1,1,0,0,0,0,1,800416,4816,5828262,206
144394,11,10,10030727,10300734,2020,10,15,5,2,3,6,0,1,0,0,0,0,0,0,809599,694,5826478,141
144395,11,4,4051549,4501146,2020,10,21,6,3,2,6,2,0,1,0,0,0,0,1,792461,4182,5824086,186
144396,11,9,9020802,9200819,2020,10,7,3,3,1,5,0,1,0,0,0,0,1,0,810697,458,5819283,762
144397,11,4,4030931,4501042,2020,10,20,6,3,9,1,2,0,1,1,0,0,0,1,793523,9259,5825789,314
144398,11,1,1011302,1100309,2020,10,20,6,3,0,1,2,1,0,0,0,0,0,1,798528,5915,5829003,996
144399,11,12,12214527,12200515,2020,10,17,3,3,5,3,0,0,1,0,0,0,1,0,790140,8828,5835776,637
144400,11,11,11010205,11100204,2020,10,21,4,3,5,3,2,0,1,0,0,0,0,0,806901,7184,5832618,583
144401,11,6,6020304,6200314,2020,10,19,6,3,6,2,2,0,1,1,0,0,0,1,794703,28,5818070,674
144402,11,7,7020204,7200413,2020,10,19,6,3,6,2,2,0,1,1,0,0,0,1,796058,849,5823338,617
144403,11,10,10020415,10200422,2020,10,17,3,3,0,2,0,0,1,0,0,0,1,0,812177,7172,5831100,83
144404,11,5,5010311,5100313,2020,10,13,3,3,0,4,0,0,0,1,0,0,1,0,785358,2131,5830176,266
144405,11,2,2050602,2500727,2020,10,9,6,3,5,7,0,0,1,0,1,0,0,1,802307,2907,5827985,711
144406,11,1,1011203,1100206,2020,10,19,6,3,5,3,2,1,1,0,0,0,0,1,797876,688,5827467,187
144407,11,11,11020412,11200513,2020,10,19,3,3,5,2,2,1,0,0,1,0,0,0,804862,3286,5831321,34
144408,11,8,8020622,8200727,2020,10,19,5,3,5,3,2,1,1,0,0,0,0,0,801325,5356,5819483,44
144409,11,7,7020203,7200409,2020,10,15,5,3,1,5,0,1,1,0,0,0,0,0,795666,4392,5824477,37
144410,11,11,11051332,11501341,2020,10,14,6,3,6,2,0,0,1,1,0,0,0,1,806846,17,5824116,281
144411,11,1,1011304,1100311,2020,10,14,6,3,2,6,0,0,1,0,0,0,0,1,799988,179,5827427,911
144412,11,7,7040403,7400823,2020,10,16,3,3,1,5,0,1,1,0,0,0,0,0,797317,307,5821724,638
144413,11,4,4030415,4300412,2020,10,14,4,3,0,1,0,0,0,0,1,0,0,1,790711,7284,5827743,645
144414,11,4,4010102,4100101,2020,10,13,6,3,4,6,0,0,1,0,0,0,0,0,793065,6732,5830273,773
144415,11,11,11051331,11501340,2020,10,16,3,3,3,6,0,0,1,0,0,1,0,0,807318,1523,5824802,338
144416,11,10,10020622,10200629,2020,10,11,4,3,0,7,0,1,0,0,0,0,0,1,810632,2513,5827984,446
144417,11,10,10030724,10300731,2020,10,11,6,3,0,6,0,0,1,0,0,0,1,0,809604,3928,5828577,382
144418,11,6,6030608,6300632,2020,10,10,6,3,3,6,0,1,1,0,0,0,0,0,792500,282,5817218,661
144419,11,1,1033203,1300836,2020,10,16,3,3,5,3,0,0,1,0,0,0,0,0,796279,5402,5830398,124
144420,11,3,3030405,3300411,2020,10,18,3,3,5,3,2,0,1,0,1,0,0,0,803792,34,5839341,198
144421,11,7,7040403,7400825,2020,10,7,6,3,5,7,0,0,1,0,0,0,1,1,797420,1847,5820800,922
144422,11,8,8020625,8200730,2020,10,9,6,3,0,6,0,0,1,0,0,0,0,1,802490,5225,5818949,275
144423,11,1,1033202,1300835,2020,10,7,3,3,5,3,0,1,1,0,0,0,0,0,796983,6117,5830179,325
144424,11,2,2040502,2400521,2020,10,10,5,3,0,2,0,1,1,0,0,0,0,1,800865,2094,5828319,39
144425,11,11,11010205,11100204,2020,10,9,5,2,5,3,0,0,1,0,0,0,0,1,806901,9659,5832618,829
144426,11,2,2050801,2500831,2020,10,9,6,3,2,7,0,1,1,0,0,1,0,1,803063,7653,5827241,136
144427,11,4,4051448,4501045,2020,10,9,6,3,1,5,0,1,1,0,0,0,0,0,793992,8401,5825413,32
144428,11,12,12304314,12500824,2020,10,16,3,3,0,1,0,1,0,0,0,0,0,0,790510,2628,5835338,855
144429,11,7,7040405,7400927,2020,10,7,4,3,1,5,0,1,0,0,0,1,0,0,797872,8645,5820795,109
144430,11,5,5010313,5100315,2020,10,10,2,3,5,2,0,0,1,0,0,0,0,0,784655,9027,5829703,647
144431,11,3,3030715,3300516,2020,10,19,6,3,5,2,2,0,1,0,0,0,0,1,800120,3031,5833867,357
144432,11,1,1022106,1200522,2020,10,7,6,2,0,7,0,1,0,0,0,0,0,1,794119,8094,5828236,889
144433,11,4,4030828,4300624,2020,10,15,3,3,2,6,0,0,1,0,0,0,0,0,793008,1683,5826100,954
144434,11,5,5040934,5400942,2020,10,15,3,2,4,6,0,0,1,0,0,0,0,0,784004,8599,5823202,454
144435,11,5,5010313,5100315,2020,10,14,6,3,2,6,0,0,1,0,0,0,0,1,784921,6814,5829490,922
144436,11,4,4030724,4300415,2020,10,7,6,3,0,2,1,1,0,0,0,0,1,1,790710,1375,5825857,98
144437,11,2,2010103,2100105,2020,10,6,6,3,2,6,1,0,1,0,0,0,0,0,799855,1335,5825758,205
144438,11,8,8010510,8100521,2020,10,14,3,3,2,2,0,0,1,0,0,0,0,0,803168,9857,5822295,169
144439,11,9,9010401,9100407,2020,10,17,3,3,0,3,2,1,0,0,0,0,1,0,806393,494,5821056,942
144440,11,5,5030730,5300735,2020,10,12,6,3,5,2,0,0,1,0,0,0,0,1,786563,9506,5830551,272
144441,11,6,6010209,6100209,2020,10,5,6,3,0,7,2,0,0,0,1,0,0,1,794286,3183,5820861,692
144442,11,8,8020619,8200623,2020,10,17,5,3,5,3,2,1,1,0,0,0,0,0,801400,138,5821124,362
144443,11,3,3020209,3200205,2020,10,7,5,3,5,3,0,1,1,0,0,0,0,1,797194,6168,5835575,562
144444,11,7,7050503,7501031,2020,10,0,6,3,2,7,2,0,1,0,0,0,0,1,799454,8068,5820511,423
144445,11,3,3050923,3500934,2020,10,11,6,3,1,5,0,0,1,0,0,0,0,0,800378,353,5832257,696
144446,11,7,7020202,7200308,2020,10,14,3,3,6,4,0,0,1,1,0,0,0,0,794814,6855,5823199,634
144447,11,1,1011202,1100206,2020,10,17,4,3,6,2,1,0,1,1,0,0,0,0,797923,7232,5827953,578
144448,11,12,12103218,12100205,2020,10,9,2,3,5,2,0,1,0,0,0,1,0,1,795445,814,5834160,123
144449,11,2,2030301,2300314,2020,10,18,6,2,5,3,2,1,1,0,0,0,0,1,800040,7759,5826343,659
144450,11,10,10020413,10200420,2020,10,11,6,3,2,6,0,0,0,0,1,0,1,0,811156,7107,5830746,59
144451,11,2,2040503,2400522,2020,10,6,3,3,2,3,0,0,1,0,0,0,0,0,801337,172,5828711,608
144452,11,1,1011305,1100312,2020,10,8,5,3,5,2,0,1,1,0,0,0,0,1,799657,7984,5827045,438
144453,11,3,3050925,3500936,2020,10,12,6,3,0,3,0,1,0,0,0,0,1,0,801852,152,5831396,23
144454,11,12,12304314,12500824,2020,10,18,2,3,2,6,2,0,1,0,0,0,0,1,790672,3996,5835987,71
144455,11,1,1022204,1200626,2020,10,13,6,3,2,6,0,0,1,0,0,0,0,0,795486,8828,5828204,5
144456,11,12,12302107,12601236,2020,10,14,6,2,5,3,0,0,1,0,0,0,1,1,794328,9527,5835710,638
144457,11,12,12214422,12200310,2020,10,16,4,3,2,6,1,0,1,0,1,0,0,0,792259,8278,5833412,174
144458,11,1,1022206,1200628,2020,10,14,6,3,5,2,0,0,1,0,1,0,0,1,795538,7747,5828196,802
144459,11,8,8020727,8200832,2020,10,14,6,3,2,2,0,0,1,0,0,0,1,1,801212,986,5817164,813
144460,11,5,5010314,5100316,2020,10,15,6,3,2,6,0,0,1,0,0,0,0,0,784830,1916,5829230,995
144461,11,2,2030301,2300314,2020,10,15,6,3,0,5,1,0,1,0,1,0,0,1,799756,5106,5826037,547
144462,11,12,12301204,12500927,2020,10,6,5,3,5,2,1,0,1,0,0,1,0,1,792647,7006,5835833,678
144463,11,5,5030832,5300841,2020,10,16,6,3,2,7,0,0,1,0,1,0,0,1,789828,6688,5829259,986
144464,11,8,8010510,8100521,2020,10,16,6,3,5,3,0,0,1,0,1,0,0,1,802044,1,5822141,53
144465,11,5,5030731,5300737,2020,10,13,3,3,6,2,0,0,1,1,0,0,0,0,786962,1661,5829581,364
144466,11,9,9020502,9200511,2020,10,6,4,3,1,5,0,1,1,0,0,0,0,1,807764,3555,5822130,948
144467,11,2,2050802,2500833,2020,10,9,2,3,5,3,0,1,1,0,0,0,0,1,802851,6144,5826924,139
144468,11,2,2040503,2400522,2020,10,17,6,3,5,7,2,1,0,0,0,0,1,1,801464,8936,5828060,698
144469,11,4,4041241,4400832,2020,10,17,6,3,0,3,1,1,1,0,0,0,0,1,791345,5556,5821989,792
144470,11,10,10020622,10200629,2020,10,13,5,3,1,5,0,0,1,0,0,0,0,1,811188,7179,5828474,304
144471,11,3,3030715,3300516,2020,10,17,6,2,4,1,0,0,1,0,0,0,0,1,800996,9482,5833688,504
144472,11,2,2010102,2100102,2020,10,12,3,3,1,5,0,1,1,0,0,0,0,0,798323,821,5826242,319
144473,11,1,1011401,1100415,2020,10,15,5,3,6,7,0,0,0,1,0,0,1,0,798405,2625,5829214,773
144474,11,8,8010214,8100209,2020,10,23,3,3,5,3,2,0,1,0,0,0,0,1,801398,4445,5821866,263
144475,11,1,1011303,1100310,2020,10,7,4,3,5,2,1,1,1,0,0,0,0,0,799483,2108,5828847,47
144476,11,7,7060604,7601339,2020,10,18,5,3,1,5,1,1,1,0,0,0,0,0,795579,4204,5816081,281
144477,11,4,4030725,4300416,2020,10,12,5,3,2,6,0,0,1,0,0,0,0,0,792011,7446,5825947,878
144478,11,9,9051702,9501737,2020,10,21,3,2,0,1,2,0,0,0,1,0,0,1,813876,5792,5821794,599
144479,11,4,4051446,4501043,2020,10,11,3,3,5,2,0,1,1,0,0,0,0,0,792831,3915,5824347,716
144480,11,2,2010102,2100102,2020,10,20,6,2,6,2,2,0,1,1,0,0,0,1,798440,6577,5826525,811
144481,11,1,1033201,1300834,2020,10,19,5,3,3,5,2,0,1,0,1,0,0,0,798259,5751,5830634,85
144482,11,6,6020302,6200312,2020,10,23,2,3,3,6,2,1,1,0,0,0,0,0,794521,2691,5819136,342
144483,11,9,9020702,9200717,2020,10,20,3,3,9,1,2,0,1,0,0,0,0,1,809747,9641,5820508,847
144484,11,3,3061228,3601245,2020,10,11,3,3,2,6,0,0,1,0,0,0,0,0,800448,3299,5831508,513
144485,11,7,7020201,7200307,2020,10,9,6,3,5,3,0,1,1,0,0,0,0,1,794981,1599,5824062,578
144486,11,3,3040818,3400826,2020,10,13,5,3,0,7,0,0,1,0,0,0,0,0,798429,6547,5832314,539
144487,11,3,3040513,3400620,2020,10,13,5,2,4,6,0,0,1,0,0,0,0,1,796880,2844,5833869,104
144488,11,7,7030301,7300515,2020,10,13,5,3,5,3,0,1,0,0,0,0,0,0,793630,934,5822673,567
144489,11,4,4030623,4300622,2020,10,12,5,3,5,3,0,0,1,0,0,0,0,0,793162,5557,5826882,531
144490,11,11,11041022,11401032,2020,10,18,2,3,5,3,2,0,1,0,0,0,0,0,806594,7517,5827752,873
144491,11,1,1011201,1100205,2020,10,13,4,3,2,2,0,1,1,0,0,0,0,0,796960,7949,5826702,83
144492,11,9,9020601,9200613,2020,10,12,5,3,2,2,0,0,1,0,0,0,0,0,806885,1935,5821184,106
144493,11,10,10010203,10100205,2020,10,12,5,3,5,3,0,0,1,0,1,0,0,0,807643,3768,5830813,842
144494,11,12,12214422,12200310,2020,10,23,2,3,5,3,2,0,1,0,0,0,0,0,792342,842,5833912,89
144495,11,4,4030827,4300623,2020,10,10,3,3,5,7,0,1,1,0,0,0,0,1,792729,5404,5826185,73
144496,11,7,7040401,7400721,2020,10,6,6,3,5,2,2,0,1,0,0,0,0,1,797824,7444,5822576,57
144497,11,1,1011102,1100102,2020,10,12,5,3,0,2,0,1,0,0,1,0,0,0,795130,6908,5827081,683
144498,11,5,5010339,5100317,2020,10,10,5,3,2,7,0,0,1,0,0,0,0,1,787581,1543,5828025,71
144499,11,1,1011301,1100308,2020,10,8,5,3,3,6,0,1,1,0,0,0,0,1,797378,2091,5828938,959
144500,11,11,11020515,11200514,2020,10,12,5,2,5,2,0,1,1,0,0,0,0,0,803356,1336,5830074,944
144501,11,2,2020204,2200210,2020,10,12,5,3,5,3,0,0,1,0,0,0,0,0,798426,281,5824780,79
144502,11,8,8010303,8100314,2020,10,22,2,3,5,2,2,1,1,0,0,0,0,0,801016,9429,5823888,169
144503,11,3,3061434,3601451,2020,10,15,4,3,2,6,0,0,1,0,0,0,0,1,801343,5706,5829649,52
144504,11,9,9020701,9200715,2020,10,18,5,3,5,3,2,1,1,0,0,0,0,0,808648,5022,5819159,509
144505,11,8,8010404,8100416,2020,10,15,5,2,0,7,0,1,0,0,0,0,0,1,801944,3346,5823069,31
144506,11,7,7060602,7601237,2020,10,10,5,2,2,2,0,0,1,0,1,0,0,0,797621,8669,5816599,333
144507,11,4,4030725,4300416,2020,10,10,5,3,5,7,0,1,1,0,0,0,0,0,791512,5492,5826316,126
144508,11,10,10040830,10400837,2020,10,17,2,3,5,3,1,1,1,0,0,0,0,0,810607,3876,5825514,421
144509,11,6,6020305,6200316,2020,10,14,4,3,5,2,0,0,1,0,1,0,0,0,796056,2872,5817531,47
144510,11,5,5010311,5100313,2020,10,15,6,3,2,6,0,0,1,0,0,0,0,1,785419,251,5830447,447
144511,11,3,3071536,3701554,2020,10,10,5,3,1,5,0,1,1,0,0,0,0,0,799057,3303,5829842,291
144512,11,4,4030416,4300413,2020,10,8,2,3,6,7,0,1,0,1,0,0,0,1,791019,8198,5827153,104
144513,11,2,2010103,2100105,2020,10,21,3,3,5,3,2,1,1,0,0,0,0,0,799559,584,5825858,439
144514,11,4,4020314,4200311,2020,10,14,6,3,2,6,0,0,1,0,0,0,0,1,790115,8716,5825349,896
144515,11,6,6010206,6100206,2020,10,9,5,3,1,6,0,0,1,0,0,0,0,0,794745,6231,5819883,617
144516,11,7,7030303,7300619,2020,10,18,2,3,5,2,1,0,1,0,0,0,0,1,794592,1238,5821848,529
144517,11,6,6030609,6300633,2020,10,15,5,2,0,7,0,1,1,0,0,0,0,1,792269,135,5818679,95
144518,11,7,7040403,7400823,2020,10,8,5,3,1,5,0,1,1,0,0,0,0,0,797292,6788,5821261,966
144519,11,5,5020625,5200629,2020,10,7,5,3,5,2,0,1,1,0,0,0,0,1,784350,1636,5828098,776
144520,11,8,8020619,8200622,2020,10,23,5,3,1,5,2,0,1,0,1,0,0,0,801656,9306,5821522,308
144521,11,1,1033102,1300733,2020,10,22,5,3,2,6,2,0,1,0,0,0,0,0,797169,922,5831918,545
144522,11,2,2010102,2100102,2020,10,11,2,3,5,2,0,1,0,0,0,0,1,0,798333,2558,5825618,414
144523,11,3,3061228,3601245,2020,10,18,4,2,5,2,2,1,1,0,0,0,0,0,800193,9661,5830930,274
144524,11,1,1033201,1300834,2020,10,9,2,3,2,6,0,0,0,0,0,0,1,1,798039,4897,5830076,969
144525,11,1,1011101,1100101,2020,10,17,6,3,0,2,1,1,0,0,1,0,0,1,795229,5879,5826625,582
144526,11,8,8010214,8100209,2020,10,20,5,3,5,3,2,0,0,0,1,0,1,0,801192,68,5822115,133
144527,11,6,6040805,6400839,2020,10,15,5,3,6,7,0,1,0,1,0,0,0,0,788593,9249,5819384,405
144528,11,2,2050801,2500832,2020,10,9,2,3,2,6,0,0,1,0,0,0,0,0,803205,7485,5826819,95
144529,11,5,5040934,5400942,2020,10,19,6,2,2,6,2,0,1,0,0,0,0,1,783890,5877,5823465,604
144530,11,1,1033201,1300834,2020,10,19,5,3,0,1,2,1,0,0,0,0,0,0,798432,1319,5830182,313
144531,11,4,4030623,4300622,2020,10,15,3,3,3,6,0,0,1,0,0,0,0,0,793312,544,5826678,83
144532,11,3,3030406,3300412,2020,10,16,6,3,5,3,0,0,1,0,0,0,0,1,802868,9449,5838271,619
144533,11,9,9010302,9100306,2020,10,20,5,3,3,6,2,1,1,0,0,0,0,0,804496,8767,5819984,605
144534,11,6,6030504,6300528,2020,10,19,5,2,5,2,2,1,0,0,0,0,0,0,789041,577,5816692,179
144535,11,2,2020203,2200209,2020,10,10,5,2,6,4,0,1,1,1,0,0,0,0,797736,303,5824295,647
144536,11,1,1011302,1100309,2020,10,11,4,3,5,2,0,1,1,0,0,0,0,0,797995,716,5828901,88
144537,11,11,11030824,11300826,2020,10,19,5,3,4,6,2,0,1,0,0,0,1,0,803939,6599,5826972,401