OBJECTID,LAND,BEZ,LOR,LOR_ab_2021,UJAHR,UMONAT,USTUNDE,UWOCHENTAG,UKATEGORIE,UART,UTYP1,ULICHTVERH,IstRad,IstPKW,IstFuss,IstKrad,IstGkfz,IstSonstige,USTRZUSTAND,LINREFX,LINREFY,XGCSWGS84,YGCSWGS84
144538,11,2,2030302,2300316,2020,10,17,5,3,2,6,0,0,1,0,0,0,0,0,801262,6676,5826188,968
144539,11,4,4020314,4200311,2020,10,11,2,2,0,6,0,0,1,0,1,0,0,0,789803,3863,5825148,196
144540,11,9,9052001,9502043,2020,10,6,4,3,2,6,2,0,1,0,0,0,0,1,809219,6168,5823016,806
144541,11,1,1022101,1200517,2020,10,9,2,3,5,3,0,0,1,0,1,0,0,1,792639,7237,5828688,895
144542,11,12,12103115,12100103,2020,10,9,6,3,5,3,0,1,1,0,0,0,0,1,796316,948,5833941,572
144543,11,3,3050919,3500932,2020,10,16,5,3,5,3,0,1,1,0,0,0,0,0,801505,3033,5832597,51
144544,11,4,4030620,4300619,2020,10,13,5,3,0,6,0,1,1,0,0,0,0,0,792275,1366,5827416,95
144545,11,11,11051331,11501340,2020,10,15,5,3,5,3,0,1,1,0,0,0,0,0,807536,329,5824817,287
144546,11,9,9010301,9100304,2020,10,16,5,3,5,2,0,1,1,0,0,0,0,0,804890,1287,5822151,523
144547,11,12,12302110,12601235,2020,10,11,2,3,5,3,0,1,1,0,0,0,0,0,795460,6946,5836375,635
144548,11,2,2010103,2100105,2020,10,11,4,3,2,7,0,1,1,0,0,0,0,0,799717,9978,5825787,297
144549,11,7,7020202,7200308,2020,10,16,5,3,5,5,0,1,1,0,0,0,0,0,794861,4124,5823589,641
144550,11,4,4051655,4501153,2020,10,15,5,3,1,5,0,1,1,0,0,0,0,0,794438,6933,5823271,89
144551,11,7,7030303,7300619,2020,10,9,2,3,0,7,0,0,1,0,0,1,0,1,795383,1108,5821187,678
144552,11,11,11040926,11400931,2020,10,15,5,3,6,3,0,0,1,1,0,0,0,0,806364,1816,5826858,488
144553,11,10,10010102,10100102,2020,10,15,5,3,5,3,0,1,1,0,0,0,0,0,809588,402,5834275,143
144554,11,1,1011301,1100308,2020,10,9,2,3,5,2,0,1,1,0,0,0,0,1,797042,9862,5829329,126
144555,11,6,6010101,6100101,2020,10,22,4,3,6,4,2,0,1,1,0,0,0,0,793345,5802,5820329,866
144556,11,1,1044102,1400940,2020,10,15,5,3,6,4,0,0,1,1,0,0,0,0,795420,8176,5832292,645
144557,11,3,3061228,3601245,2020,10,8,5,3,2,6,0,0,1,0,1,0,0,0,800153,7847,5830856,3
144558,11,12,12224230,12400619,2020,10,9,2,3,5,3,0,0,1,0,0,0,0,1,787134,919,5836440,241
144559,11,4,4020311,4200310,2020,10,13,3,3,2,2,0,0,1,0,1,0,0,0,789835,8799,5826352,801
144560,11,5,5020625,5200629,2020,10,19,6,3,5,3,2,0,1,0,0,0,0,1,784730,906,5828597,857
144561,11,7,7050501,7501029,2020,10,7,5,2,6,4,1,1,0,1,0,0,0,0,797666,706,5819356,926
144562,11,6,6030503,6300527,2020,10,20,5,3,5,3,2,1,1,0,0,0,0,0,790615,874,5818419,129
144563,11,6,6010102,6100103,2020,10,15,5,3,6,2,0,0,1,1,0,0,0,0,793768,9082,5821140,56
144564,11,6,6030609,6300633,2020,10,0,5,2,5,3,2,0,1,0,0,0,1,0,793262,2662,5819094,13
144565,11,10,10010207,10100210,2020,10,9,2,3,5,3,0,0,1,0,1,0,0,1,808100,938,5831358,172
144566,11,2,2040701,2400521,2020,10,13,4,3,5,2,0,1,1,0,0,0,0,0,800718,1069,5827874,71
144567,11,3,3061227,3601244,2020,10,13,5,3,5,2,0,1,1,0,0,0,0,0,799997,1453,5831717,8
144568,11,1,1033202,1300835,2020,10,8,2,2,0,1,0,0,0,0,1,0,0,1,797848,1562,5829833,294
144569,11,4,4041239,4400830,2020,10,14,3,3,5,2,0,1,1,0,0,0,0,0,791672,1269,5823328,848
144570,11,2,2020204,2200210,2020,10,12,6,3,2,6,0,0,1,0,0,0,0,1,797953,4106,5825272,689
144571,11,3,3061441,3601453,2020,10,13,5,3,5,2,0,1,0,0,1,0,0,0,802377,5485,5828844,226
144572,11,8,8020727,8200832,2020,10,8,2,3,5,3,0,0,1,0,0,0,0,1,801762,473,5816736,79
144573,11,12,12214422,12200310,2020,10,19,3,3,5,3,2,1,1,0,0,0,0,1,792085,3592,5832942,597
144574,11,10,10030727,10300734,2020,10,7,6,3,5,3,1,1,1,0,0,0,0,1,809398,1266,5825756,2
144575,11,8,8010509,8100521,2020,10,13,5,3,5,3,0,0,1,0,0,0,0,1,803337,8357,5822498,548
144576,11,4,4041241,4400832,2020,10,18,5,3,3,6,2,0,1,0,1,0,0,1,791617,2813,5822447,492
144577,11,1,1033203,1300836,2020,10,9,5,3,2,6,0,0,1,0,0,0,0,0,796845,4252,5830630,257
144578,11,12,12231102,12400721,2020,10,13,5,3,0,3,0,0,1,0,1,0,0,0,791009,4435,5841483,655
144579,11,12,12103219,12100204,2020,10,14,4,3,3,6,0,0,1,0,0,0,0,0,794966,3216,5832699,146
144580,11,3,3030406,3300413,2020,10,7,2,3,2,6,1,0,1,0,0,0,0,0,803382,5596,5838282,723
144581,11,1,1044201,1401045,2020,10,8,4,3,2,6,0,0,1,0,0,0,0,1,796432,9768,5831935,905
144582,11,4,4030931,4501042,2020,10,5,6,3,1,5,2,1,0,0,0,1,0,1,794410,279,5825901,754
144583,11,5,5030730,5300736,2020,10,11,4,3,2,6,0,0,1,0,0,0,0,1,786768,4829,5829277,602
144584,11,1,1044101,1400938,2020,10,5,2,3,2,2,2,0,1,0,0,0,0,1,793972,2823,5830139,149
144585,11,12,12214126,12200413,2020,10,16,3,3,5,3,0,0,1,0,0,0,0,0,790226,8671,5834022,255
144586,11,1,1022106,1200522,2020,10,14,6,3,2,6,0,0,1,0,1,0,0,1,794119,9306,5828249,965
144587,11,10,10010308,10100311,2020,10,10,4,3,5,2,0,0,1,0,0,0,0,1,806333,5671,5830184,602
144588,11,1,1033102,1300733,2020,10,18,4,3,5,2,2,1,1,0,0,0,0,0,797012,4203,5831490,347
144589,11,1,1022203,1200625,2020,10,6,5,3,0,2,1,0,1,0,1,0,0,1,795128,7052,5828649,511
144590,11,2,2050801,2500832,2020,10,19,4,3,2,6,2,0,1,0,0,0,0,1,803622,3612,5827345,843
144591,11,11,11030619,11300620,2020,10,17,4,2,5,7,1,0,0,0,1,0,1,0,804219,9918,5829078,491
144592,11,4,4051446,4501043,2020,10,9,5,3,0,6,0,1,1,0,0,0,0,1,792666,3716,5825228,451
144593,11,12,12301203,12500930,2020,10,8,5,3,2,6,0,0,1,0,0,0,0,0,792698,8522,5834799,4
144594,11,8,8010301,8100312,2020,10,15,4,3,6,4,0,0,1,1,0,0,0,1,801153,685,5824102,312
144595,11,2,2020203,2200209,2020,10,17,4,3,2,6,1,0,1,0,0,0,0,0,797074,8051,5824293,329
144596,11,9,9020501,9200510,2020,10,1,2,3,8,1,2,0,1,0,0,0,0,1,805925,1649,5823619,817
144597,11,12,12231102,12400720,2020,10,9,4,3,5,3,0,0,1,0,0,0,1,0,789630,6101,5839732,257
144598,11,1,1022101,1200517,2020,10,7,2,3,5,3,0,1,1,0,0,0,0,1,792913,1547,5828880,137
144599,11,6,6020409,6200421,2020,10,16,6,3,5,3,2,0,1,0,0,0,0,1,793132,687,5817664,177
144600,11,1,1011302,1100309,2020,10,15,4,3,6,2,0,0,1,1,0,0,0,0,798320,717,5828700,982
144601,11,8,8020726,8200831,2020,10,17,2,2,5,3,2,0,1,0,0,0,0,1,799905,9295,5816245,135
144602,11,8,8010117,8100102,2020,10,9,3,3,5,3,0,1,1,0,0,0,0,0,800141,2872,5823258,28
144603,11,6,6040807,6400841,2020,10,14,5,3,1,5,0,0,1,0,0,0,0,0,789764,2902,5818424,262
144604,11,10,10030724,10300731,2020,10,15,4,3,6,4,0,0,0,1,0,0,1,0,809120,2389,5829712,727
144605,11,10,10010310,10100315,2020,10,14,2,3,6,2,0,0,1,1,0,0,0,0,809845,408,5831012,481
144606,11,1,1044201,1401045,2020,10,12,4,3,9,1,0,0,1,0,0,0,0,1,796576,5019,5831925,499
144607,11,12,12103219,12100204,2020,10,14,4,3,5,2,0,1,1,0,0,0,0,0,795594,4082,5833151,354
144608,11,1,1022105,1200521,2020,10,16,4,3,0,5,1,0,0,0,1,0,1,0,794049,4555,5828402,584
144609,11,11,11030619,11300620,2020,10,13,4,3,0,1,0,1,0,0,0,0,0,1,803562,8145,5829756,54
144610,11,3,3020210,3200207,2020,10,12,4,2,5,3,0,1,1,0,0,0,0,1,799663,2851,5835840,934
144611,11,4,4030827,4300623,2020,10,14,2,3,6,7,0,0,0,1,0,0,1,0,792240,672,5826092,522
144612,11,2,2030301,2300314,2020,10,16,3,3,6,4,0,1,0,1,0,0,0,0,800168,652,5825862,534
144613,11,7,7070702,7601443,2020,10,9,6,3,3,6,0,1,1,0,0,0,0,1,799948,4289,5815739,551
144614,11,1,1022104,1200520,2020,10,13,3,3,5,3,0,1,0,0,0,0,1,0,794264,8175,5829275,329
144615,11,4,4030623,4300622,2020,11,15,6,3,1,5,0,1,1,0,0,0,0,0,793799,4055,5826281,342
144616,11,4,4051448,4501045,2020,11,8,2,3,2,6,0,0,1,0,0,0,0,1,793917,1593,5825320,791
144617,11,10,10040933,10400941,2020,11,6,3,3,0,3,2,1,1,0,0,0,0,1,812815,135,5825737,505
144618,11,7,7030301,7300517,2020,11,19,2,3,5,3,2,0,1,0,0,0,0,0,794253,1674,5822030,18
144619,11,1,1022106,1200522,2020,11,2,7,3,0,1,2,0,0,0,1,0,0,1,793687,8463,5828003,273
144620,11,11,11030618,11300618,2020,11,10,5,3,5,3,0,1,1,0,0,0,0,0,802427,7707,5828890,74
144621,11,7,7060604,7601339,2020,11,13,2,3,5,3,0,1,1,0,0,0,0,0,795597,5695,5815761,419
144622,11,7,7040402,7400822,2020,11,14,6,3,5,2,0,1,1,0,0,0,0,0,796135,5947,5820787,775
144623,11,10,10020517,10200524,2020,11,16,3,3,0,2,1,1,1,0,0,0,0,0,813344,2093,5830791,282
144624,11,2,2010104,2100106,2020,11,22,1,3,2,7,2,1,0,0,0,0,1,0,799761,1457,5825710,41
144625,11,6,6020302,6200312,2020,11,11,7,2,5,3,0,1,1,0,0,0,0,0,794339,764,5819040,842
144626,11,4,4010101,4100101,2020,11,14,1,2,5,3,0,0,1,0,1,0,0,0,791302,31,5830671,43
144627,11,11,11030721,11300724,2020,11,12,4,3,6,4,0,0,1,1,0,0,0,0,804619,3102,5827736,586
144628,11,7,7040401,7400721,2020,11,7,2,3,5,2,0,0,1,0,0,0,1,1,797750,2116,5822532,395
144629,11,3,3061430,3601450,2020,11,6,6,3,2,2,1,0,1,0,0,0,0,0,802319,7197,5829192,124
144630,11,8,8041037,8401243,2020,11,12,1,3,0,1,0,1,0,0,0,0,0,1,805575,1472,5818616,167
144631,11,7,7040401,7400720,2020,11,11,3,2,5,2,0,1,0,0,0,1,0,0,797441,5573,5823740,292
144632,11,12,12304313,12500825,2020,11,10,6,3,0,3,0,0,1,0,0,0,1,0,791540,8983,5834614,96
144633,11,4,4030726,4500936,2020,11,19,4,3,6,4,2,1,0,1,0,0,0,0,791570,6785,5825584,109
144634,11,4,4051654,4501150,2020,11,11,2,3,5,2,0,1,0,0,0,0,1,1,793426,9088,5823928,736
144635,11,1,1033102,1300733,2020,11,17,5,3,5,2,2,1,1,0,0,0,0,0,797011,3249,5831490,986
144636,11,9,9030903,9300923,2020,11,14,3,3,0,1,0,0,0,0,1,0,0,0,808600,6429,5815655,205
144637,11,3,3050925,3500936,2020,11,15,2,3,2,2,0,1,1,0,0,0,0,0,801851,4066,5831399,231
144638,11,1,1044201,1401045,2020,11,14,5,3,5,2,0,1,1,0,0,0,0,0,796460,6014,5831928,505
144639,11,2,2030301,2300314,2020,11,10,3,3,2,6,0,1,1,0,0,0,0,0,799858,954,5825839,281
144640,11,5,5010101,5100104,2020,11,10,7,3,6,7,0,0,1,1,0,0,0,0,785909,7373,5831309,227
144641,11,6,6010102,6100102,2020,11,18,1,3,5,2,2,0,1,0,1,0,0,0,793425,3813,5820364,969
144642,11,3,3071537,3701555,2020,11,16,4,3,0,1,1,1,0,0,0,0,0,0,799651,3374,5830086,204
144643,11,8,8041035,8401241,2020,11,8,2,3,5,3,0,0,1,0,0,0,0,1,805035,8605,5818888,126
144644,11,2,2010104,2100106,2020,11,0,6,3,5,3,2,0,1,0,0,0,0,0,799443,4878,5825666,303
144645,11,10,10020413,10200418,2020,11,13,1,3,5,2,0,0,1,0,0,0,0,0,811288,5278,5831560,304
144646,11,8,8010117,8100102,2020,11,12,3,3,6,2,0,0,1,1,0,0,0,0,800513,8348,5823446,125
144647,11,3,3061126,3601141,2020,11,13,6,3,0,2,0,1,1,0,0,0,0,0,799242,8678,5831771,493
144648,11,8,8020625,8200730,2020,11,15,4,3,5,2,0,1,1,0,0,0,0,0,801371,121,5819265,416
144649,11,4,4020310,4200308,2020,11,7,5,3,5,3,0,1,1,0,0,0,0,0,790375,4627,5827305,392
144650,11,9,9020701,9200715,2020,11,13,3,3,2,6,0,0,1,0,0,0,0,0,807857,829,5818113,812
144651,11,1,1033101,1300732,2020,11,20,6,3,0,4,2,0,0,1,1,0,0,1,797794,6972,5832710,179
144652,11,9,9031101,9301126,2020,11,12,1,3,0,1,0,1,0,0,0,0,0,1,811430,8622,5817355,7
144653,11,4,4041344,4400835,2020,11,8,4,3,1,5,0,1,1,0,0,0,0,0,792873,4252,5821902,687
144654,11,2,2050801,2500830,2020,11,17,2,3,5,3,2,1,1,0,0,0,0,0,802546,1901,5827385,628
144655,11,6,6030503,6300526,2020,11,8,1,3,0,1,0,0,1,0,0,0,0,0,789561,8526,5817598,444
144656,11,10,10010308,10100311,2020,11,5,5,3,5,2,2,1,1,0,0,0,0,0,806548,9183,5829160,491
144657,11,1,1044101,1400938,2020,11,12,1,3,0,1,0,0,0,0,1,0,0,1,794269,3075,5829935,85
144658,11,1,1033203,1300836,2020,11,21,7,3,5,2,2,1,1,0,0,0,0,0,796738,1859,5830744,847
144659,11,12,12103218,12100205,2020,11,12,1,3,1,5,0,0,1,0,0,0,0,1,794317,3094,5833289,415
144660,11,2,2020206,2200212,2020,11,10,4,3,2,3,0,1,0,0,0,0,0,0,799124,288,5824614,13
144661,11,10,10020620,10200627,2020,11,14,1,3,0,1,0,0,0,0,0,0,1,0,811259,3967,5829643,16
144662,11,8,8041038,8401244,2020,11,10,5,2,0,1,0,0,0,0,1,0,0,0,805344,9177,5816515,227
144663,11,6,6030609,6300633,2020,11,10,1,3,1,1,0,1,0,0,1,0,0,1,793246,4173,5819220,799
144664,11,12,12103219,12100204,2020,11,14,3,3,0,6,0,0,1,0,0,0,0,0,795035,7787,5832504,87
144665,11,6,6010101,6100101,2020,11,7,6,3,1,5,0,0,1,0,0,0,0,1,792696,7756,5820874,468
144666,11,2,2020206,2200213,2020,11,14,4,3,2,6,0,0,1,0,0,0,0,0,799711,6225,5824838,57
144667,11,4,4030931,4501042,2020,11,5,1,3,3,6,2,0,1,0,1,0,0,0,794127,4746,5825972,951
144668,11,10,10020413,10200418,2020,11,13,5,2,5,3,0,0,1,0,0,0,0,0,811295,7797,5831566,589
144669,11,1,1011104,1100104,2020,11,15,3,3,5,2,1,1,1,0,0,0,0,0,796148,359,5825693,181
144670,11,6,6010101,6100101,2020,11,18,6,3,6,7,2,1,0,1,0,0,0,0,793448,6506,5820674,597
144671,11,1,1011103,1100103,2020,11,4,1,3,0,1,2,0,0,0,0,0,1,0,795438,4919,5825809,498
144672,11,12,12214126,12200413,2020,11,12,3,3,0,1,0,1,0,0,0,0,0,0,790212,2538,5834037,574
144673,11,10,10010310,10100315,2020,11,16,2,3,5,7,1,0,1,0,0,0,0,0,809867,8745,5831287,511
144674,11,7,7010102,7100103,2020,11,22,7,3,6,4,2,0,1,1,0,0,0,0,795869,891,5825420,883
144675,11,3,3061227,3601243,2020,11,18,5,3,5,2,2,1,1,0,0,0,0,0,799671,444,5831249,679
144676,11,6,6040804,6400838,2020,11,17,2,3,5,3,2,0,1,0,0,0,0,0,787233,6202,5818251,339
144677,11,3,3061228,3601245,2020,11,16,6,3,5,3,1,1,1,0,0,0,0,0,801447,1434,5831135,878
144678,11,10,10030724,10300731,2020,11,12,3,3,0,2,0,1,1,0,0,0,0,1,809567,4042,5828027,33
144679,11,4,4030827,4300623,2020,11,17,1,3,5,7,2,0,1,0,0,0,0,0,792734,175,5826094,63
144680,11,11,11020514,11200513,2020,11,12,1,2,1,5,0,1,0,0,0,0,1,0,804819,3,5830889,762
144681,11,9,9051901,9501941,2020,11,13,7,3,5,2,0,1,1,0,0,0,0,0,812066,179,5821345,416
144682,11,10,10020413,10200420,2020,11,8,2,3,5,2,0,0,1,0,0,0,0,0,812013,4792,5830588,62
144683,11,7,7040403,7400823,2020,11,19,6,3,5,2,2,0,1,0,0,0,0,0,796915,1128,5822288,959
144684,11,12,12214527,12200515,2020,11,10,4,3,5,2,0,1,1,0,0,0,0,0,790481,7855,5834648,699
144685,11,12,12214424,12200309,2020,11,15,1,3,0,2,0,0,1,0,1,0,0,0,793357,2723,5832400,918
144686,11,6,6010101,6100101,2020,11,17,7,3,2,6,2,0,1,0,0,0,0,0,793473,4081,5820661,336
144687,11,3,3040614,3400723,2020,11,11,5,3,5,3,0,1,1,0,0,0,0,0,798833,4036,5833723,707
144688,11,5,5010339,5100317,2020,11,18,3,3,2,6,2,0,1,0,0,0,0,0,787390,6062,5828090,11
144689,11,1,1011301,1100308,2020,11,22,6,2,6,2,2,0,0,1,1,0,0,0,797239,3708,5829077,84
144690,11,12,12214422,12200310,2020,11,17,1,3,5,3,2,0,1,0,0,0,0,0,792133,4455,5833150,2
144691,11,12,12224230,12400618,2020,11,7,3,3,5,2,0,1,0,0,1,0,0,0,788086,9678,5837370,366
144692,11,8,8041035,8401241,2020,11,16,2,3,2,6,1,0,1,0,0,0,0,0,803795,4055,5818801,65
144693,11,10,10010309,10100312,2020,11,8,7,3,5,3,0,0,1,0,0,0,0,1,807840,3895,5829077,415
144694,11,9,9020701,9200715,2020,11,15,5,3,5,2,0,1,0,0,0,0,1,0,807713,912,5818104,639
144695,11,1,1033202,1300835,2020,11,16,2,3,3,2,1,1,1,0,0,0,0,1,796973,517,5830178,57
144696,11,10,10030724,10300731,2020,11,13,6,3,2,6,0,0,1,0,0,0,0,0,809643,5055,5830284,273
144697,11,11,11010310,11100309,2020,11,12,3,3,6,4,0,0,0,1,0,0,1,0,805242,9464,5833200,467
144698,11,6,6010207,6100207,2020,11,17,1,3,6,2,2,0,1,1,0,0,0,0,793554,2448,5820079,88
144699,11,5,5010103,5100105,2020,11,10,7,3,2,6,0,0,1,0,1,0,0,0,785153,4944,5831165,475
144700,11,11,11010205,11100204,2020,11,16,1,3,5,3,1,0,1,0,0,0,0,0,806902,2096,5832627,883
144701,11,1,1022201,1200623,2020,11,18,4,3,5,3,2,1,1,0,0,0,0,0,794968,3526,5829078,72
144702,11,11,11040925,11400927,2020,11,10,2,3,0,1,0,0,0,0,1,0,0,1,803845,1909,5826602,329
144703,11,8,8010509,8100521,2020,11,8,6,3,0,7,0,1,0,0,0,0,0,1,803408,1443,5822535,878
144704,11,4,4020310,4200308,2020,10,23,7,1,6,4,2,0,1,1,1,0,0,0,789816,3641,5827411,635
144705,11,7,7060604,7601340,2020,11,12,3,3,2,6,0,0,1,0,1,0,0,0,796524,9224,5815893,203
144706,11,12,12214422,12200310,2020,10,18,7,3,2,6,2,0,1,0,0,0,1,1,792309,3958,5833924,244
144707,11,3,3061131,3601142,2020,11,8,5,3,0,6,0,1,1,0,0,0,0,0,799084,1103,5831090,809
144708,11,4,4030827,4300623,2020,11,8,3,3,2,6,0,0,1,0,0,0,0,0,792389,7037,5826105,475
144709,11,2,2020202,2200208,2020,11,13,6,3,5,2,0,1,1,0,0,0,0,0,797919,5904,5825262,957
144710,11,12,12103220,12100206,2020,10,17,7,3,4,5,2,0,1,0,1,0,0,1,793896,8425,5833424,733
144711,11,2,2050601,2500726,2020,11,9,3,3,0,1,0,1,0,0,0,0,0,0,802068,8517,5828581,227
144712,11,2,2050803,2500835,2020,11,12,7,3,5,2,0,1,1,0,0,0,0,0,803019,3431,5825733,592
144713,11,2,2040701,2400623,2020,11,13,5,3,5,3,0,0,1,0,0,0,1,0,800598,6533,5827041,605
144714,11,8,8010404,8100416,2020,11,14,2,3,5,3,0,1,1,0,0,0,0,0,801586,9269,5823552,349
144715,11,2,2020204,2200210,2020,11,22,5,2,5,2,2,1,0,0,1,0,0,0,798337,699,5825503,357
144716,11,12,12301203,12500930,2020,11,9,3,3,5,7,0,0,1,0,1,0,0,1,794070,4873,5834696,607
144717,11,1,1022104,1200520,2020,11,9,7,3,6,4,0,1,0,1,0,0,0,0,794554,5124,5829070,94
144718,11,8,8010118,8100105,2020,10,17,7,3,5,3,2,0,1,0,0,0,0,0,800999,2437,5822156,326
144719,11,8,8010118,8100104,2020,11,14,4,3,1,5,0,0,1,0,0,0,0,0,800822,8479,5822598,82
144720,11,10,10020413,10200420,2020,11,12,6,3,0,7,0,0,1,0,0,0,0,0,811990,2747,5830702,887
144721,11,12,12214424,12200309,2020,10,16,7,3,0,2,1,1,0,0,0,0,1,1,793178,7045,5832617,768
144722,11,5,5020417,5200420,2020,11,13,3,3,2,7,0,0,1,1,0,0,0,0,783486,8795,5828152,92
144723,11,1,1011302,1100309,2020,11,11,6,3,6,7,0,0,0,1,0,1,0,0,798669,6939,5828571,452
144724,11,1,1033202,1300835,2020,11,14,4,3,5,3,0,0,1,0,1,0,0,1,797706,7484,5829651,102
144725,11,2,2020205,2200211,2020,11,8,6,3,5,2,0,1,0,0,0,0,0,0,799211,169,5824510,688
144726,11,7,7030303,7300619,2020,11,18,4,3,2,6,2,0,1,0,0,0,0,0,795909,5917,5820835,617
144727,11,3,3040818,3400828,2020,11,19,1,3,5,3,2,0,1,0,0,0,0,0,799726,2436,5832496,68
144728,11,1,1011302,1100309,2020,11,16,5,3,0,3,1,1,0,0,0,0,0,0,798233,7729,5828933,344
144729,11,9,9020702,9200717,2020,11,20,3,3,1,5,2,1,0,0,0,0,1,0,809572,7894,5819558,356
144730,11,7,7040405,7400927,2020,11,7,6,3,5,3,1,1,1,0,0,0,0,1,798046,3233,5821300,936
144731,11,10,10040933,10400941,2020,10,16,7,3,5,3,2,0,1,0,0,0,0,1,813106,6722,5824197,949
144732,11,9,9051702,9501737,2020,11,9,4,3,5,2,0,1,1,0,0,0,0,0,814205,626,5821579,363
144733,11,1,1011401,1100415,2020,11,12,1,3,3,6,0,1,1,0,0,0,0,0,797270,3742,5829093,879
144734,11,4,4041343,4400834,2020,11,5,5,3,6,2,2,0,1,1,0,0,0,1,792637,4938,5822748,88
144735,11,11,11020513,11200512,2020,10,16,7,3,1,5,1,1,1,0,0,0,0,1,803575,3636,5831366,292
144736,11,1,1011301,1100308,2020,11,16,3,3,0,5,1,0,1,0,1,0,0,0,797409,6452,5828902,125
144737,11,9,9020701,9200715,2020,11,7,6,2,5,2,0,0,1,0,0,1,0,0,808250,2235,5818801,274
144738,11,9,9051801,9501838,2020,11,13,4,3,5,3,0,1,1,0,0,0,0,0,819884,308,5819744,575
144739,11,2,2020204,2200210,2020,11,0,1,3,5,3,2,1,1,0,0,0,0,0,798312,4986,5825487,873
144740,11,5,5010314,5100316,2020,11,13,5,3,6,4,0,0,0,1,0,0,1,0,784824,8467,5829249,59
144741,11,12,12214421,12200307,2020,11,15,3,3,5,7,0,0,1,0,0,0,1,0,793526,1455,5834105,33
144742,11,10,10010308,10100311,2020,11,16,6,3,5,3,1,0,1,0,0,0,0,0,807341,97,5828494,772
144743,11,2,2020203,2200209,2020,10,16,7,3,0,2,1,1,0,0,0,0,1,1,797751,9824,5824294,391
144744,11,9,9010301,9100304,2020,11,10,3,3,0,3,0,1,1,0,0,0,0,1,804889,4046,5822168,237
144745,11,7,7060604,7601340,2020,11,15,2,3,5,7,0,0,1,0,1,0,0,0,796313,387,5815924,28
144746,11,7,7030301,7300516,2020,11,16,5,3,5,3,2,1,1,0,0,0,0,0,793714,7688,5821651,91
144747,11,9,9052001,9502043,2020,11,13,3,3,4,7,0,0,1,0,1,0,0,0,809684,1836,5823136,58
144748,11,9,9052001,9502043,2020,11,19,6,3,0,3,2,0,1,0,1,0,0,0,810544,7192,5823195,422
144749,11,8,8010211,8100206,2020,10,14,7,3,1,5,0,1,1,0,0,0,0,1,800535,5232,5823755,164
144750,11,10,10030724,10300731,2020,11,7,4,3,5,3,0,0,1,0,0,0,0,0,809371,5601,5829822,491
144751,11,2,2040701,2400623,2020,11,15,2,3,3,6,0,1,1,0,0,0,0,0,800559,7728,5826964,74
144752,11,5,5030730,5300735,2020,11,13,7,3,0,7,0,0,1,0,0,0,0,0,786419,6489,5831112,616
144753,11,2,2030302,2300316,2020,11,20,5,3,6,7,2,1,0,1,0,0,0,0,801426,483,5825994,653
144754,11,10,10010204,10100206,2020,11,9,2,3,0,1,0,0,0,0,1,0,0,1,810056,6112,5833185,4
144755,11,1,1044201,1401043,2020,11,18,6,3,5,3,2,1,1,0,0,0,0,0,795770,237,5831028,628
144756,11,1,1044103,1400942,2020,11,6,4,3,2,6,2,0,1,0,0,0,0,0,794760,4569,5830376,81
144757,11,11,11041128,11401137,2020,11,21,2,2,5,5,2,0,1,0,1,0,0,1,806725,1936,5825651,703
144758,11,5,5030730,5300736,2020,11,13,1,3,5,2,0,0,1,0,0,0,0,0,786103,8541,5829154,615
144759,11,4,4020311,4200310,2020,11,13,7,3,6,7,0,0,1,1,0,0,0,0,789721,7216,5826440,649
144760,11,1,1044101,1400938,2020,11,10,5,3,0,5,0,1,1,0,0,0,0,1,793775,6939,5830653,721
144761,11,11,11010308,11100307,2020,11,16,3,3,3,5,1,0,1,0,0,0,0,0,805446,5472,5833515,423
144762,11,10,10040931,10400938,2020,11,15,6,3,5,3,0,0,1,0,0,0,0,0,815008,794,5829713,653
144763,11,12,12103115,12100103,2020,10,15,7,3,0,2,0,1,1,0,0,0,0,1,795489,2808,5833421,767
144764,11,4,4030929,4501040,2020,11,8,3,2,5,2,0,1,1,0,0,0,0,0,792711,6539,5825643,99
144765,11,6,6030504,6300528,2020,11,15,2,3,0,6,0,1,0,0,0,1,0,0,789078,1897,5816371,534
144766,11,4,4041344,4400835,2020,11,11,7,3,0,2,0,0,1,0,1,0,0,1,793399,3962,5821766,37
144767,11,3,11030618,11300617,2020,11,14,5,2,6,6,0,0,1,1,0,0,0,0,802565,3047,5829296,761
144768,11,6,6030608,6300632,2020,11,18,2,3,2,6,2,0,1,0,0,0,0,0,792761,9849,5817474,733
144769,11,6,6020306,6200317,2020,11,15,2,3,5,3,0,0,1,0,0,0,0,0,795530,7868,5816453,636
144770,11,5,5020626,5200631,2020,11,13,6,3,0,6,0,0,1,0,0,0,1,0,784592,3855,5827960,109