OBJECTID,LAND,BEZ,LOR,LOR_ab_2021,UJAHR,UMONAT,USTUNDE,UWOCHENTAG,UKATEGORIE,UART,UTYP1,ULICHTVERH,IstRad,IstPKW,IstFuss,IstKrad,IstGkfz,IstSonstige,USTRZUSTAND,LINREFX,LINREFY,XGCSWGS84,YGCSWGS84
144771,11,9,9051901,9501939,2020,11,10,3,3,5,3,0,1,1,0,0,0,0,0,810822,3653,5821366,255
144772,11,8,8010303,8100314,2020,11,0,7,3,0,7,2,0,0,0,0,0,1,0,800340,4607,5824353,805
144773,11,12,12301203,12500930,2020,11,16,5,3,5,2,1,0,1,0,1,0,0,0,792354,3866,5834061,452
144774,11,1,1033102,1300733,2020,11,14,2,3,6,7,0,1,0,1,0,0,0,0,797541,6911,5831858,818
144775,11,1,1033102,1300733,2020,11,17,2,3,5,3,2,1,1,0,0,0,0,0,797140,9445,5831804,109
144776,11,1,1011401,1100415,2020,11,15,6,3,2,6,0,0,1,0,0,0,0,0,797619,344,5829331,644
144777,11,5,5010101,5100104,2020,11,10,3,3,2,2,0,0,1,0,0,0,0,0,785210,5096,5831830,755
144778,11,10,10010203,10100205,2020,10,15,7,3,9,6,0,0,1,0,0,0,0,1,807526,5844,5831174,351
144779,11,2,2020203,2200209,2020,11,9,1,3,5,3,0,1,1,0,0,0,0,0,797755,6703,5824596,924
144780,11,3,3050923,3500934,2020,11,12,7,2,5,3,0,1,1,0,0,0,0,0,801062,183,5831424,217
144781,11,6,6030501,6300524,2020,10,15,7,2,9,1,0,0,1,0,0,0,0,1,788384,2884,5816786,734
144782,11,9,9020502,9200511,2020,11,22,4,3,5,2,2,1,0,0,0,0,0,0,807107,88,5822243,285
144783,11,4,4041238,4400830,2020,11,9,3,3,0,1,0,1,0,0,0,0,0,1,791292,9153,5823315,155
144784,11,7,7040404,7400826,2020,11,12,6,3,5,3,0,0,1,0,0,1,0,0,796693,7083,5820028,697
144785,11,3,3051022,3501038,2020,10,15,7,3,5,3,0,0,1,0,0,0,1,1,803004,8364,5832012,39
144786,11,1,1022207,1200629,2020,11,18,3,3,2,2,2,1,1,0,0,0,0,0,794191,209,5827133,64
144787,11,8,8020620,8200624,2020,11,7,6,3,5,3,0,1,1,0,0,0,0,0,800598,9938,5821191,588
144788,11,7,7030301,7300516,2020,11,18,4,3,5,2,1,1,1,0,0,0,0,0,793991,2635,5821551,783
144789,11,5,5040936,5400943,2020,11,14,2,3,1,5,0,1,1,0,0,0,0,0,781442,8009,5819503,456
144790,11,6,6030503,6300526,2020,11,12,2,3,6,4,0,1,0,1,0,0,0,0,789421,2822,5818018,975
144791,11,6,6010206,6100206,2020,11,18,5,3,2,6,2,0,1,0,0,0,0,0,794842,9689,5819779,874
144792,11,4,4020313,4200311,2020,11,14,3,3,5,3,0,0,1,0,0,0,0,0,790506,164,5826182,853
144793,11,1,1011303,1100310,2020,11,0,7,3,5,2,2,1,1,0,0,0,0,0,799238,782,5828468,97
144794,11,5,5010103,5100105,2020,10,13,7,3,4,2,0,0,1,0,0,0,0,1,783906,2045,5831173,335
144795,11,5,5030832,5300839,2020,11,12,4,2,6,7,0,0,0,1,0,0,1,0,788769,9631,5830009,366
144796,11,11,11010309,11100308,2020,11,10,7,3,6,4,0,0,1,1,0,0,0,0,804394,944,5833384,288
144797,11,3,3061228,3601245,2020,10,20,7,3,2,6,2,0,1,0,0,0,0,1,800685,8379,5830659,83
144798,11,3,3061228,3601245,2020,11,16,4,3,5,3,1,1,1,0,0,0,0,0,800331,7595,5831573,817
144799,11,7,7040405,7400927,2020,11,8,2,3,6,7,0,1,0,1,0,0,0,1,799657,247,5820978,675
144800,11,3,3061228,3601245,2020,11,8,6,3,5,2,0,1,0,0,0,1,0,0,800292,8817,5831595,851
144801,11,2,2050602,2500727,2020,10,17,7,3,2,6,2,0,1,0,0,0,0,1,802205,6731,5827743,31
144802,11,7,7020203,7200409,2020,11,12,3,3,1,5,0,1,1,0,0,0,0,0,795574,4458,5824148,945
144803,11,8,8041036,8401242,2020,11,13,6,3,6,7,0,0,1,1,0,0,0,0,804328,2037,5815872,482
144804,11,1,1011101,1100101,2020,11,15,4,3,5,2,0,1,1,0,0,0,0,0,795230,7448,5826625,915
144805,11,6,6030605,6300629,2020,11,14,2,3,2,6,0,0,1,0,0,0,0,0,791795,3385,5819237,632
144806,11,12,12231101,12400723,2020,11,18,1,3,0,7,2,1,0,0,0,0,0,0,791866,2495,5838585,327
144807,11,7,8020726,8200831,2020,11,7,5,3,2,3,0,0,1,0,0,0,0,0,799286,6306,5816277,956
144808,11,1,1022104,1200520,2020,11,22,3,3,5,3,2,1,1,0,0,0,0,0,794595,1924,5828438,912
144809,11,6,6010103,6100103,2020,11,20,6,3,1,5,2,0,1,0,1,0,0,0,793594,863,5821528,14
144810,11,8,8030829,8300934,2020,10,18,7,3,2,6,2,0,1,0,0,0,0,1,802831,6182,5818234,597
144811,11,4,4051551,4501148,2020,11,8,4,3,6,4,0,1,0,1,0,0,0,0,792748,6095,5823284,958
144812,11,11,11030618,11300617,2020,11,15,2,3,6,4,0,1,0,1,0,0,0,1,803775,2063,5829027,405
144813,11,6,6040809,6400843,2020,11,10,1,3,5,2,0,0,1,0,0,0,0,0,791102,9167,5819243,829
144814,11,8,8020622,8200727,2020,11,13,5,2,5,3,0,0,1,0,1,0,0,0,802556,57,5819114,671
144815,11,11,11020411,11200410,2020,10,5,7,3,0,1,2,0,1,0,0,0,0,1,806114,525,5832004,875
144816,11,2,2050802,2500833,2020,11,17,3,3,1,5,2,1,1,0,0,0,0,0,802672,828,5826987,819
144817,11,2,2030301,2300314,2020,11,0,6,3,6,4,2,0,1,1,0,0,0,0,799929,689,5825743,37
144818,11,4,4030827,4300623,2020,11,9,4,3,1,5,0,1,1,0,0,0,0,0,792116,1734,5826473,391
144819,11,6,6010209,6100209,2020,11,14,1,3,2,2,0,1,1,0,0,0,0,0,794443,9499,5821519,275
144820,11,3,3051022,3501038,2020,11,12,5,3,5,3,0,1,1,0,0,0,0,0,803398,7186,5831665,205
144821,11,11,11010204,11100203,2020,10,0,7,3,0,1,2,0,1,0,0,0,0,1,806726,4069,5833989,793
144822,11,3,3061131,3601142,2020,11,14,3,3,2,7,0,0,1,0,0,0,0,0,798380,8917,5830941,191
144823,11,5,5010209,5100211,2020,11,8,6,3,0,1,0,1,0,0,0,0,0,0,783178,1308,5829268,922
144824,11,2,2020203,2200209,2020,11,14,4,3,1,5,0,1,1,0,0,0,0,0,797358,8918,5824532,138
144825,11,7,7040401,7400721,2020,11,15,5,3,2,7,0,0,1,0,0,0,0,0,797357,86,5823574,988
144826,11,9,9041402,9401432,2020,11,15,3,3,0,7,0,1,0,1,0,0,0,1,812136,8362,5820291,882
144827,11,6,6040804,6400838,2020,11,18,6,3,0,6,2,1,0,0,0,0,1,0,786674,129,5818445,475
144828,11,4,4010103,4100102,2020,10,0,7,3,5,2,2,0,1,0,1,0,0,1,791488,2715,5829239,631
144829,11,8,8020620,8200624,2020,11,19,3,2,9,1,2,0,1,0,1,0,0,0,800714,4232,5821065,624
144830,11,2,2030401,2300417,2020,11,10,2,3,5,3,0,1,1,0,0,0,0,1,800302,9054,5825567,53
144831,11,2,2030302,2300315,2020,11,21,7,3,3,6,2,1,0,0,0,0,1,0,801131,766,5825937,919
144832,11,2,2020203,2200209,2020,11,19,5,3,5,2,2,0,1,0,1,0,0,0,797628,5526,5824021,841
144833,11,5,5010206,5100208,2020,11,14,2,3,5,3,0,0,1,0,0,0,0,0,782366,3069,5830500,657
144834,11,11,11030721,11300724,2020,11,17,2,3,2,2,2,0,1,0,0,0,0,0,804603,699,5827475,729
144835,11,3,3020209,3200205,2020,11,16,6,3,5,2,2,1,1,0,0,0,0,0,797439,9837,5835029,513
144836,11,6,6040804,6400838,2020,11,12,4,3,8,1,0,0,1,0,0,0,0,0,787351,1812,5818285,975
144837,11,9,9041301,9401534,2020,11,14,2,3,2,2,0,0,1,0,0,0,0,0,811658,5722,5819972,139
144838,11,8,8010406,8100419,2020,11,12,1,2,5,3,0,0,1,0,1,0,0,0,802024,1424,5824296,121
144839,11,10,10040931,10400938,2020,11,13,7,3,5,3,0,0,1,0,0,0,0,0,813154,811,5828817,917
144840,11,3,3051021,3501037,2020,11,8,5,2,4,6,0,1,0,0,0,0,0,0,802851,7448,5832486,707
144841,11,1,1011301,1100308,2020,11,8,3,3,5,2,0,1,1,0,0,0,0,0,797258,5116,5829087,889
144842,11,10,10010309,10100312,2020,11,14,6,3,5,2,0,1,1,0,0,0,0,0,807934,6081,5829198,157
144843,11,5,5010314,5100316,2020,11,15,1,3,3,6,0,0,1,0,1,0,0,0,785060,2887,5829451,987
144844,11,10,10020622,10200629,2020,11,19,7,3,5,2,2,0,1,0,0,0,0,0,810904,6873,5829230,233
144845,11,8,8010211,8100206,2020,11,11,5,3,6,4,0,1,0,1,0,0,0,0,800607,4078,5823772,282
144846,11,12,12214125,12200412,2020,11,17,3,3,5,2,2,1,0,0,0,0,0,0,790738,3327,5834245,456
144847,11,10,10010309,10100312,2020,11,15,6,2,5,7,0,0,1,0,0,0,1,0,808578,9129,5830116,95
144848,11,7,7030302,7300618,2020,10,0,7,3,0,1,2,1,0,0,0,0,0,1,794963,8901,5822421,948
144849,11,9,9020702,9200716,2020,11,7,3,3,3,6,1,1,0,0,0,0,1,1,808959,9381,5819390,74
144850,11,8,8020622,8200726,2020,11,10,2,3,0,4,0,0,0,1,1,0,0,1,801549,3077,5820599,663
144851,11,5,5020419,5200423,2020,11,4,7,2,1,1,2,0,1,0,0,0,0,1,782109,241,5828484,14
144852,11,7,7020202,7200308,2020,11,15,5,3,6,4,0,1,0,1,0,0,0,0,794650,3211,5823662,818
144853,11,10,10040933,10400940,2020,11,16,2,3,5,2,2,0,1,0,0,0,1,0,812723,533,5825534,673
144854,11,9,9051901,9501939,2020,11,14,6,3,4,6,0,1,0,0,0,0,0,0,810784,325,5821279,708
144855,11,11,11040926,11400930,2020,11,9,3,3,2,2,0,1,1,0,0,0,0,0,806140,8728,5826705,713
144856,11,9,9051702,9501737,2020,10,10,7,3,2,7,0,0,1,0,0,0,0,1,814204,3553,5821525,105
144857,11,4,4041136,4400728,2020,11,11,7,2,2,2,0,0,1,0,0,0,0,0,790688,312,5822694,722
144858,11,5,5020419,5200423,2020,10,12,7,3,0,7,0,0,1,0,0,0,0,1,781534,9545,5828402,73
144859,11,1,1022101,1200517,2020,11,19,4,3,5,2,2,1,1,0,0,0,0,0,793530,9685,5829122,921
144860,11,11,11041128,11401135,2020,11,11,2,3,5,3,0,1,1,0,0,0,0,1,806076,9117,5825257,178
144861,11,4,4030620,4300619,2020,11,10,6,3,5,2,0,1,1,0,0,0,0,1,792542,8955,5827127,512
144862,11,5,5010314,5100316,2020,10,12,7,3,4,6,0,1,0,0,0,0,1,1,784540,5632,5829079,209
144863,11,8,8041036,8401242,2020,11,12,3,3,5,3,0,1,1,0,0,0,0,0,805150,8209,5817151,825
144864,11,10,10020415,10200422,2020,11,22,6,2,5,2,2,1,1,0,0,0,0,0,812100,7084,5831520,825
144865,11,11,11040926,11400929,2020,11,19,4,3,2,2,2,0,1,0,1,0,0,0,804913,3703,5826254,237
144866,11,10,10030724,10300731,2020,11,13,2,3,5,3,0,0,1,0,0,0,0,1,808678,613,5828994,675
144867,11,4,4020311,4200310,2020,11,9,2,3,3,2,0,0,1,0,1,0,0,0,789926,7135,5826215,334
144868,11,4,4041137,4400727,2020,10,11,7,3,1,7,0,0,1,0,0,0,1,1,790761,1057,5822795,603
144869,11,12,12103117,12100101,2020,11,9,3,3,5,3,0,0,1,0,0,0,0,0,795783,4657,5832578,597
144870,11,7,7010102,7100102,2020,11,12,7,3,6,4,0,0,1,1,0,0,0,0,795080,684,5825615,56
144871,11,12,12301203,12500926,2020,11,14,5,2,5,2,0,0,1,0,1,0,0,0,793553,7721,5835456,863
144872,11,4,4020310,4200308,2020,11,14,2,3,2,2,0,0,0,0,1,0,1,0,790369,314,5827327,677
144873,11,9,9031001,9301025,2020,11,8,5,3,0,7,0,1,0,0,0,0,0,0,811179,3499,5815153,184
144874,11,5,5020419,5200423,2020,11,9,3,3,6,2,0,0,1,1,0,0,0,0,781967,69,5828466,584
144875,11,1,1022206,1200628,2020,11,10,7,3,0,6,0,0,1,0,0,0,1,0,796353,3708,5828555,489
144876,11,4,4020313,4200311,2020,10,12,7,3,3,2,0,0,1,0,1,0,0,1,790424,6615,5825950,513
144877,11,7,7040404,7400826,2020,11,15,4,3,4,6,0,0,1,0,0,0,0,0,796193,3602,5820527,852
144878,11,9,9020802,9200819,2020,11,6,2,3,0,7,2,1,1,0,0,0,0,1,810369,3453,5820351,915
144879,11,12,12214424,12200309,2020,11,8,6,3,0,2,0,0,1,0,0,0,1,0,793474,922,5832425,561
144880,11,3,3061227,3601243,2020,10,12,7,3,5,7,0,0,1,0,0,0,0,1,799431,1298,5831369,476
144881,11,5,5010103,5100105,2020,11,12,3,3,6,7,0,0,1,1,0,0,0,0,784162,6683,5831217,695
144882,11,9,9041301,9401329,2020,11,12,6,3,0,2,0,0,1,0,1,0,0,0,811748,5845,5819774,935
144883,11,2,2040503,2400522,2020,11,14,4,3,2,6,0,1,0,0,0,0,0,0,801335,4887,5828710,741
144884,11,7,7070701,7601442,2020,11,7,5,3,6,4,1,0,1,1,0,0,0,0,799688,732,5815156,641
144885,11,1,1022206,1200628,2020,11,13,3,3,5,7,0,1,1,0,0,0,0,0,795562,929,5827763,362
144886,11,3,3030406,3300412,2020,11,14,6,3,5,3,0,1,1,0,0,0,0,0,803156,894,5839362,958
144887,11,2,2040502,2400521,2020,10,13,7,2,5,3,0,1,0,0,0,0,0,1,801051,736,5828170,331
144888,11,2,2040502,2400521,2020,11,16,5,2,5,2,2,1,0,0,0,0,0,0,800711,4263,5828461,888
144889,11,9,9051801,9501838,2020,11,14,3,3,1,5,0,1,1,0,0,0,0,0,819949,2831,5819886,579
144890,11,6,6010103,6100103,2020,11,18,6,3,5,3,1,0,1,0,0,0,0,0,793632,7851,5821508,465
144891,11,1,1011401,1100415,2020,10,13,7,3,0,1,0,1,0,0,0,0,0,1,798322,3812,5829356,219
144892,11,1,1011401,1100414,2020,11,9,4,2,2,6,0,0,1,0,0,0,0,0,797399,2825,5829309,59
144893,11,5,5020524,5200528,2020,11,22,1,3,2,6,2,0,1,0,1,0,0,0,783780,574,5826264,881
144894,11,7,7040405,7400927,2020,11,10,5,3,5,3,0,0,0,0,0,0,1,0,799359,9697,5820941,906
144895,11,12,12214422,12200310,2020,10,14,7,3,0,7,0,0,1,0,1,0,0,1,791887,2796,5833517,521
144896,11,11,11041128,11401137,2020,11,15,3,3,5,2,1,1,1,0,0,0,0,0,807104,8187,5825756,325
144897,11,5,5020417,5200420,2020,11,7,6,3,5,3,0,0,1,0,0,0,0,1,782463,589,5828527,119
144898,11,5,5030833,5300840,2020,11,13,4,3,3,6,0,0,1,0,1,0,0,0,788090,5046,5829386,666
144899,11,7,7050501,7501030,2020,11,13,2,3,5,3,0,1,1,0,0,0,0,1,797555,4379,5820289,27
144900,11,8,8020726,8200831,2020,11,0,1,3,1,5,2,0,1,0,0,0,0,0,800574,318,5816156,12
144901,11,1,1022204,1200626,2020,11,13,5,3,0,2,0,1,0,0,1,0,0,0,794999,4754,5828142,247
144902,11,3,3030716,3300517,2020,11,15,3,3,2,2,0,0,1,0,0,0,0,0,802579,8367,5833494,485
144903,11,9,9031101,9301126,2020,11,15,6,2,5,3,0,0,1,0,1,0,0,0,811368,484,5817454,88
144904,11,6,6020410,6200422,2020,10,10,7,3,5,3,0,0,1,0,0,0,0,1,794715,4057,5816703,329
144905,11,12,12304313,12500825,2020,11,10,3,3,0,1,0,0,0,0,1,0,0,0,791392,496,5834302,887
144906,11,3,3030711,3300514,2020,11,10,2,3,2,6,0,0,1,0,0,1,0,1,801975,936,5836387,246
144907,11,4,4010103,4100102,2020,11,7,7,3,1,5,0,0,0,0,0,1,1,1,791468,9001,5829224,41
144908,11,1,1011202,1100206,2020,11,18,5,3,6,6,2,1,0,1,0,0,0,0,797657,476,5828076,985
144909,11,6,6040703,6400737,2020,11,17,2,3,5,2,1,1,1,0,0,0,0,0,787125,1253,5817227,445
144910,11,3,3061227,3601243,2020,11,7,4,3,5,3,0,1,1,0,0,0,0,0,799495,1759,5831784,713
144911,11,2,2020203,2200209,2020,11,10,2,3,2,6,0,0,1,0,0,0,1,1,797107,2092,5824327,455
144912,11,1,1044203,1401049,2020,11,23,7,3,1,5,2,1,1,0,0,0,0,0,796024,868,5831419,676
144913,11,4,4031032,4500937,2020,11,15,5,3,1,5,0,0,1,0,0,0,0,0,791076,4366,5825221,801
144914,11,11,11051332,11501341,2020,11,2,2,3,4,6,2,0,1,0,0,0,0,0,807108,9952,5823644,629
144915,11,1,1011204,1100207,2020,11,18,6,3,2,3,2,1,1,0,0,0,0,0,798610,686,5827019,871
144916,11,10,10020622,10200629,2020,11,11,4,3,6,4,0,0,1,1,0,0,0,0,810852,3849,5828106,99
144917,11,1,1011201,1100205,2020,11,14,1,3,5,2,0,1,1,0,0,0,0,0,797473,2907,5826793,496
144918,11,11,11051331,11501340,2020,11,15,7,3,5,3,0,0,1,0,0,0,0,1,807536,6888,5824817,596
144919,11,5,5020523,5200528,2020,11,15,5,2,0,7,1,1,0,0,0,0,0,1,782688,4077,5826946,325
144920,11,2,2030302,2300316,2020,11,16,3,3,5,2,2,1,0,0,0,0,1,0,800745,5064,5826524,66
144921,11,8,8030831,8301036,2020,11,8,6,3,6,4,0,1,0,1,0,0,0,0,803943,4219,5817486,676
144922,11,4,4051445,4500939,2020,10,10,7,3,5,3,0,0,1,0,0,0,0,1,792510,7645,5824492,997
144923,11,9,9020501,9200510,2020,11,8,3,3,5,3,0,1,1,0,0,0,0,1,806409,5667,5822969,801
144924,11,12,12103117,12100101,2020,11,4,2,3,5,3,2,0,1,0,0,0,0,1,796678,1823,5832735,223
144925,11,1,1022104,1200520,2020,11,11,7,3,5,3,0,1,1,0,0,0,0,1,794265,3822,5829147,225
144926,11,10,10010308,10100311,2020,11,14,5,3,5,2,0,0,1,0,1,0,0,0,807172,6083,5828934,673
144927,11,7,7040405,7400927,2020,11,15,2,3,6,4,1,1,0,1,0,0,0,0,798063,6156,5821156,775
144928,11,4,4061757,4200207,2020,11,0,6,2,0,1,2,1,0,0,0,0,0,1,786611,8475,5825097,286
144929,11,12,12214424,12200309,2020,11,11,3,3,5,3,0,0,1,0,0,0,0,0,793274,4676,5832581,247
144930,11,10,10020517,10200524,2020,11,10,7,3,5,2,0,0,1,0,0,0,1,0,812605,2462,5830312,329
144931,11,7,7040402,7400822,2020,10,10,7,2,6,2,0,0,1,1,0,0,0,1,796149,2477,5820777,585
144932,11,2,2010101,2100101,2020,11,16,4,3,8,1,1,0,1,0,0,0,0,0,797479,7204,5826059,812
144933,11,12,12214527,12200515,2020,11,9,2,3,5,2,0,1,1,0,0,0,0,1,790052,8199,5835750,166
144934,11,5,5020625,5200629,2020,11,15,6,3,0,1,0,0,0,0,0,0,1,0,783613,8008,5828666,658
144935,11,8,8010301,8100312,2020,11,8,3,3,2,6,0,1,1,0,0,0,0,0,800931,2402,5824258,328
144936,11,12,12231101,12400723,2020,10,10,7,3,5,2,0,1,1,0,0,0,0,1,791294,4005,5838938,781
144937,11,12,12302110,12601235,2020,11,12,1,3,5,3,0,0,1,0,0,0,0,0,794913,586,5836312,484
144938,11,9,9052001,9502043,2020,11,13,7,2,6,4,0,1,0,1,0,0,0,0,811079,3141,5821963,111
144939,11,1,2040501,2400520,2020,10,9,7,3,6,4,0,0,1,1,0,0,0,1,800188,838,5828469,922
144940,11,5,5010209,5100211,2020,11,12,5,3,5,3,0,0,1,0,0,0,0,0,783345,443,5829415,46
144941,11,6,6010102,6100102,2020,11,7,3,3,2,7,0,1,1,0,0,0,0,0,793525,6116,5820668,346
144942,11,7,7030301,7300517,2020,11,13,6,3,6,4,0,1,0,1,0,0,0,0,793924,7114,5822863,812
144943,11,1,1011201,1100205,2020,10,11,7,3,0,1,0,0,0,0,1,0,0,1,796977,836,5827282,26
144944,11,2,2020206,2200212,2020,11,9,3,3,1,5,0,1,1,0,0,0,0,0,799975,7446,5824460,819
144945,11,2,2040503,2400522,2020,11,13,7,3,6,4,0,0,1,1,0,0,0,0,801598,222,5828292,55
144946,11,2,2030301,2300314,2020,11,16,5,3,3,6,1,1,0,0,0,0,1,0,799900,6668,5825954,297
144947,11,1,1011401,1100414,2020,11,13,2,3,2,7,0,0,0,0,1,0,1,0,797501,3169,5829393,16
144948,11,4,4031032,4500938,2020,11,18,5,3,2,6,2,0,1,0,1,0,0,0,791619,7488,5824499,243
144949,11,2,2030302,2300316,2020,11,9,3,3,2,6,0,1,0,1,0,0,0,0,801207,378,5825943,315
144950,11,12,12103117,12100101,2020,11,8,7,3,5,3,0,0,1,0,0,0,1,0,796392,89,5833163,647
144951,11,2,2050802,2500833,2020,10,11,7,3,1,5,0,1,1,0,0,0,0,1,802335,4568,5827096,149
144952,11,5,5010209,5100211,2020,11,13,4,2,1,5,0,0,1,0,0,0,1,0,783099,7271,5830182,454
144953,11,1,1011302,1100309,2020,11,2,6,3,9,1,2,0,0,0,0,0,1,0,798067,788,5828466,29
144954,11,7,7060604,7601341,2020,10,12,7,3,5,2,0,0,1,0,0,0,0,1,797607,1847,5815572,6
144955,11,5,5020627,5200632,2020,11,14,3,3,2,2,0,0,1,0,0,0,0,0,785951,65,5828001,87
144956,11,1,1022202,1200624,2020,11,9,6,3,5,2,0,1,1,0,0,0,0,0,795668,9128,5829732,336
144957,11,11,11010103,11100102,2020,10,0,7,2,9,1,2,0,1,0,0,0,0,1,808020,366,5833918,52
144958,11,12,12214527,12200515,2020,11,12,3,3,6,2,0,0,0,1,0,0,1,0,790264,4369,5835036,723
144959,11,10,10040931,10400938,2020,11,13,6,3,5,3,0,0,1,0,0,0,0,0,812996,75,5828485,586
144960,11,6,6020302,6200312,2020,11,16,4,3,5,3,2,0,1,0,0,0,0,0,794441,4131,5818839,247
144961,11,3,3051022,3501038,2020,11,0,1,3,9,1,2,0,1,0,0,0,0,0,802949,6358,5832010,84
144962,11,7,7030303,7300619,2020,11,16,5,2,0,6,1,0,1,0,1,0,0,0,795885,4124,5822963,345
144963,11,5,5010314,5100316,2020,11,22,3,3,5,3,2,1,1,0,0,0,0,0,784114,6908,5829010,29
144964,11,2,2020205,2200211,2020,11,21,6,3,5,2,2,1,1,0,0,0,0,0,798209,7274,5824528,841
144965,11,7,7060601,7601236,2020,10,0,7,3,1,5,2,0,1,0,0,0,0,1,795994,8994,5816304,813
144966,11,1,1033101,1300732,2020,11,9,4,3,2,6,0,0,1,0,0,0,0,0,797326,4786,5832332,342
144967,11,9,9020801,9200818,2020,11,11,1,3,2,2,0,1,1,0,0,0,0,0,810027,5129,5820461,506
144968,11,2,2030302,2300315,2020,11,14,5,3,5,2,0,1,1,0,0,0,0,0,800161,194,5825745,484
144969,11,4,4030930,4501041,2020,10,14,6,3,5,3,0,1,1,0,0,0,0,1,792839,9369,5825507,6
144970,11,12,12301204,12500927,2020,11,15,3,3,5,3,0,0,1,0,0,0,0,0,792781,118,5836391,178
144971,11,1,1022202,1200624,2020,11,7,6,3,5,2,1,1,1,0,0,0,0,1,796306,51,5828921,539
144972,11,2,2040703,2400624,2020,11,7,4,3,5,3,0,1,1,0,0,0,0,0,801911,462,5826830,771
144973,11,7,7030301,7300516,2020,11,19,7,3,0,2,0,1,1,0,0,0,0,0,793968,2994,5821696,291
144974,11,4,4041136,4400728,2020,11,12,5,3,0,2,0,1,1,0,0,0,0,0,790650,9165,5822759,32
144975,11,10,10030725,10300732,2020,11,15,3,3,5,3,0,1,1,0,0,0,0,1,810193,8554,5830016,96
144976,11,5,5020523,5200527,2020,11,8,6,3,1,5,0,0,1,0,0,0,0,0,783141,422,5827768,36
144977,11,9,9020802,9200819,2020,11,14,4,2,5,2,0,1,1,0,0,0,0,0,809754,7756,5820507,73
144978,11,3,3040614,3400725,2020,11,15,5,3,6,4,0,0,1,1,0,0,0,0,799987,568,5835328,223
144979,11,7,7040401,7400720,2020,11,16,3,3,3,1,0,0,1,0,1,0,0,1,797721,1665,5823950,851
144980,11,12,12103218,12100205,2020,11,19,6,2,1,7,2,0,1,0,0,0,0,0,794839,1702,5834544,606
144981,11,2,2050602,2500727,2020,10,16,6,3,2,6,0,1,1,0,0,0,0,1,802398,692,5828296,74
144982,11,9,9010401,9100407,2020,11,7,4,3,8,1,0,0,1,0,0,0,0,0,805928,5374,5819814,377
144983,11,6,6010102,6100102,2020,11,6,2,2,5,2,2,0,1,0,0,0,1,1,793394,875,5820328,327
144984,11,12,12214423,12200308,2020,11,12,7,3,5,3,0,0,1,0,0,0,0,1,792602,106,5833649,477
144985,11,1,1033101,1300732,2020,11,20,5,2,1,5,2,0,1,0,0,0,0,0,797973,721,5832361,7
144986,11,3,3071638,3701659,2020,11,12,2,3,1,5,0,1,1,0,0,0,0,1,800022,997,5829225,611
144987,11,2,2010103,2100104,2020,11,17,2,3,6,4,2,0,1,1,0,0,0,0,799252,2509,5826230,422
144988,11,6,6010209,6100209,2020,11,17,6,3,6,7,2,0,1,1,0,0,0,0,794069,9386,5821470,536
144989,11,1,1011301,1100308,2020,11,10,4,2,0,1,0,1,0,0,0,0,0,0,797569,8286,5828609,327
144990,11,2,2040701,2400623,2020,11,12,2,3,2,6,0,0,1,0,0,0,0,1,800551,5529,5827030,799
144991,11,8,8010404,8100416,2020,11,13,1,3,1,5,0,1,1,0,0,0,0,0,801994,594,5823255,271
144992,11,11,11010204,11100203,2020,11,13,7,3,5,2,0,1,1,0,0,0,0,0,807658,8993,5833601,622
144993,11,7,7030303,7300619,2020,11,9,5,3,2,6,0,0,1,0,0,0,0,0,795334,8954,5822252,492
144994,11,7,7010102,7100103,2020,11,8,3,2,5,2,0,1,1,0,0,0,0,0,795703,6927,5825456,199
144995,11,12,12231101,12400723,2020,11,14,6,3,5,2,0,1,0,0,0,0,1,0,791291,6076,5838942,303
144996,11,9,9051702,9501737,2020,10,9,6,2,5,7,0,0,1,0,0,0,1,1,814208,6927,5821854,65
144997,11,4,4051654,4501150,2020,11,8,3,3,0,6,0,0,1,0,1,0,0,0,793453,864,5823896,26
144998,11,9,9031101,9301126,2020,11,11,7,3,5,2,0,1,1,0,0,0,0,0,811059,3926,5818027,49
144999,11,4,4051447,4501044,2020,11,14,5,2,5,2,0,0,1,0,1,0,0,0,793198,6249,5824564,817
145000,11,2,2030401,2300418,2020,12,17,3,3,6,4,2,1,0,1,0,0,0,0,801220,1432,5825239,391
145001,11,9,9030901,9300920,2020,11,20,6,3,0,7,2,0,1,0,0,0,1,1,807900,2922,5816414,44
145002,11,1,1011303,1100310,2020,11,3,3,3,2,6,2,0,1,0,0,0,0,0,799451,8752,5828827,882
145003,11,1,1011204,1100207,2020,11,9,3,3,0,3,0,1,0,0,0,0,1,0,798716,3268,5827633,228