OBJECTID,LAND,BEZ,LOR,LOR_ab_2021,UJAHR,UMONAT,USTUNDE,UWOCHENTAG,UKATEGORIE,UART,UTYP1,ULICHTVERH,IstRad,IstPKW,IstFuss,IstKrad,IstGkfz,IstSonstige,USTRZUSTAND,LINREFX,LINREFY,XGCSWGS84,YGCSWGS84
145004,11,2,2030401,2300417,2020,11,22,5,3,5,2,2,1,0,0,0,0,1,1,800793,25,5825600,19
145005,11,7,7050503,7501031,2020,11,8,2,3,2,6,0,0,1,0,0,0,0,0,798901,1221,5819457,176
145006,11,11,11030721,11300723,2020,11,10,6,1,5,2,0,1,0,0,0,1,0,0,805214,5375,5828280,242
145007,11,10,10040830,10400837,2020,11,17,4,3,5,3,2,1,1,0,0,0,0,0,810633,4664,5825773,68
145008,11,7,7040402,7400822,2020,11,13,7,3,2,6,0,0,1,0,0,0,1,0,796208,8616,5820740,526
145009,11,11,11010205,11100204,2020,11,16,6,3,5,3,0,1,1,0,0,0,0,0,806479,5095,5833512,201
145010,11,2,2010101,2100101,2020,11,12,3,3,0,1,0,1,0,0,0,0,0,0,797855,8184,5825656,9
145011,11,6,6020301,6200311,2020,11,17,6,3,5,2,2,1,1,0,0,0,0,0,796240,3474,5818599,616
145012,11,3,3010101,3100101,2020,11,17,2,3,5,2,2,0,1,0,0,0,0,0,800544,8979,5841154,919
145013,11,2,2040503,2400522,2020,11,9,6,3,0,5,0,1,1,0,0,0,0,1,801526,8533,5828166,89
145014,11,4,4010101,4100101,2020,11,17,6,3,5,2,2,0,1,0,1,0,0,0,790686,1326,5829201,663
145015,11,8,8010214,8100209,2020,12,13,3,3,1,5,0,1,0,0,0,0,1,0,801329,7421,5822241,278
145016,11,11,11020514,11200513,2020,11,15,6,2,6,4,0,0,1,1,0,0,0,1,804508,1868,5830977,691
145017,11,11,11020411,11200410,2020,11,5,2,2,6,7,2,0,1,1,0,0,0,1,804969,9068,5833018,76
145018,11,10,10010310,10100314,2020,11,11,5,2,6,4,0,0,1,1,0,0,0,1,809190,1372,5830608,984
145019,11,4,4030620,4300619,2020,11,11,1,3,5,3,0,0,1,0,0,0,0,0,792430,2229,5827165,919
145020,11,2,2030402,2300419,2020,11,20,6,3,2,6,2,1,1,0,0,0,0,0,801661,5129,5825888,871
145021,11,3,3040818,3400826,2020,11,13,4,2,5,3,0,0,1,0,0,0,0,0,798732,9356,5832862,3
145022,11,2,2020205,2200211,2020,11,14,6,3,2,7,0,1,1,0,0,0,0,0,798315,5987,5824235,84
145023,11,1,1011305,1100312,2020,12,17,4,3,5,3,2,1,1,0,0,0,0,0,799716,8129,5827369,286
145024,11,4,4041241,4400832,2020,11,14,4,3,6,7,0,0,1,1,0,0,0,0,791361,9675,5822561,483
145025,11,11,11030720,11300721,2020,11,16,7,3,5,3,1,1,1,0,0,0,0,0,804919,8596,5829936,705
145026,11,4,4030726,4500936,2020,11,14,6,2,2,6,0,0,1,0,0,0,0,0,792180,2491,5825320,537
145027,11,5,5020523,5200527,2020,11,13,6,3,3,6,0,0,1,0,0,0,0,0,783325,185,5827652,453
145028,11,2,2010104,2100106,2020,11,18,2,3,5,2,2,1,1,0,0,0,0,0,799071,5607,5825597,855
145029,11,12,12103218,12100205,2020,11,6,6,3,5,2,2,0,1,0,0,0,1,1,794838,9568,5833067,959
145030,11,6,6040810,6400844,2020,11,13,6,3,2,6,0,0,1,0,0,0,0,0,791179,6966,5820057,757
145031,11,1,1033102,1300733,2020,12,10,3,3,2,6,0,0,1,0,1,0,0,0,797164,407,5831923,388
145032,11,4,4020311,4200310,2020,11,12,6,3,1,5,0,0,1,0,0,0,0,0,789114,65,5826271,34
145033,11,1,1011101,1100101,2020,11,8,2,3,0,1,1,1,0,0,0,0,0,0,795297,8858,5826475,136
145034,11,3,3050923,3500934,2020,11,10,5,3,6,4,0,0,1,1,0,0,0,0,800920,9204,5831717,923
145035,11,4,4020312,4200308,2020,11,4,1,3,0,1,2,0,1,0,0,0,1,1,789457,6756,5827429,562
145036,11,5,5030731,5300737,2020,11,11,6,3,2,6,0,0,1,0,0,0,0,0,786992,8391,5829343,31
145037,11,2,2050803,2500835,2020,11,11,4,3,0,1,0,0,0,0,1,0,0,0,802445,8983,5826264,746
145038,11,2,2030302,2300315,2020,11,10,5,3,5,2,0,1,1,0,0,0,0,0,800733,2592,5825793,497
145039,11,3,3061227,3601243,2020,11,15,5,3,0,1,0,1,0,0,0,0,0,1,799908,3915,5831670,147
145040,11,1,1044201,1401045,2020,11,8,2,3,5,3,0,1,0,0,0,0,1,0,796689,4155,5831951,824
145041,11,7,7040403,7400823,2020,11,16,3,3,3,6,1,1,1,0,0,0,0,0,797248,7492,5820826,507
145042,11,5,5040936,5400943,2020,11,14,6,2,6,4,0,0,1,1,0,0,0,0,780757,1133,5820456,709
145043,11,11,11040926,11400929,2020,11,11,2,3,6,4,0,1,0,1,0,0,0,0,804498,605,5826389,248
145044,11,7,7010104,7100205,2020,11,22,5,3,5,2,2,0,1,0,0,0,0,1,796001,5539,5824957,149
145045,11,2,2020203,2200209,2020,11,13,2,3,5,2,0,1,1,0,0,0,0,0,797134,6422,5823996,751
145046,11,1,1011303,1100310,2020,11,12,5,3,5,2,0,0,1,0,0,0,0,1,799243,8952,5828468,681
145047,11,5,5010311,5100313,2020,11,12,2,3,0,5,0,0,1,0,1,0,0,0,785409,8952,5830365,707
145048,11,2,2040703,2500834,2020,11,14,6,2,0,1,0,1,0,0,0,0,0,0,801947,143,5826800,445
145049,11,1,1022206,1200628,2020,11,0,2,3,6,4,2,0,1,1,0,0,0,0,796327,2015,5828540,342
145050,11,2,2020204,2200210,2020,11,8,5,3,0,1,0,1,0,0,0,0,0,1,798285,3749,5825307,432
145051,11,3,3050919,3500932,2020,11,12,2,3,5,3,0,1,1,0,0,0,0,0,801098,424,5832288,577
145052,11,11,11041022,11401032,2020,11,9,4,3,2,6,0,0,1,0,0,0,0,1,806616,1859,5827442,776
145053,11,7,7060601,7601236,2020,11,4,7,3,1,5,2,0,1,0,0,0,1,1,795935,717,5816252,123
145054,11,3,3050923,3500934,2020,11,7,5,3,5,2,0,1,1,0,0,0,0,0,800865,9041,5832081,588
145055,11,9,9020802,9200819,2020,11,16,5,3,2,6,1,0,1,0,0,0,1,0,810509,3244,5820301,385
145056,11,3,3061228,3601245,2020,11,18,5,3,6,7,2,1,0,1,0,0,0,1,800161,8719,5830969,38
145057,11,9,9020702,9200717,2020,11,21,5,3,5,3,2,0,1,0,1,0,0,0,809798,7153,5819180,844
145058,11,1,1011402,1100416,2020,11,10,2,3,1,5,0,0,1,0,1,0,0,1,798694,6354,5829722,286
145059,11,1,2010101,2100101,2020,11,9,3,3,5,3,0,1,1,0,0,0,0,0,797046,361,5826535,42
145060,11,12,12214424,12200309,2020,11,16,6,3,6,4,0,1,0,1,0,0,0,0,792934,6166,5832707,816
145061,11,7,7040404,7400826,2020,11,14,2,2,6,4,0,0,1,1,0,0,0,0,797334,9918,5820481,962
145062,11,1,1033201,1300834,2020,11,21,5,3,6,2,2,0,0,1,0,0,1,1,797707,71,5830690,306
145063,11,2,2040703,2400625,2020,11,20,4,3,5,3,2,0,1,0,0,0,0,0,801467,2309,5827266,432
145064,11,5,5010206,5100208,2020,11,11,7,2,5,3,0,0,1,0,0,0,0,0,782096,2107,5830181,587
145065,11,4,4030417,4300414,2020,11,20,5,3,5,2,2,0,1,0,0,0,0,1,791752,789,5827251,674
145066,11,1,1033102,1300733,2020,11,11,2,3,5,2,0,0,1,0,0,0,0,0,797650,8725,5831854,426
145067,11,11,11030720,11300721,2020,11,18,5,2,4,7,2,0,1,0,0,0,0,0,805410,1826,5830021,9
145068,11,9,9010201,9100202,2020,11,18,5,3,2,6,2,0,1,0,0,0,0,1,803075,206,5824014,201
145069,11,9,9010401,9100407,2020,11,8,4,3,2,6,0,0,1,0,0,0,0,1,806316,164,5820890,753
145070,11,4,4020311,4200310,2020,11,21,7,3,2,6,2,0,1,0,0,0,0,0,789974,5227,5826224,129
145071,11,5,5010206,5100208,2020,11,17,5,3,3,6,2,0,1,0,0,0,0,1,781965,7274,5830604,968
145072,11,4,4031032,4500937,2020,11,8,5,3,2,6,0,1,1,0,0,0,0,0,791919,3699,5825240,586
145073,11,8,8010301,8100311,2020,11,17,5,3,3,6,2,1,0,0,0,1,0,1,800649,693,5824382,732
145074,11,3,3061227,3601244,2020,11,8,5,3,0,1,0,1,0,0,0,0,0,0,800095,6173,5831667,356
145075,11,7,7020202,7200308,2020,12,16,3,3,1,5,2,1,1,0,0,0,0,0,794705,3978,5823894,186
145076,11,10,10010308,10100311,2020,11,17,5,3,5,3,2,0,1,0,0,0,0,1,806696,5858,5829152,69
145077,11,3,3061131,3601142,2020,11,19,2,3,5,2,2,1,1,0,0,0,0,0,799177,295,5831110,598
145078,11,3,3051022,3501038,2020,11,9,3,3,9,1,0,0,1,0,0,0,0,0,802882,366,5832029,453
145079,11,6,6040807,6400841,2020,11,18,5,3,5,3,2,0,0,0,0,0,1,1,789722,7556,5818435,977
145080,11,11,11030720,11300721,2020,11,7,2,2,2,7,0,0,1,0,0,1,0,0,804628,1319,5829928,842
145081,11,1,1022101,1200517,2020,11,7,5,3,5,3,0,0,1,0,0,0,0,0,792944,3719,5828581,874
145082,11,2,3061435,3601452,2020,11,15,4,3,2,6,0,0,1,0,0,0,0,0,801979,825,5829041,685
145083,11,5,5020628,5200633,2020,11,12,7,2,5,2,0,0,1,0,0,0,0,0,784745,3586,5826389,94
145084,11,12,12103219,12100204,2020,11,6,5,3,2,2,2,0,1,0,1,0,0,0,794968,3788,5832716,388
145085,11,7,7040405,7400927,2020,11,17,2,3,5,3,2,0,1,0,0,0,0,0,799071,3691,5821704,569
145086,11,8,8020625,8200730,2020,11,0,5,2,9,1,2,0,1,0,0,0,0,0,801424,4077,5818892,851
145087,11,5,5010339,5100317,2020,11,16,2,3,2,2,1,0,1,0,0,0,0,0,788109,699,5827861,594
145088,11,5,5010313,5100315,2020,11,15,6,3,1,5,0,0,1,0,0,0,0,1,784896,3869,5829527,732
145089,11,3,3040818,3400828,2020,11,17,5,3,6,4,1,0,1,1,0,0,0,1,799764,2773,5832353,427
145090,11,12,12224230,12400618,2020,12,19,3,3,1,5,2,0,1,0,0,0,0,0,787306,6215,5838620,984
145091,11,3,3020307,3200309,2020,11,16,5,3,3,6,2,1,0,0,0,1,0,1,800453,5686,5836206,85
145092,11,5,5030731,5300737,2020,11,16,2,3,5,2,0,1,1,0,0,0,0,0,788038,3619,5829390,392
145093,11,3,3010102,3100102,2020,11,7,5,2,1,1,0,0,1,0,0,0,0,1,804720,8857,5842149,542
145094,11,5,5020626,5200631,2020,11,10,2,3,5,3,0,1,1,0,0,0,0,0,784791,3835,5827280,35
145095,11,1,1033202,1300835,2020,11,9,6,3,6,7,0,0,1,1,0,0,0,0,797213,8957,5830297,136
145096,11,5,5010207,5100209,2020,11,16,5,3,0,2,2,0,1,1,0,0,0,1,783683,6093,5830180,681
145097,11,4,4030929,4501040,2020,12,14,3,3,1,5,0,1,1,0,0,0,0,0,792309,1841,5825488,441
145098,11,5,5010206,5100208,2020,11,16,5,3,0,1,2,1,0,0,0,0,0,1,781543,9514,5830704,18
145099,11,12,12214125,12200412,2020,11,9,2,3,2,6,0,0,1,0,0,0,0,1,790943,702,5833787,587
145100,11,1,1033102,1300733,2020,11,15,5,3,6,4,1,1,0,1,0,0,0,1,797206,9518,5831346,679
145101,11,2,2050801,2500832,2020,11,19,2,3,4,7,2,1,1,0,0,0,0,0,803470,8953,5827004,26
145102,11,5,5010313,5100315,2020,11,15,5,3,5,3,1,0,1,0,1,0,0,0,784658,7268,5829699,514
145103,11,5,5010314,5100316,2020,11,15,4,3,3,6,0,0,1,0,0,0,0,0,784863,9071,5829305,437
145104,11,4,4020208,4200206,2020,11,14,7,3,0,1,0,1,0,0,0,0,0,0,788690,9895,5825899,491
145105,11,7,7070701,7601442,2020,11,14,5,3,5,2,0,0,1,0,0,0,0,0,798884,2174,5816084,706
145106,11,8,8010510,8100521,2020,12,13,4,3,5,3,0,0,1,0,0,0,0,0,802868,745,5822359,587
145107,11,6,6010207,6100207,2020,11,14,5,3,3,6,0,0,1,0,0,0,0,1,793841,6781,5819756,627
145108,11,8,8041036,8401242,2020,11,9,2,3,5,3,0,0,1,0,0,0,0,0,804619,9199,5816128,174
145109,11,9,9020601,9200613,2020,11,7,6,2,6,4,1,0,1,1,0,0,0,1,807029,3967,5821156,253
145110,11,5,5040936,5400943,2020,12,8,3,3,6,4,0,0,1,1,0,0,0,0,780439,8656,5821617,331
145111,11,1,1011305,1100312,2020,11,8,5,3,1,5,0,1,1,0,0,0,0,1,799336,29,5827188,14
145112,11,2,2020204,2200210,2020,11,16,2,3,1,5,1,1,1,0,0,0,0,1,798840,9268,5824897,862
145113,11,8,8041035,8401241,2020,11,15,4,3,6,6,0,0,0,1,0,0,1,0,804293,16,5819251,822
145114,11,1,1033102,1300733,2020,11,16,1,3,0,5,2,0,1,0,1,0,0,0,797256,274,5831697,17
145115,11,1,1011203,1100206,2020,11,9,5,3,6,2,0,0,0,1,0,0,1,0,798305,1177,5827336,165
145116,11,3,3061126,3601141,2020,11,9,1,3,5,3,0,0,1,0,0,0,0,1,798749,8669,5831825,287
145117,11,8,8010214,8100209,2020,11,10,5,3,0,7,0,0,1,1,0,0,0,0,801269,5518,5822240,363
145118,11,5,5030833,5300840,2020,11,12,4,3,5,7,0,0,1,0,0,0,1,1,789407,463,5828673,867
145119,11,1,1011303,1100310,2020,11,12,5,2,0,4,0,1,0,1,0,0,0,0,799668,5666,5828538,103
145120,11,8,8010510,8100521,2020,12,8,4,3,5,3,0,0,1,0,0,0,1,0,803804,3014,5821740,622
145121,11,1,1044103,1400942,2020,11,12,5,3,0,3,0,0,1,0,1,0,0,1,794820,8016,5830297,25
145122,11,6,6030610,6300634,2020,11,9,2,3,6,4,0,1,0,1,0,0,0,0,791973,9474,5819001,599
145123,11,10,10020413,10200418,2020,11,16,6,3,5,3,2,1,1,0,0,0,0,0,811457,513,5831514,957
145124,11,5,5020521,5200524,2020,11,11,2,3,2,6,0,0,1,0,0,0,0,0,780031,7924,5827701,497
145125,11,1,1033202,1300835,2020,11,10,5,3,0,1,0,0,0,0,1,0,0,1,797750,35,5829717,504
145126,11,2,2030402,2300419,2020,11,9,2,3,5,3,0,1,0,0,0,0,0,0,801064,576,5825685,49
145127,11,1,1011402,1100416,2020,11,8,4,2,0,1,0,1,0,0,0,0,0,0,798413,8939,5829421,805
145128,11,8,8010301,8100312,2020,11,12,7,3,0,5,0,1,1,0,0,0,0,0,801197,894,5824083,96
145129,11,1,1011101,1100101,2020,11,13,5,3,0,7,0,1,0,0,0,0,0,0,794854,4344,5826264,373
145130,11,4,4031032,4500938,2020,11,19,4,3,5,2,2,1,1,0,0,0,0,0,792202,2339,5825203,669
145131,11,1,1011103,1100103,2020,11,7,4,3,2,2,1,1,1,0,0,0,0,0,795330,6946,5826165,885
145132,11,2,2030302,2300315,2020,12,17,3,2,7,7,2,0,0,0,1,0,0,0,801018,6769,5825903,796
145133,11,3,3020209,3200205,2020,11,6,4,2,5,2,2,0,1,0,0,0,0,1,797745,6464,5836149,323
145134,11,10,10020413,10200420,2020,11,13,2,3,6,4,0,0,1,1,0,0,0,0,811347,2909,5830421,778
145135,11,4,4020312,4200308,2020,11,15,3,3,5,3,0,0,1,0,0,0,0,0,789790,2675,5827130,764
145136,11,6,6010102,6100102,2020,11,18,6,3,6,4,2,0,1,1,0,0,0,0,793775,2188,5821131,513
145137,11,9,9051901,9501941,2020,11,15,4,3,5,2,0,1,1,0,0,0,0,0,812064,2322,5821298,345
145138,11,1,1011306,1100313,2020,11,11,4,3,5,3,0,1,1,0,0,0,0,0,800491,8381,5826850,49
145139,11,3,3040614,3400721,2020,11,8,2,3,4,6,0,0,1,0,0,0,1,0,798318,6395,5833055,829
145140,11,3,3071536,3701554,2020,11,8,3,3,3,6,0,1,0,0,0,0,0,0,799210,2137,5829290,699
145141,11,2,2020203,2200208,2020,11,20,6,3,5,2,2,1,1,0,0,0,0,0,797837,2824,5824927,789
145142,11,4,4041135,4400729,2020,11,15,2,2,0,7,1,1,0,0,0,0,0,0,790551,7897,5822376,473
145143,11,1,1022206,1200628,2020,11,13,4,3,3,6,0,0,1,0,1,0,0,0,795424,8056,5827510,88
145144,11,4,4030620,4300619,2020,11,12,4,3,2,3,0,1,1,0,0,0,0,0,792004,8915,5827399,99
145145,11,1,1011204,1100207,2020,11,17,7,3,5,3,2,0,1,0,0,0,1,1,797891,3732,5826671,13
145146,11,8,8041035,8401241,2020,11,12,4,3,5,3,0,0,1,0,0,0,0,0,804755,3548,5818461,552
145147,11,1,1044202,1401047,2020,11,10,4,3,6,7,0,0,1,1,0,0,0,0,795569,9379,5830492,815
145148,11,3,3051017,3501038,2020,11,12,4,2,1,5,0,0,1,0,0,0,0,1,803422,552,5832970,476
145149,11,5,5010314,5100317,2020,11,12,4,3,3,6,0,1,1,0,0,0,0,0,785326,9637,5828636,923
145150,11,4,4030415,4300412,2020,11,11,4,3,6,7,0,1,0,1,0,0,0,0,790958,5432,5827409,56
145151,11,9,9030901,9300920,2020,12,15,3,2,6,7,0,0,0,1,0,0,1,0,807556,199,5815381,92
145152,11,12,12214421,12200307,2020,11,11,4,2,4,6,0,0,1,0,0,0,1,1,793372,4733,5833163,436
145153,11,11,11030721,11300722,2020,11,8,2,3,5,2,0,1,1,0,0,0,0,0,803791,3998,5827705,822
145154,11,4,4051653,4501152,2020,11,15,3,3,6,4,0,0,1,1,0,0,0,0,793990,4211,5824298,684
145155,11,8,8020619,8200623,2020,11,16,5,3,5,7,2,0,1,0,0,0,0,1,802798,1186,5820809,883
145156,11,11,11051330,11501339,2020,11,7,2,3,2,6,0,0,1,0,0,0,0,0,807167,5379,5825634,93
145157,11,1,1011102,1100102,2020,11,10,4,3,6,4,0,0,1,1,0,0,0,0,795302,3198,5827364,472
145158,11,2,2020206,2200213,2020,11,10,4,3,5,3,0,1,1,0,0,0,0,0,799510,5895,5824913,598
145159,11,8,8010404,8100417,2020,11,14,4,3,5,2,0,1,1,0,0,0,0,0,802576,2331,5823077,835
145160,11,12,12302211,12601031,2020,11,17,7,3,6,2,2,0,1,1,0,0,0,0,793491,7305,5836487,36
145161,11,4,4020310,4200308,2020,11,19,4,3,5,2,2,0,1,0,1,1,0,0,789170,873,5827540,653
145162,11,10,10010309,10100312,2020,11,6,2,3,2,2,2,0,0,0,1,1,0,0,808037,5838,5829217,143
145163,11,5,5020625,5200629,2020,11,21,4,3,2,6,2,0,1,0,0,0,1,0,784757,132,5828595,815
145164,11,5,5010314,5100316,2020,11,14,3,3,5,2,0,0,1,0,0,0,1,0,785066,496,5829481,125
145165,11,2,2030302,2300315,2020,11,17,4,3,5,2,2,1,1,0,0,0,0,1,800669,3193,5825803,889
145166,11,4,4030417,4300414,2020,11,14,7,3,5,2,0,1,1,0,0,0,0,0,790945,2785,5826751,364
145167,11,1,1011202,1100206,2020,11,22,4,3,5,2,2,1,1,0,0,0,0,0,797204,24,5827496,82
145168,11,3,3061228,3601245,2020,11,6,2,3,5,2,1,1,1,0,0,0,0,1,800560,7142,5831407,8
145169,11,1,1011202,1100206,2020,11,9,4,3,6,4,0,0,0,1,0,0,1,0,797734,673,5827617,343
145170,11,4,4030828,4300624,2020,11,18,4,3,0,1,2,1,0,0,0,0,0,0,793177,268,5826080,611
145171,11,3,3040818,3400830,2020,11,7,2,3,5,3,0,0,1,0,0,0,0,0,799528,1293,5833287,728
145172,11,12,12231101,12400722,2020,11,12,6,3,0,6,0,0,1,0,1,0,0,1,791758,4964,5838046,156
145173,11,9,9030901,9300920,2020,11,8,4,3,0,1,0,0,0,0,1,0,0,1,809115,464,5817345,657
145174,11,12,12231102,12400721,2020,12,13,3,3,5,3,0,1,1,0,0,0,0,0,790577,9353,5840571,307
145175,11,3,3061434,3601451,2020,11,18,4,3,6,7,2,1,0,1,0,0,0,0,801601,3904,5829978,415
145176,11,11,11030720,11300721,2020,11,0,2,3,9,1,2,0,1,0,0,0,0,1,806171,1895,5830165,984
145177,11,5,5030730,5300736,2020,11,12,5,3,2,6,0,0,1,0,0,0,0,1,786652,9019,5829244,3
145178,11,1,1011301,1100308,2020,11,10,2,3,2,6,0,1,1,0,0,0,0,0,796460,2835,5829331,877
145179,11,12,12214421,12200307,2020,11,17,4,3,6,2,2,0,1,1,0,0,0,0,793399,378,5833245,432
145180,11,4,4041342,4400833,2020,11,19,3,3,6,2,2,0,0,1,0,0,1,0,792223,7082,5822606,2
145181,11,12,12214527,12200515,2020,11,13,4,2,6,2,0,0,0,1,0,0,1,0,790105,5345,5835279,215
145182,11,7,7030303,7300619,2020,11,8,4,2,5,3,0,0,1,0,1,0,0,0,795040,5883,5821902,979
145183,11,5,5030730,5300735,2020,12,12,4,2,5,2,0,0,1,0,0,0,0,0,786437,8557,5831100,448
145184,11,5,5040936,5400943,2020,11,7,4,3,5,3,0,0,1,0,0,1,0,0,780059,1136,5819435,643
145185,11,8,8010404,8100415,2020,11,20,1,3,5,3,2,0,1,0,0,0,0,1,801549,8013,5823797,253
145186,11,3,3050923,3500934,2020,11,0,6,2,5,3,2,0,1,0,0,0,0,1,801058,1395,5831434,826
145187,11,3,3040614,3400721,2020,11,7,4,3,5,3,0,1,1,0,0,0,0,1,797589,3776,5833292,353
145188,11,8,8041036,8401242,2020,11,17,1,3,5,3,2,0,1,0,0,0,0,0,805276,475,5817240,694
145189,11,3,3061228,3601245,2020,11,8,6,2,5,3,1,0,1,0,1,0,0,1,800496,7253,5830765,85
145190,11,6,6030504,6300528,2020,11,17,4,3,5,3,2,1,1,0,0,0,0,0,790523,8112,5817554,19
145191,11,5,5030832,5300839,2020,12,13,3,3,5,7,0,1,1,0,0,0,0,0,788869,9414,5830065,644
145192,11,3,3051017,3501037,2020,11,16,4,3,5,2,2,0,1,0,0,0,0,0,802746,871,5832702,472
145193,11,8,8010303,8100314,2020,11,17,1,3,5,2,2,1,1,0,0,0,0,1,800672,6865,5824170,173
145194,11,12,12302107,12601236,2020,11,7,5,2,6,2,2,0,1,1,0,0,0,0,794406,5611,5836249,627
145195,11,4,4030623,4300622,2020,11,22,1,3,2,6,2,0,1,0,0,0,0,0,793527,3956,5826481,516
145196,11,11,11020514,11200513,2020,11,15,4,3,1,5,0,1,1,0,0,0,0,0,804839,3515,5831052,746
145197,11,9,9020701,9200715,2020,11,18,3,3,5,3,2,0,1,0,0,0,0,0,807513,5833,5818335,919
145198,11,1,1011303,1100310,2020,11,12,4,3,1,5,0,0,1,0,0,1,0,0,799015,8277,5828497,485
145199,11,4,4030930,4501041,2020,11,15,4,3,5,3,0,0,1,0,0,0,0,0,793146,1844,5825750,906
145200,11,8,8010510,8100521,2020,11,14,4,3,1,5,0,1,1,0,0,0,0,0,802712,6113,5822559,319
145201,11,7,7020201,7200307,2020,11,20,1,3,1,5,2,0,1,0,0,0,0,1,794928,9269,5824759,882
145202,11,12,12231101,12400722,2020,11,8,3,2,5,3,0,0,1,0,1,0,0,1,790874,8416,5837514,314
145203,11,12,12103219,12100204,2020,11,15,6,3,4,6,0,1,1,0,0,0,0,0,795725,4108,5832398,788
145204,11,8,8010118,8100105,2020,11,10,2,3,3,6,0,1,1,0,0,0,0,0,801077,6546,5821977,93
145205,11,4,4030519,4300518,2020,11,19,3,1,3,6,2,1,1,0,0,0,0,1,792110,8292,5827689,526
145206,11,1,1033101,1300730,2020,11,20,1,3,6,2,2,0,1,1,0,0,0,1,796155,9045,5832265,897
145207,11,8,8010303,8100314,2020,11,8,4,3,2,6,0,0,1,0,0,0,0,1,800349,3491,5824349,727
145208,11,11,11030618,11300618,2020,11,17,7,3,2,6,2,0,1,0,0,0,0,0,802421,806,5828884,684
145209,11,1,1033101,1300730,2020,11,17,3,3,4,6,2,1,0,0,0,0,0,1,796426,9843,5831989,217
145210,11,2,2010102,2100102,2020,11,18,2,3,1,5,2,1,1,0,0,0,0,1,798277,9974,5825703,381
145211,11,5,5010312,5100314,2020,11,13,3,3,6,7,0,0,0,1,0,0,1,0,785292,6784,5830373,795
145212,11,1,1022206,1200628,2020,11,15,1,3,3,6,0,0,1,0,0,0,0,0,796278,8656,5828479,69
145213,11,11,11030720,11300721,2020,11,10,4,3,2,6,0,0,1,0,0,0,0,0,805145,961,5829995,123
145214,11,3,3061228,3601245,2020,11,14,1,3,5,2,0,1,1,0,0,0,0,0,800290,2212,5831597,361
145215,11,6,6030607,6300631,2020,11,17,3,3,2,2,2,0,1,0,0,0,1,1,791487,6068,5816163,414
145216,11,1,1011204,1100207,2020,11,23,3,3,1,1,2,0,1,0,0,0,0,1,798521,6815,5826770,68
145217,11,6,6010102,6100102,2020,11,19,3,3,5,2,2,1,1,0,0,0,0,1,793288,65,5821101,7
145218,11,1,1011304,1100311,2020,11,17,1,3,5,2,2,1,1,0,0,0,0,1,799726,1547,5827767,82
145219,11,2,2020206,2200213,2020,11,14,3,3,0,6,0,0,1,0,0,0,1,0,799911,3051,5824759,796
145220,11,8,8010301,8100311,2020,11,20,6,3,0,3,2,0,0,0,0,0,1,0,800664,6549,5824371,24
145221,11,3,3040508,3400618,2020,11,14,2,3,5,3,0,0,1,0,1,0,0,0,796393,983,5836677,9
145222,11,3,3040818,3400828,2020,11,18,3,3,1,5,2,0,1,0,1,0,0,1,799887,8915,5831981,588
145223,11,6,6040809,6400843,2020,11,17,3,3,2,6,2,0,1,0,0,0,0,0,791681,6595,5819377,534
145224,11,8,8030831,8301037,2020,11,22,4,2,8,1,2,0,1,0,0,0,0,0,804741,2547,5817828,867
145225,11,2,2050802,2500834,2020,11,2,7,2,1,5,2,1,1,0,0,0,0,0,802175,7635,5826881,881
145226,11,6,6020409,6200421,2020,11,18,3,3,2,6,2,0,1,0,0,0,0,1,793349,6787,5817704,925
145227,11,5,5010209,5100211,2020,11,14,3,3,9,1,0,0,1,0,0,0,0,0,782278,2798,5829457,226
145228,11,7,7010102,7100102,2020,11,18,3,3,0,1,2,0,0,0,1,0,0,1,795394,2559,5825512,984
145229,11,8,8020727,8200832,2020,11,16,3,3,0,2,2,0,1,0,1,0,0,1,800175,8683,5817051,339
145230,11,1,1022106,1200522,2020,11,16,3,3,6,2,2,0,1,1,0,0,0,1,794543,3614,5828344,833
145231,11,8,8010302,8100313,2020,12,14,3,2,5,3,0,0,1,0,0,0,0,0,801400,7395,5824764,241
145232,11,4,4041136,4400728,2020,11,16,3,3,6,2,2,0,1,1,0,0,0,1,790649,9924,5823282,877
145233,11,4,4041240,4400831,2020,11,16,3,3,5,3,2,0,1,0,0,0,0,1,791003,764,5821909,96
145234,11,3,3040614,3400721,2020,11,16,3,3,5,2,0,1,1,0,0,0,0,1,798011,2496,5833239,189
145235,11,10,10010309,10100312,2020,11,15,3,3,0,6,0,0,1,0,1,0,0,1,807836,996,5829075,917
145236,11,5,5010312,5100314,2020,12,16,3,3,5,3,2,0,1,0,0,0,0,0,784825,8815,5830254,49
145237,11,8,8030829,8300934,2020,11,14,3,3,5,3,0,0,1,0,0,0,1,1,803571,4527,5818132,962