OBJECTID,LAND,BEZ,LOR,LOR_ab_2021,UJAHR,UMONAT,USTUNDE,UWOCHENTAG,UKATEGORIE,UART,UTYP1,ULICHTVERH,IstRad,IstPKW,IstFuss,IstKrad,IstGkfz,IstSonstige,USTRZUSTAND,LINREFX,LINREFY,XGCSWGS84,YGCSWGS84
145238,11,5,5040936,5400943,2020,11,16,1,2,5,3,2,0,1,0,0,0,0,1,780520,665,5820707,364
145239,11,10,10010310,10100313,2020,11,7,3,3,5,2,0,1,1,0,0,0,0,0,808511,228,5831160,344
145240,11,12,12214125,12200412,2020,11,21,5,3,0,5,2,1,1,0,0,0,0,0,789840,3085,5833535,384
145241,11,12,12231101,12400723,2020,11,7,2,2,5,3,0,1,0,0,1,0,0,0,792114,7896,5838097,585
145242,11,11,11020514,11200513,2020,11,13,3,3,0,1,0,0,0,0,1,0,0,1,804070,1386,5830550,773
145243,11,8,8020625,8200730,2020,11,17,4,3,6,2,2,0,1,1,0,0,0,0,801371,1399,5819264,32
145244,11,2,2020204,2200210,2020,11,0,7,3,0,7,2,0,0,0,0,0,1,0,798300,577,5825394,945
145245,11,6,6010103,6100103,2020,11,13,3,3,0,7,0,0,0,0,1,0,0,1,793511,3565,5821560,517
145246,11,10,10010203,10100205,2020,11,15,1,3,6,7,1,0,1,1,0,0,0,0,807898,209,5831307,596
145247,11,7,7030303,7300619,2020,11,8,3,3,2,6,0,0,1,0,0,0,1,0,795773,3192,5822626,157
145248,11,6,6030608,6300632,2020,11,15,1,3,5,3,0,1,1,0,0,0,0,0,792507,3793,5817731,607
145249,11,7,7070703,7601544,2020,11,16,6,3,5,2,2,0,1,0,0,0,0,0,800025,171,5813275,467
145250,11,9,9051701,9501736,2020,11,12,3,3,5,3,0,1,1,0,0,0,0,1,812213,8786,5821374,257
145251,11,10,10010311,10100316,2020,12,13,3,3,5,3,0,0,1,0,0,0,0,0,810214,7939,5831614,708
145252,11,2,2010103,2100105,2020,11,11,3,3,5,3,0,1,1,0,0,0,0,1,798901,2341,5825747,484
145253,11,3,3061227,3601243,2020,11,13,1,3,5,3,0,0,1,0,0,0,0,1,799827,4904,5831538,495
145254,11,2,2020205,2200211,2020,11,9,5,3,5,3,0,1,1,0,0,0,0,0,798641,3171,5824517,847
145255,11,6,6010103,6100103,2020,11,11,1,3,2,7,0,0,1,0,0,0,0,0,793891,1977,5821384,23
145256,11,10,10040933,10400940,2020,11,10,3,3,0,7,0,0,1,0,0,0,0,0,811900,5368,5825028,871
145257,11,10,10010309,10100312,2020,11,17,3,2,4,6,2,1,1,0,0,0,0,0,808287,8833,5829241,839
145258,11,6,6040807,6400841,2020,11,12,4,3,2,6,0,0,1,0,0,0,0,0,790013,8335,5819151,14
145259,11,7,7040403,7400825,2020,11,23,7,3,5,2,2,0,1,0,0,0,0,0,797813,3469,5820777,77
145260,11,6,6020304,6200314,2020,11,14,5,3,0,5,0,1,0,0,0,0,1,0,794547,751,5817693,709
145261,11,3,3030715,3300516,2020,11,20,2,3,5,3,2,0,1,0,0,0,1,0,800942,4565,5833548,97
145262,11,8,8010405,8100418,2020,11,10,3,3,1,5,0,1,1,0,0,0,0,0,802024,506,5823525,113
145263,11,4,4020313,4200311,2020,11,15,4,3,5,3,0,1,0,0,0,0,1,0,790739,8531,5826718,102
145264,11,1,1011202,1100206,2020,11,15,7,3,0,1,0,1,0,0,0,0,0,0,797154,9588,5827718,13
145265,11,1,1022204,1200626,2020,11,10,3,3,5,2,0,1,0,0,0,0,1,0,794549,3086,5828209,8
145266,11,5,5030731,5300736,2020,11,10,3,3,5,7,0,0,1,0,0,0,0,0,786891,6512,5830101,495
145267,11,8,8020622,8200726,2020,11,20,7,2,0,1,2,0,1,0,1,0,0,0,802361,2131,5819932,588
145268,11,11,11030618,11300617,2020,11,8,6,3,5,2,0,1,1,0,0,0,0,0,803074,5716,5829522,598
145269,11,1,1022101,1200517,2020,11,8,3,3,5,2,0,1,1,0,0,0,0,0,793528,5779,5828175,151
145270,11,9,9052001,9502043,2020,12,16,3,3,2,6,2,0,1,0,0,0,0,0,809204,168,5822897,341
145271,11,12,12103116,12100102,2020,11,8,3,3,5,3,0,1,1,0,0,0,0,0,796595,5051,5833590,238
145272,11,2,2040701,2400623,2020,11,20,7,3,0,6,2,0,1,0,1,0,0,0,800668,8662,5827546,309
145273,11,1,1011306,1100313,2020,11,8,4,3,7,7,0,1,0,0,0,0,0,0,800106,4789,5826882,849
145274,11,5,5020417,5200420,2020,11,18,1,2,5,2,2,0,1,0,1,0,0,0,783571,9804,5827959,98
145275,11,12,12214527,12200515,2020,11,7,3,3,5,2,0,0,1,0,0,0,0,0,789903,4267,5835694,361
145276,11,6,6030501,6300524,2020,11,16,3,3,5,2,1,1,1,0,0,0,0,1,788539,5441,5816879,857
145277,11,5,5010314,5100317,2020,11,7,3,3,5,3,0,0,1,0,1,0,0,1,785111,299,5828547,784
145278,11,12,12301203,12500930,2020,11,16,7,3,5,2,1,1,1,0,0,0,0,0,793930,2742,5835301,5
145279,11,7,7040403,7400823,2020,11,6,3,3,5,3,1,0,0,0,0,1,1,1,797024,187,5820714,99
145280,11,9,9020702,9200716,2020,12,11,4,3,0,3,0,0,1,0,0,0,1,0,809467,5174,5819065,482
145281,11,8,8010303,8100314,2020,11,18,2,3,1,5,2,1,1,0,0,0,0,0,801400,5954,5823861,162
145282,11,12,12214126,12200413,2020,11,14,7,3,1,5,0,1,1,0,0,0,0,0,790718,2228,5834012,478
145283,11,4,4051656,4501151,2020,11,17,6,3,2,6,2,0,1,0,1,0,0,0,793612,6029,5823079,335
145284,11,3,3050923,3500934,2020,11,11,2,2,5,2,0,1,1,0,0,0,0,0,800324,457,5831637,7
145285,11,2,2030302,2300315,2020,11,13,2,3,5,3,0,1,1,0,0,0,0,0,800678,7425,5825793,301
145286,11,5,5010314,5100316,2020,11,13,7,3,0,3,0,0,1,0,0,0,1,0,784033,5978,5829036,769
145287,11,7,7050503,7501031,2020,11,9,4,3,2,6,0,0,1,0,0,0,0,0,799136,3029,5819909,183
145288,11,10,10040828,10400835,2020,11,12,7,3,5,3,0,0,1,0,0,0,0,0,811796,6439,5828955,283
145289,11,4,4030623,4300622,2020,11,10,2,3,1,5,0,1,1,0,0,0,0,1,793377,954,5826610,595
145290,11,1,1044101,1400937,2020,11,12,3,3,2,2,0,0,1,0,0,0,0,0,793673,2764,5832254,13
145291,11,2,2020206,2200212,2020,11,14,2,3,1,5,0,1,0,0,0,0,1,0,799529,28,5824527,611
145292,11,7,7060601,7601236,2020,11,18,2,3,5,3,2,1,0,0,0,0,1,1,797070,4747,5817409,257
145293,11,4,4030929,4501040,2020,11,16,2,3,0,1,2,0,0,0,1,0,0,1,792712,812,5825686,423
145294,11,4,4010103,4100102,2020,11,11,7,3,6,4,0,0,1,1,0,0,0,0,791652,521,5829314,135
145295,11,1,1011201,1100205,2020,11,13,3,3,5,2,0,1,1,0,0,0,0,0,796974,3106,5826707,178
145296,11,2,2020205,2200211,2020,11,18,6,3,0,3,2,0,1,0,1,0,0,0,797812,2485,5824587,861
145297,11,6,6040805,6400839,2020,11,14,2,3,5,3,0,1,1,0,0,0,0,0,788459,1307,5818048,514
145298,11,2,2050801,2500831,2020,11,16,2,3,4,2,1,1,1,0,0,0,0,0,802755,335,5827479,256
145299,11,2,2040701,2400623,2020,11,17,4,3,5,2,2,1,1,0,0,0,0,0,800602,4265,5827107,933
145300,11,10,10020517,10200524,2020,11,7,3,2,5,3,2,1,1,0,0,0,0,0,813275,2877,5830405,167
145301,11,2,2030301,2300417,2020,11,12,6,3,2,6,0,1,1,0,0,0,1,0,799974,996,5825683,732
145302,11,7,7020202,7200308,2020,11,15,2,3,2,6,1,1,1,0,0,0,0,0,794638,4882,5823468,21
145303,11,11,11051229,11501238,2020,11,15,2,3,5,2,0,1,0,0,0,0,1,0,805346,5977,5824619,425
145304,11,5,5010339,5100317,2020,11,8,4,3,5,3,0,1,1,0,0,0,0,0,788000,9017,5827876,631
145305,11,7,7020201,7200307,2020,11,21,7,3,0,3,2,0,1,0,0,0,0,0,794986,894,5823964,885
145306,11,1,1033201,1300834,2020,11,23,2,2,0,1,2,1,0,0,0,0,0,1,798522,26,5830231,44
145307,11,5,5020625,5200629,2020,11,15,2,3,2,6,0,0,1,0,0,0,0,0,784667,3539,5828622,162
145308,11,4,4010102,4100101,2020,11,14,2,3,5,2,0,0,1,0,0,0,1,0,793353,368,5829678,49
145309,11,3,3020307,3200310,2020,11,14,2,3,5,3,0,1,1,0,0,0,0,0,799543,5762,5837777,265
145310,11,7,7040401,7400721,2020,12,16,3,2,1,5,2,1,1,0,0,0,0,0,797430,757,5822909,32
145311,11,12,12304314,12500824,2020,11,12,2,3,5,7,0,0,1,0,0,0,0,1,790732,2628,5835262,907
145312,11,9,9010401,9100407,2020,11,11,7,3,6,2,0,0,1,1,0,0,0,0,805824,833,5819645,49
145313,11,5,5030730,5300736,2020,11,6,3,3,6,2,2,0,1,1,0,0,0,0,785973,4329,5829224,262
145314,11,7,7070703,7601544,2020,11,17,5,3,5,3,2,0,1,0,0,0,0,1,798626,4145,5814455,759
145315,11,3,3010102,3100103,2020,11,7,2,3,5,3,0,1,0,0,0,0,1,0,804398,4259,5841003,461
145316,11,4,7030301,7300515,2020,11,12,2,3,2,6,0,0,1,0,0,0,0,0,793390,3838,5822344,278
145317,11,1,1044103,1400942,2020,11,15,4,3,5,2,0,0,1,0,1,0,0,0,794640,8537,5830517,103
145318,11,12,12214527,12200515,2020,11,12,7,3,2,7,0,0,1,0,0,0,0,0,790119,5393,5834574,741
145319,11,4,4030931,4501042,2020,11,12,2,3,5,2,0,1,1,0,0,0,0,0,794484,3102,5825863,175
145320,11,7,7050501,7501030,2020,11,12,2,3,4,2,0,0,1,0,0,0,1,0,797867,1777,5819755,898
145321,11,5,5010101,5100103,2020,11,17,6,1,6,4,2,0,1,1,0,0,0,0,785540,208,5831872,88
145322,11,1,1011204,1100207,2020,11,13,6,3,5,3,0,0,1,0,0,0,0,0,797887,5537,5826665,887
145323,11,1,1044202,1401046,2020,11,11,2,3,0,2,0,1,1,0,0,0,0,1,794896,2574,5830252,521
145324,11,5,5020524,5200528,2020,11,10,7,2,4,6,0,0,1,0,0,0,0,0,783599,2862,5825701,146
145325,11,3,11030618,11300618,2020,11,11,2,3,2,6,0,0,1,0,0,0,0,0,802335,8431,5829182,785
145326,11,8,8010404,8100416,2020,11,17,6,3,5,3,2,1,1,0,0,0,0,0,801646,2976,5823294,793
145327,11,12,12214527,12200515,2020,11,7,2,3,0,2,0,1,1,0,0,0,0,1,789909,3148,5835708,268
145328,11,8,8010404,8100417,2020,11,7,2,3,6,2,1,0,0,1,0,0,1,1,802354,403,5822748,524
145329,11,4,4030827,4300623,2020,11,18,6,3,2,3,2,0,1,0,0,0,0,0,792208,357,5826489,74
145330,11,11,11040926,11400929,2020,11,12,6,3,5,3,0,0,1,0,0,0,0,0,805380,58,5826727,959
145331,11,12,12301205,12500928,2020,11,7,2,3,2,2,1,0,1,0,0,0,0,1,792461,9445,5837308,24
145332,11,4,4051445,4500939,2020,12,14,3,3,5,2,0,0,1,0,1,0,0,0,791728,9919,5824411,304
145333,11,3,3020209,3200205,2020,11,7,2,2,0,3,2,0,1,0,1,0,0,1,798118,392,5836943,473
145334,11,10,10010102,10100104,2020,11,9,6,2,5,2,0,1,1,0,0,0,0,0,809959,617,5834672,817
145335,11,3,3061131,3601142,2020,11,14,5,3,0,3,0,1,1,0,0,0,0,1,798709,4419,5830318,213
145336,11,2,2030302,2300315,2020,11,18,2,3,5,3,1,1,1,0,0,0,0,0,800798,9208,5825809,963
145337,11,5,5020626,5200631,2020,11,6,2,3,5,3,2,0,1,0,1,0,1,1,785072,9555,5827597,149
145338,11,12,12103219,12100204,2020,11,13,4,2,6,4,0,0,0,1,0,1,0,0,795586,479,5833147,48
145339,11,9,9020802,9200819,2020,11,9,2,3,4,7,0,1,0,0,0,0,0,1,810546,9927,5819985,91
145340,11,1,1044202,1401046,2020,12,17,4,3,6,7,2,0,1,1,0,0,0,0,794819,972,5830138,331
145341,11,12,12302211,12601031,2020,11,9,2,3,5,3,0,0,1,0,0,0,0,0,793793,7191,5836749,828
145342,11,10,10020413,10200418,2020,11,11,6,2,6,2,0,0,1,1,0,0,0,0,811279,4193,5831569,252
145343,11,8,8020727,8200832,2020,11,7,6,3,6,2,2,0,1,1,0,0,0,1,801625,7844,5817412,42
145344,11,12,12224230,12400618,2020,11,6,2,3,0,6,2,1,1,0,0,0,0,1,786237,4201,5838978,131
145345,11,1,1022204,1200626,2020,11,9,2,3,0,1,0,0,0,0,1,0,0,1,794993,7137,5828280,368
145346,11,4,4020311,4200310,2020,11,7,6,3,5,7,1,1,1,0,0,0,0,0,790012,1943,5826400,965
145347,11,1,1011204,1100207,2020,11,8,4,3,5,3,0,0,1,0,0,0,0,0,798015,3299,5826695,794
145348,11,7,7050503,7501031,2020,12,19,3,2,1,5,2,0,1,0,0,0,0,0,798835,1091,5819369,369
145349,11,8,8010301,8100312,2020,11,9,2,3,2,6,0,0,1,0,1,0,0,1,801135,9716,5824127,423
145350,11,4,4030415,4300412,2020,11,9,6,3,5,3,0,1,1,0,0,0,0,1,790673,7924,5827899,213
145351,11,4,4030725,4300416,2020,11,7,5,3,5,3,2,1,1,0,0,0,0,0,791578,8933,5826514,22
145352,11,11,11030721,11300725,2020,11,1,1,3,6,4,2,0,1,1,0,0,0,1,805151,7749,5827523,537
145353,11,1,1011204,1100207,2020,11,8,2,3,1,5,0,1,1,0,0,0,0,1,798553,3231,5826825,67
145354,11,9,9020802,9200819,2020,11,12,4,3,5,2,0,1,1,0,0,0,0,0,809965,2336,5820291,139
145355,11,3,3040508,3400618,2020,11,8,2,3,5,2,0,0,1,0,1,0,0,1,796360,7493,5836602,161
145356,11,5,5020521,5200524,2020,12,18,3,2,2,6,2,0,1,0,0,0,0,0,779556,4673,5827840,2
145357,11,6,6010207,6100207,2020,11,8,2,3,0,1,0,0,0,0,1,0,0,1,793585,1478,5820041,556
145358,11,3,3061126,3601141,2020,11,8,6,3,2,2,0,1,1,0,0,0,0,0,798989,5708,5831775,206
145359,11,1,1044201,1401045,2020,11,16,6,3,0,2,1,0,1,0,0,0,1,0,796669,4532,5831945,147
145360,11,12,12103219,12100204,2020,11,10,2,3,5,2,0,1,1,0,0,0,0,0,795593,6213,5833150,9
145361,11,1,1033102,1300733,2020,11,4,2,3,5,3,2,0,1,0,0,0,0,1,797160,6502,5831876,449
145362,11,12,12103116,12100102,2020,11,8,6,3,1,5,0,0,1,0,0,0,0,0,796140,5859,5833412,85
145363,11,1,1011301,1100308,2020,11,8,4,3,1,5,0,1,1,0,0,0,0,0,797056,1155,5828298,526
145364,11,5,5010101,5100101,2020,11,10,7,3,5,3,0,1,1,0,0,0,0,1,782942,2679,5834314,412
145365,11,1,1011303,1100310,2020,11,6,2,2,0,1,2,0,0,0,0,0,1,1,799587,313,5828476,435
145366,11,2,2050801,2500830,2020,11,9,2,3,0,1,0,1,1,0,0,0,0,1,802333,3509,5827469,91
145367,11,10,10040933,10400941,2020,11,10,2,3,5,3,0,1,1,0,0,0,0,0,812388,4041,5823984,47
145368,11,3,3061131,3601142,2020,11,14,1,3,5,2,0,1,1,0,0,0,0,0,799164,7771,5831007,126
145369,11,1,1011402,1100416,2020,11,10,2,3,0,3,0,1,1,0,0,0,0,1,798678,2677,5829460,13
145370,11,4,4030623,4300622,2020,11,11,2,3,2,6,0,0,1,0,0,1,0,1,793253,59,5826900,807
145371,11,6,6010208,6100208,2020,11,11,2,3,2,6,0,0,1,0,0,0,0,0,794767,8567,5820624,876
145372,11,4,4030828,4300624,2020,11,7,6,3,5,2,0,1,1,0,0,0,0,1,793140,7029,5826081,816
145373,11,3,3040614,3400721,2020,11,13,3,3,5,2,0,1,1,0,0,0,0,0,797786,5495,5832951,454
145374,11,5,5010314,5100316,2020,11,13,6,3,2,6,0,0,1,0,0,0,0,0,785316,7399,5829280,7
145375,11,5,5020417,5200420,2020,11,15,2,3,1,5,0,0,1,0,1,0,0,0,783241,4668,5828821,845
145376,11,4,4030623,4300622,2020,11,11,2,3,3,6,0,0,0,0,1,0,1,0,792877,338,5826978,628
145377,11,1,1011201,1100205,2020,11,12,3,2,6,4,0,1,0,1,0,0,0,0,796957,239,5826782,865
145378,11,4,4051654,4501150,2020,11,8,4,2,5,3,0,1,1,0,0,0,0,0,793455,728,5823833,612
145379,11,9,9030901,9300920,2020,11,13,7,2,1,5,0,0,1,0,0,1,0,0,807886,9462,5816374,636
145380,11,1,1044203,1401049,2020,11,11,2,2,8,1,0,0,1,0,0,0,0,0,796045,6924,5831956,661
145381,11,4,4030620,4300619,2020,11,11,3,3,6,7,0,0,1,1,0,0,0,0,792246,787,5827279,375
145382,11,7,7020203,7200409,2020,11,11,2,3,0,3,0,0,1,0,1,0,0,1,795144,289,5824000,214
145383,11,2,2050802,2500833,2020,11,16,1,3,0,6,0,1,1,0,0,0,0,0,802273,6416,5827112,389
145384,11,11,11040926,11400929,2020,11,14,1,2,6,4,0,0,1,1,0,0,0,0,805002,3509,5826582,932
145385,11,9,9010301,9100305,2020,12,15,3,3,5,2,1,1,1,0,0,0,0,0,804919,2886,5822560,631
145386,11,2,2050802,2500834,2020,11,16,1,3,5,2,1,1,1,0,0,0,0,0,802551,4834,5826716,91
145387,11,11,11030720,11300721,2020,11,1,6,2,4,6,2,0,1,0,0,0,0,0,805185,5815,5829455,897
145388,11,2,2030302,2300316,2020,11,16,5,3,5,3,0,1,1,0,0,0,0,1,800619,5358,5826270,125
145389,11,5,5020628,5200633,2020,11,11,4,2,0,1,0,0,0,0,1,0,0,0,784001,2792,5826851,591
145390,11,11,11030619,11300620,2020,11,6,2,3,0,2,1,1,1,0,0,0,0,0,803849,341,5829048,351
145391,11,3,3040614,3400723,2020,12,10,4,2,0,7,0,0,0,0,1,0,1,1,799240,2671,5833697,865
145392,11,11,11030721,11300722,2020,12,11,7,3,5,3,0,0,1,0,0,0,1,0,803832,4325,5828649,545
145393,11,1,1033102,1300733,2020,12,5,5,3,0,7,2,0,0,0,0,1,0,0,797714,8999,5831846,47
145394,11,1,1022103,1200517,2020,12,18,3,3,2,6,2,0,0,0,1,0,1,0,793453,6888,5829424,588
145395,11,9,9010101,9100101,2020,12,13,1,3,0,1,0,0,0,0,1,0,0,1,801844,688,5825011,472
145396,11,5,5010102,5100103,2020,12,13,3,3,2,6,0,0,1,0,0,0,0,0,785211,5755,5831911,421
145397,11,4,4051447,4501044,2020,12,6,2,3,6,2,2,0,1,1,0,0,0,0,793203,2057,5824546,488
145398,11,6,4061757,4400729,2020,12,16,7,3,2,6,0,0,1,0,0,0,0,0,788498,2395,5821548,483
145399,11,3,3040818,3400827,2020,12,8,7,2,1,5,0,0,1,0,0,0,0,0,799271,43,5832479,202
145400,11,9,9010301,9100304,2020,12,6,7,3,9,1,1,0,1,0,0,0,0,2,804164,8738,5821833,771
145401,11,7,7030301,7300516,2020,12,11,7,3,5,2,0,1,1,0,0,0,0,0,794134,1176,5821850,507
145402,11,11,11020411,11200410,2020,12,19,3,3,1,5,2,0,1,0,0,0,0,0,806053,6106,5832085,12
145403,11,1,1033203,1300836,2020,12,17,5,3,5,2,2,1,1,0,0,0,0,1,796936,277,5830145,192
145404,11,9,9051801,9501838,2020,12,9,6,3,6,4,0,0,1,1,0,0,0,0,818918,672,5820224,353
145405,11,3,3061429,3601449,2020,12,19,3,2,5,3,2,1,0,0,0,0,1,0,801415,2368,5830908,423
145406,11,1,1011101,1100101,2020,12,17,2,3,2,6,2,0,1,0,0,0,0,0,795149,301,5825900,1
145407,11,2,2020204,2200210,2020,12,16,3,3,5,3,2,1,1,0,0,0,0,0,798174,2536,5824851,443
145408,11,6,6020407,6200419,2020,12,10,7,2,5,3,0,1,1,0,0,0,0,0,793559,2202,5815872,203
145409,11,10,10010308,10100311,2020,12,12,4,3,2,6,0,0,1,0,0,0,1,1,806568,6063,5828044,276
145410,11,1,1011301,1100308,2020,12,19,3,3,0,3,2,1,0,0,0,0,1,0,796927,8682,5828127,73
145411,11,4,4041238,4400830,2020,12,15,7,3,5,3,1,0,1,0,1,0,0,1,791661,9799,5823239,649
145412,11,8,8010510,8100521,2020,12,16,2,3,5,2,1,0,1,0,1,0,0,0,803278,8815,5822089,608
145413,11,3,3030715,3300516,2020,12,10,7,3,0,1,0,0,0,0,1,0,0,0,801993,2286,5833529,951
145414,11,2,2020204,2200210,2020,12,9,6,3,5,2,0,1,1,0,0,0,0,1,798490,2884,5825225,182
145415,11,4,4041135,4400729,2020,12,12,7,3,2,6,0,0,1,0,0,0,0,0,789402,1989,5822978,974
145416,11,2,2040701,2400521,2020,12,7,5,3,5,3,1,1,1,0,0,0,0,0,800426,3893,5827977,804
145417,11,6,6030504,6300528,2020,12,9,6,3,5,2,0,1,1,0,0,0,0,1,790738,7156,5817061,529
145418,11,4,4030623,4300622,2020,12,16,7,3,2,6,1,0,1,0,0,0,1,0,793714,3627,5826355,545
145419,11,10,10010310,10100313,2020,12,10,7,2,3,6,0,0,1,0,0,0,0,1,807879,4458,5830821,779
145420,11,4,4030620,4300619,2020,12,14,5,3,6,2,0,0,0,1,0,0,1,0,792752,8524,5827025,317
145421,11,11,11010103,11100102,2020,12,19,5,3,3,6,2,1,0,0,0,0,1,0,807285,97,5834173,783
145422,11,2,2020203,2200209,2020,12,20,3,3,5,2,2,1,0,0,0,0,1,0,797769,8498,5824017,133
145423,11,9,9041301,9401329,2020,12,6,2,3,5,2,1,1,1,0,0,0,0,1,811680,4759,5819984,371
145424,11,3,3051017,3501037,2020,12,15,3,3,5,3,0,1,1,0,0,0,0,0,802304,1932,5833113,476
145425,11,1,1033203,1300836,2020,12,14,7,3,5,3,0,0,1,0,0,0,0,0,796805,6221,5831272,82
145426,11,8,8010211,8100206,2020,12,10,4,3,6,4,0,0,1,1,0,0,0,1,800507,656,5823746,158
145427,11,8,8010510,8100521,2020,12,21,3,3,5,3,2,0,1,0,0,0,1,0,803762,3228,5821792,32
145428,11,4,4031032,4500938,2020,12,9,7,3,0,1,0,1,0,0,0,0,0,1,791841,6038,5824799,334
145429,11,10,10020517,10200524,2020,12,11,2,3,6,4,0,1,0,1,0,0,0,1,812587,6753,5830348,828
145430,11,9,9020802,9200819,2020,12,13,7,3,5,3,0,1,0,0,0,0,0,0,810503,6516,5820302,454
145431,11,8,8010405,8100418,2020,12,19,6,3,5,2,2,1,1,0,0,0,0,0,802117,8523,5823636,846
145432,11,7,7030301,7300517,2020,12,9,7,3,0,1,0,0,0,0,1,0,0,2,793991,3362,5822291,427
145433,11,1,1011401,1100415,2020,12,8,4,3,0,1,1,1,0,0,0,0,0,1,798290,3341,5829368,487
145434,11,6,6020411,6200423,2020,12,11,5,2,5,2,0,1,0,0,0,1,0,0,793381,2312,5816238,302
145435,11,6,6010206,6100206,2020,12,7,2,2,0,5,2,1,1,0,0,0,0,0,794468,1453,5819917,131
145436,11,5,5020627,5200632,2020,12,11,2,3,2,6,0,0,1,0,0,0,0,0,785142,5901,5828329,974
145437,11,12,12302211,12601031,2020,12,12,3,2,6,2,0,0,1,1,0,0,0,0,792927,309,5837087,5
145438,11,11,11010206,11100205,2020,12,6,3,3,0,3,2,0,0,0,1,0,1,1,805825,5046,5833790,85
145439,11,10,10040829,10400836,2020,12,12,7,3,0,1,0,1,0,0,0,0,0,2,811214,5808,5827849,339
145440,11,12,12304314,12500824,2020,12,18,4,3,3,6,2,0,1,0,0,0,0,1,790229,9874,5835876,407
145441,11,10,10010308,10100311,2020,12,12,2,3,2,7,0,0,1,0,0,0,1,0,806359,5599,5830199,483
145442,11,5,5010208,5100210,2020,12,13,7,3,1,5,0,1,1,0,0,0,0,0,783670,5067,5829737,655
145443,11,8,8010303,8100314,2020,12,18,5,3,6,4,2,0,1,1,0,0,0,0,800365,1708,5824327,6
145444,11,11,11051229,11501238,2020,12,17,2,3,5,2,2,1,1,0,0,0,0,0,804096,9728,5825993,993
145445,11,10,10010309,10100312,2020,12,12,2,3,2,2,0,0,1,0,0,0,0,1,807827,1045,5829072,24
145446,11,10,10040830,10400837,2020,12,12,3,2,5,3,0,0,1,0,0,0,0,0,810593,6233,5825520,939
145447,11,4,4030519,4300518,2020,12,12,7,3,5,7,0,0,1,0,1,0,0,0,792536,9958,5828264,179
145448,11,10,10010203,10100205,2020,12,7,4,3,2,6,2,0,1,0,0,0,0,1,807574,7243,5831424,582
145449,11,1,1011304,1100311,2020,12,22,2,3,5,3,2,1,1,0,0,0,0,1,800053,4083,5828096,684
145450,11,3,3020307,3200308,2020,12,18,7,3,0,1,2,1,0,0,0,0,0,0,800189,9488,5836569,31
145451,11,4,5030833,5300840,2020,12,7,2,3,2,6,0,0,1,0,0,0,0,0,790384,9066,5829032,168
145452,11,4,4030930,4501041,2020,12,12,7,3,1,5,0,1,1,0,0,0,0,0,793362,8876,5825685,531
145453,11,6,6040807,6400841,2020,12,14,6,3,1,7,0,0,1,0,0,0,0,0,789738,8858,5818493,97
145454,11,2,2040701,2400623,2020,12,20,6,3,2,6,2,1,0,0,0,0,1,0,800588,4846,5827035,375
145455,11,3,3030715,3300516,2020,12,14,4,3,5,3,0,0,1,0,0,0,0,0,800111,9581,5833871,28
145456,11,11,11020513,11200512,2020,12,10,5,3,5,2,0,0,1,0,0,0,0,0,803105,59,5830493,811
145457,11,11,11051229,11501238,2020,12,15,2,3,2,6,1,0,1,0,0,0,0,1,803732,6545,5826228,611
145458,11,6,6040810,6400844,2020,12,10,2,3,5,3,0,1,1,0,0,0,0,1,791192,493,5820067,468
145459,11,8,8010117,8100102,2020,12,12,3,3,5,2,0,1,1,0,0,0,0,0,800477,5149,5823615,375
145460,11,8,8030830,8300935,2020,12,18,2,3,0,1,2,1,0,0,0,0,0,1,803182,1678,5817604,116
145461,11,6,6020302,6200312,2020,12,15,6,3,5,3,0,0,1,0,0,0,0,0,794426,173,5818456,48
145462,11,8,8020621,8200729,2020,12,10,7,3,0,1,0,1,0,0,0,0,0,2,799827,6151,5818966,827
145463,11,12,12302211,12601031,2020,12,16,1,3,2,6,1,0,1,0,0,0,0,0,793861,3183,5836700,782
145464,11,7,7040405,7400927,2020,12,5,6,3,6,2,1,0,1,1,0,0,0,0,798999,6966,5821690,249
145465,11,3,3040818,3400828,2020,12,14,2,3,5,3,0,1,1,0,0,0,0,1,799809,9676,5832097,331
145466,11,1,1011303,1100310,2020,12,18,5,3,4,2,2,1,1,0,0,0,0,1,799046,5195,5828346,145
145467,11,10,10010308,10100311,2020,12,12,1,3,5,3,0,0,1,0,0,0,0,1,806629,6621,5830238,73
145468,11,2,2030302,2300315,2020,12,22,6,3,6,4,2,0,0,1,0,0,1,0,800926,1416,5825857,649
145469,11,2,2050602,2500728,2020,12,10,5,3,1,5,0,1,1,0,0,0,0,0,802914,5919,5827958,151
145470,11,5,5030730,5300735,2020,12,5,6,2,6,2,2,0,1,1,0,0,0,0,786441,8008,5831105,776