OBJECTID,LAND,BEZ,LOR,LOR_ab_2021,UJAHR,UMONAT,USTUNDE,UWOCHENTAG,UKATEGORIE,UART,UTYP1,ULICHTVERH,IstRad,IstPKW,IstFuss,IstKrad,IstGkfz,IstSonstige,USTRZUSTAND,LINREFX,LINREFY,XGCSWGS84,YGCSWGS84
145471,11,10,10010310,10100315,2020,12,12,4,3,2,6,0,0,1,0,0,0,1,0,809863,6472,5831256,766
145472,11,4,4030623,4300622,2020,12,9,4,3,0,3,0,0,1,0,1,0,0,0,793052,6475,5827334,964
145473,11,9,9030901,9300920,2020,12,22,6,3,5,3,2,1,1,0,0,0,0,0,808079,2043,5816930,249
145474,11,1,1011204,1100207,2020,12,1,5,3,5,3,2,0,1,0,0,0,0,1,798008,7468,5826788,809
145475,11,10,10040933,10400941,2020,12,14,2,3,9,1,0,0,1,0,0,0,0,1,813742,474,5825688,769
145476,11,3,3061332,3601346,2020,12,23,1,3,0,1,2,0,0,0,1,0,0,1,799469,6744,5831030,923
145477,11,2,2030301,2300314,2020,12,11,3,3,5,2,0,1,1,0,0,0,0,0,799912,863,5825985,317
145478,11,4,4030726,4500936,2020,12,20,2,3,1,5,2,1,1,0,0,0,0,0,791726,7549,5825433,959
145479,11,3,3040614,3400725,2020,12,7,6,3,2,2,0,0,1,0,0,0,0,0,800048,1508,5835697,745
145480,11,7,7030302,7300618,2020,12,17,6,2,5,3,2,0,1,0,1,0,0,0,794264,2993,5822005,235
145481,11,2,2020206,2200213,2020,12,20,7,3,1,5,2,1,1,0,0,0,0,0,799971,113,5825356,681
145482,11,1,1044201,1401045,2020,12,16,6,3,0,3,2,0,0,0,0,0,1,0,796667,769,5831956,972
145483,11,12,12304314,12500824,2020,12,7,2,3,2,2,1,0,1,0,0,0,1,0,790493,6094,5835335,22
145484,11,10,10020517,10200524,2020,12,16,5,3,2,6,0,0,1,0,0,0,0,0,812914,8914,5830227,946
145485,11,1,1033101,1300732,2020,12,11,6,3,0,6,0,0,1,0,0,0,1,0,797361,1451,5832415,788
145486,11,3,3071639,3701660,2020,12,7,2,3,5,2,0,1,1,0,0,0,0,1,800902,5054,5829193,263
145487,11,12,12301203,12500926,2020,12,16,2,3,5,2,2,1,1,0,0,0,0,1,793864,4207,5835438,706
145488,11,9,9020702,9200717,2020,12,16,3,3,1,5,2,1,1,0,0,0,0,0,809160,3202,5819527,817
145489,11,12,12103220,12100206,2020,12,12,6,3,0,1,0,0,0,0,1,0,0,1,793570,104,5834019,944
145490,11,1,1022202,1200624,2020,12,11,4,3,5,2,0,1,1,0,0,0,0,1,795668,9128,5829732,336
145491,11,9,9020701,9200715,2020,12,7,2,3,5,3,0,0,1,0,0,0,0,1,808293,568,5818594,64
145492,11,9,9051901,9501939,2020,12,12,7,3,1,5,0,0,1,0,0,0,1,0,811097,686,5821578,333
145493,11,3,3061126,3601141,2020,12,8,6,3,5,2,0,1,1,0,0,0,0,0,799034,1173,5831781,111
145494,11,6,6030610,6300634,2020,12,12,2,3,5,2,0,1,1,0,0,0,0,1,792774,4331,5817967,696
145495,11,7,7060603,7601238,2020,12,15,3,3,2,6,1,0,1,0,0,0,0,1,798387,5589,5815912,727
145496,11,3,3010102,3100102,2020,12,19,3,3,2,2,2,0,1,0,0,0,0,0,804402,198,5841206,865
145497,11,4,4030931,4501042,2020,12,9,6,3,2,2,0,0,1,0,0,0,0,0,793985,584,5826172,401
145498,11,4,4051654,4501150,2020,12,12,4,3,5,2,0,1,1,0,0,0,0,0,793662,519,5823955,197
145499,11,12,12301203,12500926,2020,12,11,2,3,5,7,0,1,1,0,0,0,0,0,793711,6268,5836142,619
145500,11,1,1011305,1100312,2020,12,13,1,3,0,6,0,1,0,0,0,0,0,0,799625,8642,5826984,24
145501,11,3,3050923,3500934,2020,12,17,2,3,5,3,2,0,1,0,0,0,0,0,801101,717,5831525,216
145502,11,7,7010102,7100103,2020,12,9,6,3,1,5,0,1,1,0,0,0,0,0,795980,6512,5825362,249
145503,11,3,3061430,3601450,2020,12,11,6,3,5,2,0,0,1,0,0,0,0,0,801965,3322,5829733,233
145504,11,1,1033203,1300836,2020,12,14,7,3,5,3,0,1,1,0,0,0,0,0,797151,346,5831087,228
145505,11,9,9051901,9501939,2020,12,8,6,2,2,6,0,0,1,0,0,0,1,0,810389,9237,5821280,249
145506,11,4,4041238,4400830,2020,12,13,5,3,1,5,0,1,1,0,0,0,0,0,791315,361,5822611,404
145507,11,2,2020206,2200212,2020,12,4,5,3,9,1,2,0,1,0,0,0,0,0,799061,5539,5824587,47
145508,11,3,3050920,3500933,2020,12,11,2,3,5,3,0,0,1,0,0,0,0,0,802407,4312,5832569,655
145509,11,7,7020202,7200308,2020,12,15,2,2,6,2,0,0,1,1,0,0,0,1,795317,8617,5823421,345
145510,11,4,4030930,4501041,2020,12,14,3,3,5,3,0,1,1,0,0,0,0,0,793125,7418,5825377,38
145511,11,1,1022101,1200517,2020,12,7,6,3,2,2,0,0,1,0,0,0,0,0,793534,4672,5829125,658
145512,11,9,9030903,9300923,2020,12,7,4,3,5,3,0,1,1,0,0,0,0,1,808346,944,5816141,467
145513,11,5,5010339,5100317,2020,12,7,2,3,6,2,2,0,1,1,0,0,0,1,786716,1907,5828213,836
145514,11,8,8010301,8100311,2020,12,20,7,3,1,5,2,1,1,0,0,0,0,0,800821,8873,5824463,426
145515,11,11,11020411,11200410,2020,12,10,2,3,6,7,0,0,1,1,0,0,0,1,804923,5006,5833089,459
145516,11,6,6030609,6300633,2020,12,7,6,3,6,4,0,0,1,1,0,0,0,0,793311,165,5818817,691
145517,11,7,7010101,7100101,2020,12,17,6,2,6,4,2,1,0,1,0,0,0,1,794588,4831,5825231,64
145518,11,3,3040614,3400723,2020,12,7,7,3,6,2,2,0,1,1,0,0,0,1,798602,2526,5833049,925
145519,11,7,7040404,7400826,2020,12,15,2,2,5,3,1,1,1,0,0,0,0,0,797023,7127,5820688,658
145520,11,12,12214422,12200310,2020,12,2,6,3,5,3,2,0,1,0,0,0,1,0,792279,3842,5833938,749
145521,11,8,8020727,8200832,2020,12,7,6,3,5,3,1,0,1,0,1,0,0,1,801379,6329,5817512,74
145522,11,1,1022106,1200522,2020,12,11,7,3,2,2,0,0,1,0,0,0,0,0,794319,657,5828364,228
145523,11,8,8010301,8100312,2020,12,6,4,3,2,1,2,1,1,0,0,0,0,0,801392,4233,5824153,896
145524,11,12,12302211,12601031,2020,12,16,5,3,3,2,2,1,1,0,0,0,0,0,792923,5514,5837077,225
145525,11,8,8010404,8100415,2020,12,10,2,3,1,5,0,1,1,0,0,0,0,1,801581,2799,5823669,151
145526,11,9,9020701,9200715,2020,12,11,2,3,2,6,0,0,1,0,0,1,0,1,807740,1484,5818115,24
145527,11,1,1022204,1200626,2020,12,12,3,3,5,5,0,0,1,0,0,0,0,0,794999,3621,5828141,628
145528,11,1,1011402,1100416,2020,12,15,6,3,0,1,1,1,0,0,0,0,0,1,798385,1966,5829408,824
145529,11,2,2010103,2100104,2020,12,21,4,3,6,4,2,0,0,1,0,0,1,0,799547,1009,5825856,25
145530,11,11,11020515,11200514,2020,12,10,2,3,3,6,0,1,1,0,0,0,0,0,804935,85,5830510,357
145531,11,12,12302107,12601236,2020,12,15,7,2,5,3,0,0,1,0,0,0,0,1,794340,6599,5835713,369
145532,11,8,8010407,8100418,2020,12,22,1,2,0,1,2,1,0,0,0,0,0,1,802516,3301,5823715,913
145533,11,10,10040932,10400939,2020,12,15,6,3,6,7,0,0,1,1,0,0,0,0,813122,94,5827855,99
145534,11,2,2050802,2500834,2020,12,16,5,3,6,2,2,0,1,1,0,0,0,0,802020,5341,5826917,375
145535,11,7,7060601,7601236,2020,12,15,6,2,5,2,1,0,1,0,0,0,0,0,797200,1723,5817146,638
145536,11,4,4041239,4400830,2020,12,13,4,3,2,7,0,1,1,0,0,0,0,1,791981,1795,5823186,44
145537,11,8,8020728,8200833,2020,12,14,6,3,5,2,0,1,1,0,0,0,0,0,801974,6198,5817595,356
145538,11,6,6010205,6100205,2020,12,7,5,2,2,6,1,0,1,0,1,0,0,1,796026,272,5819879,378
145539,11,7,7030303,7300619,2020,12,10,2,2,5,3,0,0,1,0,0,1,0,1,795243,959,5822264,937
145540,11,4,4030417,4300414,2020,12,19,1,3,5,3,2,1,1,0,0,0,0,1,791546,4074,5826647,12
145541,11,12,12214125,12200412,2020,12,10,3,3,2,6,0,0,1,0,0,0,0,0,791086,2317,5833913,712
145542,11,9,9041301,9401329,2020,12,21,4,2,8,1,2,0,1,0,0,0,0,1,816392,8745,5817597,468
145543,11,4,4041238,4400830,2020,12,8,5,3,5,3,0,1,1,0,0,0,0,0,790858,7237,5822868,778
145544,11,8,8010404,8100415,2020,12,9,2,3,2,7,0,0,1,0,1,0,0,0,801584,5076,5823576,559
145545,11,1,1033101,1300732,2020,12,19,2,3,5,3,2,1,1,0,0,0,0,0,797630,7917,5832828,469
145546,11,6,6030609,6300633,2020,12,15,3,3,5,3,1,1,0,0,0,0,0,0,792938,4195,5818918,669
145547,11,2,2030302,2300315,2020,12,1,3,2,0,1,2,0,0,0,0,0,1,1,800920,8041,5825964,727
145548,11,3,3061228,3601245,2020,12,14,6,3,5,2,0,1,1,0,0,0,0,0,800610,1021,5831414,561
145549,11,1,1022206,1200628,2020,12,17,4,3,6,4,1,1,0,1,0,0,0,1,795984,8706,5828354,936
145550,11,12,12301206,12500929,2020,12,12,7,2,1,1,0,0,0,0,1,0,1,0,794541,9672,5838546,288
145551,11,1,1044203,1401048,2020,12,19,1,3,2,6,2,0,1,0,0,0,1,0,795290,3403,5831408,87
145552,11,5,5020417,5200420,2020,12,12,6,3,5,2,0,0,1,0,0,0,0,0,781961,321,5828509,545
145553,11,1,1044202,1401046,2020,12,9,5,3,5,2,0,1,1,0,0,0,0,0,794627,9474,5829879,46
145554,11,2,2030401,2300418,2020,12,15,4,3,2,7,0,1,1,0,0,0,1,1,801181,1811,5825164,658
145555,11,7,7030301,7300517,2020,12,14,6,3,6,4,0,0,0,1,0,0,1,0,794146,609,5822113,62
145556,11,10,10030724,10300731,2020,12,17,3,2,5,3,2,0,1,0,1,0,0,1,808803,4374,5828976,88
145557,11,1,1044201,1401045,2020,12,12,6,3,2,6,0,0,1,0,0,0,0,0,796697,6855,5831916,881
145558,11,6,6040806,6400840,2020,12,15,5,3,0,1,1,1,0,0,0,0,0,0,788634,6553,5819426,65
145559,11,8,8010510,8100521,2020,12,9,2,3,6,7,0,0,0,1,0,0,1,0,803564,1907,5821953,555
145560,11,1,1033102,1300733,2020,12,17,1,3,6,2,2,0,1,1,0,0,0,0,797354,8265,5831189,495
145561,11,4,4051447,4501044,2020,12,6,3,3,2,6,2,0,1,0,0,0,0,1,793050,4222,5824469,882
145562,11,4,4051446,4501043,2020,12,18,2,3,2,6,2,0,1,0,0,0,0,0,792504,868,5824731,509
145563,11,6,6020409,6200421,2020,12,21,6,2,0,1,2,0,0,0,1,0,0,0,793105,3706,5817665,951
145564,11,10,10010102,10100103,2020,12,16,6,3,5,3,2,0,1,0,0,0,0,0,809611,6488,5834130,584
145565,11,12,12214527,12200515,2020,12,14,4,3,6,2,0,0,1,1,0,0,0,1,790213,401,5835129,57
145566,11,1,1011305,1100312,2020,12,16,7,3,1,6,2,0,1,0,0,0,0,0,799449,3848,5826753,995
145567,11,2,2010102,2100102,2020,12,20,6,3,6,2,2,0,1,1,0,0,0,0,798440,8211,5826526,262
145568,11,10,10010310,10100315,2020,12,10,2,3,2,6,0,0,1,0,0,0,0,1,809801,2244,5831553,518
145569,11,9,9020701,9200715,2020,12,19,6,3,5,2,2,0,1,0,0,0,0,0,807713,5962,5818113,616
145570,11,6,6030503,6300526,2020,12,8,7,3,5,2,0,1,1,0,0,0,0,2,789572,141,5817322,544
145571,11,11,11040926,11400929,2020,12,14,4,3,1,7,0,0,1,1,0,0,0,1,805359,4084,5827204,371
145572,11,4,4031032,4500937,2020,12,13,7,3,5,3,0,0,1,0,0,0,0,0,790961,1479,5824830,95
145573,11,5,5030730,5300736,2020,12,19,6,3,2,6,2,0,1,0,0,0,0,0,786767,5777,5829294,743
145574,11,3,3061228,3601245,2020,12,8,2,3,3,6,1,1,1,0,0,0,0,1,800742,8633,5831270,759
145575,11,5,5010311,5100313,2020,12,17,5,3,2,6,2,0,1,0,1,0,0,1,785283,4094,5830868,27
145576,11,1,1011305,1100312,2020,12,9,6,3,0,1,0,1,0,0,0,0,0,0,799088,996,5827106,51
145577,11,1,1022206,1200628,2020,12,8,2,3,5,3,0,1,1,0,0,0,0,1,795930,2484,5828131,792
145578,11,6,6020302,6200312,2020,12,17,2,3,2,2,2,0,1,0,0,0,0,1,794095,528,5818809,479
145579,11,7,7070706,7601547,2020,12,17,3,2,5,2,2,1,0,0,0,1,0,0,800037,685,5813263,96
145580,11,4,4051448,4501045,2020,12,19,6,3,6,2,2,0,1,1,0,0,0,0,794214,854,5825277,264
145581,11,1,1011401,1100415,2020,12,14,4,3,4,6,0,0,1,0,1,0,0,1,798224,5718,5829358,311
145582,11,1,1044201,1401043,2020,12,19,2,3,5,7,2,0,1,0,0,0,1,0,795776,1172,5830778,642
145583,11,9,9031001,9301024,2020,12,15,7,3,5,3,0,0,1,0,0,0,0,0,810134,618,5815881,941
145584,11,11,11030618,11300618,2020,12,13,2,2,1,1,0,0,1,1,0,0,1,0,802894,301,5828955,908
145585,11,2,2050801,2500830,2020,12,19,6,3,1,5,2,1,1,0,0,0,0,0,802266,573,5827501,856
145586,11,4,4030518,4300517,2020,12,10,6,3,0,3,0,0,1,0,0,0,1,1,791614,3729,5827996,369
145587,11,9,9051702,9501737,2020,12,7,4,3,6,4,2,0,1,1,0,0,0,1,813740,792,5821734,596
145588,11,4,4030415,4300412,2020,12,13,7,3,6,4,0,0,1,1,0,0,0,0,791445,81,5827484,152
145589,11,8,8010404,8100415,2020,12,13,5,3,5,2,0,1,1,0,0,0,0,0,801232,6592,5823674,336
145590,11,11,11030720,11300721,2020,12,21,5,2,5,3,2,0,1,0,0,0,0,0,806110,5031,5830157,852
145591,11,3,3061126,3601141,2020,12,18,2,3,2,6,2,0,1,0,0,0,0,0,798764,73,5831820,11
145592,11,10,10010310,10100315,2020,12,13,2,3,2,6,0,0,1,0,0,0,1,0,809902,889,5831607,744
145593,11,5,5010102,5100102,2020,12,13,3,3,1,5,0,1,0,0,0,0,1,0,784871,4172,5832006,585
145594,11,6,6030503,6300526,2020,12,14,5,3,5,2,0,0,1,0,0,0,0,0,788909,923,5817930,331
145595,11,2,2010103,2100104,2020,12,12,6,3,5,7,0,0,1,0,0,0,0,0,798917,7905,5826114,981
145596,11,1,1044201,1401045,2020,12,17,2,3,3,6,2,0,1,0,0,0,0,1,797094,9703,5831923,772
145597,11,8,8010118,8100105,2020,12,16,2,3,5,3,2,0,1,0,0,0,0,1,801045,1714,5822087,753
145598,11,12,12302109,12601133,2020,12,15,3,2,6,7,1,0,1,1,0,0,0,0,794954,9825,5836523,38
145599,11,7,7040403,7400823,2020,12,18,6,3,2,6,2,0,1,0,0,0,0,0,797026,7113,5822196,703
145600,11,1,1044202,1401046,2020,12,11,4,3,2,6,0,0,1,0,0,0,0,1,794921,8411,5830258,535
145601,11,1,1044103,1400942,2020,12,17,2,3,0,2,2,0,0,1,0,0,1,0,795519,6427,5830761,814
145602,11,1,1022101,1200517,2020,12,11,7,3,2,6,0,0,1,0,0,0,0,1,792786,173,5828847,474
145603,11,12,12304313,12500825,2020,12,11,2,3,5,2,0,1,1,0,0,0,0,0,791492,8815,5834327,328
145604,11,4,4020310,4200308,2020,12,9,5,3,9,7,0,0,1,0,0,0,0,0,790536,3662,5827349,463
145605,11,7,7070701,7601442,2020,12,21,6,3,2,2,2,0,1,0,0,0,0,0,799753,3221,5814504,15
145606,11,4,4030930,4501041,2020,12,18,3,2,6,4,2,0,0,1,0,0,1,0,793189,3603,5825612,178
145607,11,9,9010202,9100203,2020,12,10,7,3,5,2,0,1,1,0,0,0,0,1,803786,9804,5823280,15
145608,11,7,7050504,7501032,2020,12,8,4,3,5,3,0,0,1,0,0,0,0,0,799718,252,5819656,283
145609,11,5,5010101,5100104,2020,12,14,5,3,5,3,0,1,1,0,0,0,0,1,785202,1999,5831175,805
145610,11,2,2050801,2500830,2020,12,17,2,3,0,3,2,1,0,0,0,0,0,1,802395,763,5827439,37
145611,11,5,5040936,5400943,2020,12,11,2,3,5,3,0,1,1,0,0,0,0,1,779934,8827,5821661,565
145612,11,8,8010301,8100311,2020,12,16,3,3,3,6,1,1,1,0,0,0,0,0,800644,2133,5824401,182
145613,11,12,12304313,12500930,2020,12,7,3,3,5,2,0,0,1,0,0,1,0,0,792353,1181,5834071,103
145614,11,4,4030726,4500936,2020,12,18,5,3,0,7,2,0,0,0,1,0,1,0,792305,2179,5825383,575
145615,11,7,7020201,7200307,2020,12,19,4,3,5,3,2,0,1,0,0,0,0,1,794525,2929,5824640,818
145616,11,1,1011303,1100310,2020,12,14,2,3,5,2,0,0,1,0,0,0,0,1,799479,819,5828830,293
145617,11,2,2020204,2200210,2020,12,13,7,2,6,2,0,0,1,1,0,0,0,0,798418,646,5824779,116
145618,11,7,7070703,7601544,2020,12,13,1,3,6,7,0,0,1,1,0,0,0,1,799505,1389,5813169,293
145619,11,5,5010208,5100210,2020,12,16,5,3,2,6,2,0,1,0,0,0,0,0,784102,1326,5830063,972
145620,11,2,2010102,2100102,2020,12,17,5,3,1,5,2,1,1,0,0,0,0,1,797930,9439,5826403,24
145621,11,1,1044201,1401045,2020,12,10,5,3,6,7,0,1,0,0,0,0,1,0,796599,2162,5831923,893
145622,11,9,9020701,9200715,2020,12,7,4,3,6,2,2,0,0,1,0,0,1,1,808460,6802,5819064,651
145623,11,4,4030931,4501042,2020,12,22,1,3,2,6,2,0,1,0,1,0,0,1,794365,563,5825923,458
145624,11,7,7060601,7601236,2020,12,18,7,3,1,1,2,0,1,0,0,0,1,1,796140,4332,5816154,209
145625,11,12,12214424,12200411,2020,12,14,2,3,0,6,0,0,1,0,0,0,1,0,793175,2249,5832313,347
145626,11,2,2040703,2400625,2020,12,22,5,2,0,7,2,1,0,0,0,0,0,0,801750,2213,5826253,13
145627,11,7,7050506,7501135,2020,12,14,6,3,3,7,0,0,1,0,0,0,1,1,799045,4249,5816806,584
145628,11,6,6030608,6300632,2020,12,11,6,3,2,6,0,0,1,0,0,1,0,0,791048,3716,5817783,905
145629,11,8,8010301,8100312,2020,12,18,4,3,1,5,2,1,1,0,0,0,0,0,801418,2089,5823907,98
145630,11,1,1011303,1100310,2020,12,19,5,3,0,3,2,0,1,0,1,0,0,0,799484,657,5828789,65
145631,11,11,11030824,11300826,2020,12,21,1,3,5,3,2,0,1,0,0,0,0,1,804081,1069,5826834,909
145632,11,12,12301206,12500929,2020,12,10,2,3,1,5,0,1,1,0,0,0,0,1,794312,7101,5838368,403
145633,11,1,1011301,1100308,2020,12,6,3,3,5,3,2,1,1,0,0,0,0,1,797630,1443,5828308,92
145634,11,1,1011302,1100309,2020,12,13,2,3,5,3,0,1,0,0,0,0,1,0,798484,3209,5828745,495
145635,11,9,9020502,9200512,2020,12,22,5,3,0,1,2,0,0,0,1,0,0,0,808603,568,5821642,423
145636,11,2,2050803,2500835,2020,12,12,7,3,2,6,0,0,1,0,0,0,0,0,802595,1342,5826145,9
145637,11,6,6010208,6100208,2020,12,18,3,3,2,6,2,0,1,0,0,0,0,0,794260,5086,5820290,572
145638,11,7,7040405,7400927,2020,12,15,1,3,5,2,1,0,1,0,0,0,0,0,799129,2279,5821712,416
145639,11,2,2010104,2100106,2020,12,21,5,3,5,3,2,0,1,0,0,0,0,0,798581,5814,5825563,493
145640,11,5,5020419,5200423,2020,12,18,5,3,6,4,2,0,0,1,0,0,1,1,781764,456,5828315,17
145641,11,3,3061228,3601245,2020,12,15,3,3,5,3,0,0,1,0,1,0,0,0,800403,9773,5831533,36
145642,11,9,9010402,9100409,2020,12,12,6,3,5,3,0,0,1,0,0,0,1,0,805707,206,5818798,895
145643,11,11,11041022,11401032,2020,12,21,3,3,1,7,2,0,1,0,0,0,0,1,805555,1398,5827532,632
145644,11,8,8041035,8401241,2020,12,19,5,2,5,2,2,0,1,0,1,0,0,0,803851,695,5818878,728
145645,11,11,11040926,11400929,2020,12,15,6,3,5,7,2,1,1,0,0,0,0,0,805176,6047,5827185,744
145646,11,7,7050505,7501134,2020,12,10,4,3,0,1,0,1,0,0,0,0,0,1,798294,8533,5818963,953
145647,11,5,5010209,5100211,2020,12,13,4,3,5,3,0,1,1,0,0,0,0,0,783232,6591,5830278,517
145648,11,4,4030622,4300621,2020,12,9,5,3,0,1,0,0,1,0,1,0,0,0,791858,395,5827240,195
145649,11,3,3040513,3400620,2020,12,5,5,2,5,2,2,0,1,0,1,0,0,0,796758,765,5834005,184
145650,11,8,8030831,8301037,2020,12,14,1,3,5,3,0,0,1,0,0,0,0,0,804640,8902,5817828,494
145651,11,11,11040926,11400929,2020,12,4,1,3,1,5,2,0,1,0,0,0,1,1,805537,2047,5827099,314
145652,11,9,9010401,9100407,2020,12,16,3,3,5,2,2,1,1,0,0,0,0,0,805506,928,5821509,932
145653,11,3,3050924,3500935,2020,12,5,2,3,5,3,2,0,1,0,0,0,1,1,801492,8801,5831342,132
145654,11,8,8010404,8100417,2020,12,19,5,3,1,5,2,1,1,0,0,0,0,0,801702,4767,5822657,468
145655,11,8,8010214,8100209,2020,12,2,7,3,1,5,2,0,1,0,0,0,1,1,801558,4986,5822300,362
145656,11,1,1011102,1100102,2020,12,20,7,3,5,2,2,1,1,0,0,0,0,0,795194,321,5827245,996
145657,11,4,4030930,4501041,2020,12,18,5,3,5,3,2,0,1,0,0,0,0,0,792843,7185,5825520,125
145658,11,12,12231102,12400720,2020,12,16,1,3,1,5,1,0,1,0,0,0,0,0,790115,9334,5839467,826
145659,11,1,1011301,1100308,2020,12,16,5,2,6,4,1,0,1,1,0,0,0,1,797312,3394,5829015,409
145660,11,3,3061126,3601140,2020,12,10,6,3,6,2,0,0,1,1,0,0,0,0,798529,7392,5831475,736
145661,11,7,7040403,7400823,2020,12,15,1,3,6,2,0,0,1,1,0,0,0,0,797362,1964,5821915,736
145662,11,1,1033102,1300733,2020,12,17,2,3,1,5,2,0,1,0,0,0,1,1,797750,308,5831839,839
145663,11,12,12231101,12400723,2020,12,16,3,3,0,5,2,0,1,0,0,0,1,0,792074,7353,5839016,551
145664,11,6,6010205,6100205,2020,12,17,5,2,6,4,2,0,1,1,0,0,0,0,795091,6765,5819664,808
145665,11,11,2050801,2500832,2020,12,12,4,3,2,6,0,0,1,0,0,0,0,1,803402,7453,5826641,762
145666,11,4,4030931,4501042,2020,12,14,1,3,0,6,0,0,1,0,0,0,1,0,794409,8794,5826087,972
145667,11,10,10010101,10100101,2020,12,9,7,3,0,1,0,0,0,0,1,0,0,2,808524,6134,5834000,852
145668,11,7,7030303,7300619,2020,12,12,2,3,5,2,0,1,0,0,0,0,1,1,795386,8151,5820977,945
145669,11,5,5010101,5100103,2020,12,16,5,3,5,3,1,1,1,0,0,0,0,0,785294,743,5832415,933
145670,11,11,11020516,11200515,2020,12,8,6,3,2,6,0,0,1,0,0,0,1,1,805921,491,5830512,2
145671,11,7,7020202,7200308,2020,12,14,3,3,2,6,0,0,1,0,0,0,0,0,795009,8287,5823508,933
145672,11,10,10020622,10200629,2020,12,16,5,3,6,2,0,0,1,1,0,0,0,0,811210,7276,5828849,918
145673,11,10,10010102,10100102,2020,12,14,1,3,2,6,0,0,1,0,0,0,0,0,809497,2414,5834652,693
145674,11,2,2020204,2200210,2020,12,13,1,3,6,7,0,0,0,1,0,0,1,0,798439,8168,5825262,953
145675,11,2,2030302,2300316,2020,12,13,2,3,5,3,0,0,1,0,1,0,0,0,800626,475,5826265,999
145676,11,2,2020205,2200211,2020,12,15,5,2,1,5,1,1,1,0,0,0,0,0,798071,7617,5824552,629
145677,11,2,2040703,2400625,2020,12,12,6,2,3,6,0,1,0,0,0,0,1,1,801326,5598,5827374,63
145678,11,4,4030930,4501041,2020,12,15,7,3,6,7,1,0,0,1,0,0,1,0,793146,8194,5825598,713
145679,11,3,3040818,3400829,2020,12,14,5,3,2,6,0,1,1,0,0,0,0,0,799288,7309,5832571,483
145680,11,5,5010206,5100208,2020,12,14,5,3,6,7,0,0,0,1,0,0,1,0,782338,5308,5830416,969
145681,11,9,9020502,9200511,2020,12,15,5,3,6,4,0,0,1,1,0,0,0,0,807243,7183,5822147,265
145682,11,12,12214527,12200515,2020,12,12,1,3,5,3,0,0,1,0,0,0,0,1,790051,9954,5835749,776
145683,11,6,6030503,6300527,2020,12,15,2,3,2,6,1,0,1,0,0,0,0,1,789927,314,5817671,625
145684,11,4,4051448,4501045,2020,12,14,3,3,5,2,1,1,1,0,0,0,0,0,793474,2492,5824849,149
145685,11,4,4030623,4300622,2020,12,14,5,3,6,4,0,0,1,1,0,0,0,0,793759,823,5826063,927
145686,11,2,2020203,2200209,2020,12,10,4,3,0,1,0,1,0,0,0,0,0,1,796908,912,5824306,218
145687,11,11,11020515,11200514,2020,12,12,1,3,5,2,0,1,0,0,0,0,1,0,803330,6599,5830082,101
145688,11,1,1044201,1401045,2020,12,10,7,3,5,2,0,0,1,0,0,0,0,1,796475,1232,5831930,609
145689,11,9,9020701,9200715,2020,12,15,2,3,5,2,1,1,1,0,0,0,0,0,809324,3752,5818521,814
145690,11,12,12231101,12400722,2020,12,13,5,3,6,7,0,0,1,1,0,0,0,0,791460,1886,5838453,151
145691,11,6,6020410,6200422,2020,12,18,6,3,3,6,2,0,1,0,0,0,0,0,794067,9144,5817441,869
145692,11,7,7050501,7501030,2020,12,8,7,3,0,1,0,0,0,0,1,0,0,2,797609,2762,5819584,985
145693,11,6,6020306,6200317,2020,12,7,4,3,5,3,1,0,1,0,0,0,0,1,795903,8113,5816492,265
145694,11,12,12301204,12500927,2020,12,10,5,3,5,3,0,1,0,0,0,0,1,0,792989,6972,5835646,741
145695,11,5,5010101,5100103,2020,12,9,1,2,6,2,0,0,1,1,0,0,0,0,785260,6135,5832257,138
145696,11,11,11051330,11501339,2020,12,11,2,3,2,6,0,0,1,0,0,0,0,1,807220,9942,5825554,47
145697,11,3,3040512,3400619,2020,12,12,7,3,2,7,0,0,1,0,0,0,0,0,796323,8603,5834878,491
145698,11,2,2010102,2100102,2020,12,11,4,3,5,7,0,0,1,0,0,0,0,0,798237,3231,5826153,76
145699,11,4,4030724,4300415,2020,12,17,5,3,0,7,2,1,1,0,0,0,0,0,790677,462,5825976,313
145700,11,12,12304314,12500824,2020,12,9,1,3,5,3,0,0,1,0,0,0,0,1,791248,2701,5836413,791
145701,11,8,8010404,8100415,2020,12,11,2,2,6,2,0,0,1,1,0,0,0,0,801391,5259,5823751,39
145702,11,12,12103219,12100204,2020,12,12,3,3,6,4,0,0,1,1,0,0,0,1,795646,1849,5832515,527
145703,11,1,1033201,1300834,2020,12,12,5,3,5,2,0,1,1,0,0,0,0,0,797702,3072,5830685,507