OBJECTID,LAND,BEZ,LOR,LOR_ab_2021,UJAHR,UMONAT,USTUNDE,UWOCHENTAG,UKATEGORIE,UART,UTYP1,ULICHTVERH,IstRad,IstPKW,IstFuss,IstKrad,IstGkfz,IstSonstige,USTRZUSTAND,LINREFX,LINREFY,XGCSWGS84,YGCSWGS84
145704,11,2,2030302,2300316,2020,12,6,4,3,6,2,2,0,1,1,0,0,0,1,801416,9314,5826074,542
145705,11,9,9010302,9100306,2020,12,7,1,3,6,7,2,0,1,1,0,0,0,1,804675,9235,5820283,736
145706,11,8,8010301,8100312,2020,12,16,7,3,6,7,1,0,1,1,0,0,0,0,801544,6569,5824044,518
145707,11,10,10030726,10300733,2020,12,23,1,3,8,1,2,0,1,0,0,0,0,1,808929,8925,5827234,764
145708,11,7,7040405,7400927,2020,12,12,5,2,5,2,0,1,0,0,0,1,0,0,798999,5141,5821688,881
145709,11,1,1011303,1100310,2020,12,14,6,3,1,5,0,1,1,0,0,0,0,0,799059,5819,5828477,148
145710,11,3,3071633,3701657,2020,12,14,3,3,0,1,0,1,0,0,0,0,0,0,800111,26,5830642,181
145711,11,4,4030623,4300622,2020,12,19,6,3,5,7,2,0,1,0,0,0,0,0,792905,8975,5826965,884
145712,11,2,2050601,2500726,2020,12,14,4,3,5,2,0,0,1,0,0,0,1,0,801868,1469,5828991,74
145713,11,7,7040403,7400824,2020,12,8,5,3,1,5,0,1,1,0,0,0,0,0,797421,2151,5821376,37
145714,11,12,12214424,12200309,2020,12,20,7,3,6,7,2,0,1,1,0,0,0,0,792545,2938,5833150,309
145715,11,5,5010310,5100312,2020,12,23,2,3,1,1,2,0,1,0,0,0,1,1,784316,2743,5830601,37
145716,11,7,7060604,7601341,2020,12,17,3,3,2,6,2,0,1,0,0,1,0,1,797006,4055,5815657,72
145717,11,8,8010301,8100311,2020,12,11,2,3,0,2,0,0,1,0,0,0,1,0,800757,2204,5824338,452
145718,11,4,4031032,4500937,2020,12,11,5,3,6,2,0,0,1,1,0,0,0,0,791756,414,5825179,925
145719,11,5,5020627,5200632,2020,12,9,7,3,0,7,0,1,0,0,0,0,0,2,785967,8654,5827981,213
145720,11,1,1011203,1100206,2020,12,17,3,3,5,2,2,1,1,0,0,0,0,0,797774,4993,5827360,366
145721,11,5,5010103,5100105,2020,12,3,3,3,1,7,2,0,1,0,0,0,1,1,784201,7221,5830726,83
145722,11,3,3071638,3701659,2020,12,10,5,3,0,3,0,0,1,0,1,0,0,1,799663,401,5829002,209
145723,11,1,1011204,1100207,2020,12,17,4,2,5,3,1,1,1,0,0,0,0,0,798084,7542,5827089,182
145724,11,3,3050923,3500934,2020,12,13,7,3,5,3,0,0,1,0,1,0,0,0,800676,9549,5831558,812
145725,11,2,2050801,2500832,2020,12,20,1,3,2,6,2,0,1,0,0,0,0,1,803393,7921,5826856,2
145726,11,8,8010213,8100208,2020,12,9,5,3,5,3,0,0,1,0,0,0,0,0,801199,9885,5822630,823
145727,11,7,7020204,7200414,2020,12,10,5,3,2,6,0,0,1,0,0,0,0,0,796647,1643,5823971,27
145728,11,12,12304313,12500930,2020,12,14,6,3,5,2,0,0,1,0,0,0,0,0,792354,2132,5834072,217
145729,11,3,3040818,3400830,2020,12,11,4,3,1,5,0,1,1,0,0,0,0,1,799176,2641,5833211,959
145730,11,5,5010101,5100101,2020,12,21,3,2,9,1,2,0,1,0,0,0,0,1,782512,5806,5831711,515
145731,11,7,7060604,7601339,2020,12,12,5,3,5,3,0,1,1,0,0,0,0,0,795649,3546,5816052,469
145732,11,6,6010205,6100205,2020,12,15,5,2,0,7,1,0,1,0,0,0,0,0,795759,172,5819912,352
145733,11,2,2020204,2200210,2020,12,19,7,3,2,7,2,0,1,0,0,0,0,0,798320,5052,5825154,293
145734,11,6,6020303,6200313,2020,12,13,1,3,5,2,0,1,0,0,0,0,1,0,795367,89,5818451,713
145735,11,4,4051655,4501153,2020,12,17,3,3,2,6,2,0,1,0,0,0,0,0,793923,5846,5823380,325
145736,11,3,3040512,3400619,2020,12,19,2,3,2,6,2,0,1,0,0,0,0,1,795880,3285,5835412,334
145737,11,9,11051332,11501341,2020,12,7,5,3,5,3,0,1,1,0,0,0,0,0,806095,7342,5823425,66
145738,11,11,11041128,11401136,2020,12,22,6,3,1,5,2,0,1,0,0,0,0,1,805388,8225,5826063,808
145739,11,1,1011102,1100102,2020,12,16,7,3,5,3,2,0,1,0,0,0,0,0,795160,796,5827088,833
145740,11,6,6010205,6100205,2020,12,14,4,3,6,3,0,0,1,1,0,0,0,0,795839,2629,5819911,242
145741,11,4,4041240,4400831,2020,12,15,5,3,6,7,1,0,1,1,0,0,0,0,791013,9139,5822618,202
145742,11,2,2010103,2100104,2020,12,12,6,3,0,1,0,1,0,0,0,0,0,0,799382,328,5826176,774
145743,11,8,8010303,8100314,2020,12,15,7,3,2,7,0,1,1,0,0,0,1,0,800665,6235,5824349,31
145744,11,2,2020203,2200208,2020,12,16,2,3,6,4,2,0,1,1,0,0,0,0,797551,5877,5824997,79
145745,11,10,10040933,10400941,2020,12,12,7,3,5,3,0,0,1,0,0,0,0,1,813230,8994,5826100,407
145746,11,4,4051655,4501153,2020,12,18,4,3,5,2,2,1,1,0,0,0,0,0,793922,8437,5823115,454
145747,11,4,4020310,4200308,2020,12,0,7,3,2,6,2,0,1,0,0,0,0,0,790388,6314,5827325,538
145748,11,1,1011401,1100415,2020,12,17,5,3,1,5,2,1,1,0,0,0,0,1,798250,5221,5829362,96
145749,11,5,5010310,5100312,2020,12,7,6,3,6,4,1,0,1,1,0,0,0,0,784751,9007,5830479,639
145750,11,8,8040933,8401139,2020,12,19,7,3,5,3,2,0,1,0,0,0,0,0,803003,6507,5819367,44
145751,11,11,11040926,11400930,2020,12,22,2,3,5,3,2,0,1,0,1,0,0,1,806132,5315,5826846,749
145752,11,4,4030931,4501042,2020,12,18,3,3,2,6,2,0,1,0,0,0,0,0,793927,4108,5826070,959
145753,11,10,10030727,10300734,2020,12,15,4,3,6,4,1,0,1,1,0,0,0,0,809586,2396,5826508,407
145754,11,10,10040933,10400941,2020,12,7,4,3,5,3,0,1,1,0,0,0,0,0,813013,9905,5826282,433
145755,11,12,12214125,12200412,2020,12,19,7,2,5,3,2,0,1,0,1,0,0,0,790820,6681,5833708,88
145756,11,9,9051702,9501737,2020,12,13,7,3,0,1,0,1,0,0,0,0,0,1,814192,5001,5820825,924
145757,11,3,11030618,11300618,2020,12,17,2,3,6,2,2,0,1,1,0,0,0,0,802334,7234,5829185,551
145758,11,4,4031032,4500937,2020,12,23,4,3,2,6,2,0,1,0,0,0,0,0,791824,8364,5825187,372
145759,11,10,10040830,10400837,2020,12,11,6,3,2,2,0,0,1,0,0,1,0,1,811369,701,5824542,335
145760,11,5,4020310,4200308,2020,12,13,7,3,2,6,0,0,1,0,0,0,0,0,788124,606,5827856,551
145761,11,1,1011303,1100310,2020,12,13,5,3,5,2,0,1,1,0,0,0,0,0,799461,8408,5828801,812
145762,11,7,7020202,7200308,2020,12,22,5,3,5,3,2,1,1,0,0,0,0,0,794931,754,5823924,24
145763,11,1,1011103,1100103,2020,12,18,7,3,5,3,2,0,1,0,0,0,0,0,795330,3841,5826165,94
145764,11,10,10010309,10100312,2020,12,13,2,3,5,2,0,0,1,0,0,0,1,1,808204,3587,5829233,906
145765,11,8,8020728,8200833,2020,12,14,3,3,0,6,0,0,0,0,0,0,1,0,802037,272,5817642,632
145766,11,12,12214422,12200310,2020,12,20,4,3,5,2,2,0,1,0,0,0,0,0,792212,6263,5833127,776
145767,11,5,5010311,5100313,2020,12,7,4,2,6,4,1,0,0,1,0,0,1,1,785398,7099,5830322,82
145768,11,3,3010102,3100102,2020,12,12,7,2,5,2,0,1,1,0,0,0,0,1,805482,5842,5840992,987
145769,11,9,9020701,9200715,2020,12,19,7,3,5,3,2,0,1,0,0,0,1,0,807712,8946,5818737,603
145770,11,7,7040403,7400823,2020,12,8,2,3,5,3,0,0,1,0,0,0,0,1,797288,8942,5821215,686
145771,11,11,11010206,11100205,2020,12,15,3,3,8,1,0,0,1,0,0,0,0,0,805719,518,5833795,62
145772,11,12,12224230,12400619,2020,12,18,4,3,2,2,2,1,1,0,0,0,0,0,787085,5622,5837212,123
145773,11,8,8010303,8100314,2020,12,11,4,3,5,2,0,1,1,0,0,0,0,0,800362,902,5824329,109
145774,11,8,8041039,8401245,2020,12,12,7,3,5,7,0,0,1,0,0,0,1,0,806616,1448,5815495,815
145775,11,4,4030620,4300619,2020,12,11,7,3,2,6,0,0,1,0,0,0,0,0,792418,9722,5827202,468
145776,11,12,12214527,12200515,2020,12,12,2,3,6,7,0,0,1,1,0,0,0,0,790187,4706,5835164,28
145777,11,5,5030731,5300737,2020,12,17,4,3,2,6,2,0,1,0,0,0,0,0,787987,6338,5829752,198
145778,11,1,1011303,1100310,2020,12,6,6,3,5,2,2,0,1,0,0,0,1,1,799234,9583,5828467,659
145779,11,8,8041037,8401243,2020,12,11,7,3,2,6,0,0,1,0,0,0,0,1,805659,8188,5818709,445
145780,11,2,2030302,2300315,2020,12,9,4,3,5,3,0,1,0,0,1,0,0,1,800427,2514,5825787,811
145781,11,10,10040829,10400836,2020,12,16,5,3,1,5,2,0,1,0,0,0,0,0,812209,9764,5827781,577
145782,11,5,5020627,5200632,2020,12,17,7,3,5,2,2,1,0,0,0,0,1,0,785661,2618,5828039,288
145783,11,11,11030720,11300721,2020,12,11,2,3,2,6,0,0,1,0,0,0,0,1,804624,2579,5829928,227
145784,11,8,8020622,8200726,2020,12,9,3,3,6,3,1,0,1,1,0,0,0,0,801501,8032,5820457,821
145785,11,5,5010101,5100101,2020,12,13,4,3,8,1,0,0,1,1,0,0,0,0,785360,5939,5833317,92
145786,11,10,10010204,10100206,2020,12,21,4,2,5,3,2,0,1,0,0,0,1,0,809672,9005,5833230,187
145787,11,3,3051017,3501037,2020,12,17,7,3,2,6,1,0,1,0,0,0,0,0,802085,285,5832801,782
145788,11,2,3061441,3601453,2020,12,14,7,2,6,7,0,0,1,1,0,0,0,0,802254,8308,5828498,497
145789,11,4,4030931,4501042,2020,12,14,1,3,2,6,0,0,1,0,0,0,0,0,793597,853,5825768,375
145790,11,9,9041601,9401635,2020,12,16,4,2,5,2,0,0,1,0,1,0,0,0,816634,736,5817412,387
145791,11,4,4051653,4501152,2020,12,15,5,3,5,2,1,1,1,0,0,0,0,0,793975,216,5824716,9
145792,11,7,7020201,7200307,2020,12,15,6,3,5,3,1,1,1,0,0,0,0,0,794938,5393,5824465,559
145793,11,1,1022104,1200519,2020,12,1,4,2,9,1,2,0,1,0,0,0,0,0,794048,8321,5828476,113
145794,11,1,1011102,1100102,2020,12,17,4,3,5,2,2,1,1,0,0,0,0,0,796575,9464,5827796,889
145795,11,5,5010313,5100315,2020,12,16,6,3,5,3,2,0,1,0,0,0,1,1,785001,4476,5829895,208
145796,11,4,4020314,4200311,2020,12,15,6,3,5,3,0,0,1,0,1,0,0,0,790028,3938,5825234,439
145797,11,2,2020202,2200208,2020,12,19,4,3,0,2,2,1,1,0,0,0,0,0,797795,9821,5825296,93
145798,11,1,1011204,1100207,2020,12,19,5,3,5,2,2,1,1,0,0,0,0,0,798616,7825,5826998,242
145799,11,12,12224230,12400618,2020,12,11,7,3,5,3,0,0,1,0,0,0,0,0,787304,545,5837833,92
145800,11,3,3061434,3601451,2020,12,10,2,3,0,1,0,0,0,0,1,0,0,1,801257,4025,5829571,575
145801,11,9,9030903,9300923,2020,12,18,3,3,0,3,2,1,1,0,0,0,0,0,808511,952,5815228,26
145802,11,2,2040503,2400522,2020,12,0,3,2,0,1,2,1,0,0,0,0,0,0,801461,3745,5828783,111
145803,11,7,7060604,7601339,2020,12,7,4,3,6,2,1,0,1,1,0,0,0,0,795806,4565,5816015,23
145804,11,3,3061228,3601245,2020,12,15,4,2,5,2,1,1,1,0,0,0,0,1,800615,303,5831415,4
145805,11,12,12301203,12500926,2020,12,12,7,3,6,2,0,0,1,1,0,0,0,1,793858,6787,5835438,969
145806,11,10,10010204,10100206,2020,12,13,3,2,2,3,0,0,1,0,1,0,0,0,809677,1172,5833230,141
145807,11,5,5040934,5400942,2020,12,16,1,3,8,1,2,0,0,0,1,0,0,0,783894,3714,5822814,544
145808,11,5,5010206,5100208,2020,12,14,4,2,3,6,0,0,1,0,0,0,0,0,782234,273,5830523,89
145809,11,3,3061228,3601245,2020,12,13,5,3,6,7,0,0,1,1,0,0,0,0,800650,2768,5831499,547
145810,11,4,4020310,4200308,2020,12,15,3,2,2,6,0,0,0,0,1,1,0,0,790504,102,5827326,2
145811,11,3,3061227,3601244,2020,12,14,6,3,5,3,0,0,1,0,0,0,0,0,800070,7613,5831265,936
145812,11,5,5030730,5300736,2020,12,20,3,3,5,3,2,0,1,0,0,0,0,1,786318,495,5829496,437
145813,11,10,10020517,10200524,2020,12,11,4,3,6,4,0,0,1,1,0,0,0,0,812567,5989,5830322,302
145814,11,11,11051332,11501341,2020,12,16,5,3,0,3,2,0,1,0,0,0,1,0,807039,2428,5823521,97
145815,11,12,12103219,12100204,2020,12,11,7,3,6,4,0,0,1,1,0,0,0,0,794944,9566,5832817,846
145816,11,5,5020625,5200629,2020,12,13,1,3,2,6,1,0,1,0,0,0,0,0,784484,8455,5828670,842
145817,11,6,6010206,6100206,2020,12,17,2,3,0,6,2,0,0,0,0,0,1,1,794824,5075,5819798,296
145818,11,6,6040703,6400737,2020,12,13,4,2,6,7,0,0,1,1,0,0,0,0,786483,404,5818173,784
145820,11,7,7050503,7501031,2020,12,19,1,3,9,1,2,0,1,0,0,0,0,0,799098,658,5819840,188
145821,11,6,6020411,6200423,2020,12,14,3,3,3,6,0,0,1,0,0,0,0,0,793350,3564,5816259,202
145823,11,6,6020305,6200315,2020,12,6,4,3,5,2,2,1,0,0,0,0,0,0,795500,4556,5817584,375
145826,11,8,8041035,8401241,2020,12,19,1,3,5,3,2,0,1,0,0,0,0,0,804353,8052,5818309,826
145828,11,2,2040503,2400522,2020,12,18,1,3,0,1,2,0,0,0,1,0,0,0,801729,3324,5828375,256
145829,11,6,6010205,6100205,2020,12,13,5,3,5,3,0,0,1,0,0,0,0,0,794896,4267,5820032,21
145830,11,3,3020203,3200204,2020,12,15,1,3,0,1,0,0,0,0,1,0,0,1,797463,448,5838530,435
145836,11,4,4020208,4200206,2020,12,12,1,2,0,1,0,1,0,0,0,0,0,0,788917,1573,5826085,154
145838,11,8,8040933,8401139,2020,12,13,5,3,5,3,0,0,1,0,0,0,0,0,802850,7517,5818980,689
145839,11,3,3040614,3400723,2020,12,11,1,3,1,5,0,1,1,0,0,0,0,0,798809,4545,5833196,655
145843,11,8,8030830,8300935,2020,12,11,7,2,5,2,0,0,1,0,0,0,0,1,803034,586,5817411,378
145844,11,9,9031202,9301228,2020,12,14,3,2,5,2,0,1,1,0,0,0,0,1,815996,6953,5813251,822
145846,11,8,8010118,8100104,2020,12,11,4,3,2,6,0,0,1,0,0,0,1,1,800794,8243,5822672,362
145847,11,7,7010102,7100103,2020,12,19,7,3,1,7,2,0,1,0,0,0,0,1,795601,4637,5825465,727
145849,11,3,3010102,3100103,2020,12,16,7,2,4,6,2,0,1,0,0,0,0,1,804236,3383,5840172,313
145851,11,2,2030302,2300316,2020,12,14,4,3,2,6,0,0,1,0,0,0,0,1,801271,6114,5825962,695
145852,11,2,2020203,2200209,2020,12,17,7,3,0,2,2,0,1,0,1,0,0,1,797749,969,5824024,579
145856,11,9,9020501,9200510,2020,12,11,7,2,5,3,0,1,1,0,0,0,0,0,806764,1912,5823073,38
145857,11,4,4041343,4400834,2020,12,8,3,3,0,1,0,1,0,0,0,0,0,1,792744,4945,5823121,994
145859,11,8,8010303,8100314,2020,12,16,4,3,5,7,1,0,1,0,1,0,0,1,800513,6125,5824244,442
145862,11,3,3040512,3400619,2020,12,21,6,3,2,6,2,0,1,0,0,0,1,0,795637,7202,5835644,41
145868,11,12,12302109,12601133,2020,12,13,6,3,5,3,0,0,1,0,0,0,0,1,795248,999,5836596,15
145869,11,7,7050505,7501134,2020,12,11,3,3,2,6,0,0,1,0,0,0,0,1,798923,384,5817260,717
145871,11,9,9010301,9100304,2020,12,17,4,3,5,3,2,0,1,0,0,0,0,1,804391,9703,5821738,482
145874,11,7,7050501,7501029,2020,12,13,6,3,5,3,0,0,1,0,0,0,0,1,797120,6329,5819637,384
145876,11,4,4010101,4100101,2020,12,20,5,3,6,7,2,0,1,0,0,0,1,1,789705,9823,5830100,372
145877,11,1,1022206,1200628,2020,12,14,5,2,5,3,0,0,1,0,1,0,0,0,796228,537,5828214,785
145878,11,2,2020204,2200210,2020,12,23,5,3,6,2,2,0,1,1,0,0,0,1,798302,9792,5825320,416
145879,11,1,1044203,1401049,2020,12,15,5,3,5,2,1,0,1,0,0,0,0,1,795897,9289,5831964,787
145880,11,6,6020409,6200421,2020,12,19,5,2,6,4,2,0,1,1,0,0,0,1,794016,9967,5817439,526
145881,11,6,6010102,6100102,2020,12,14,5,3,2,6,1,0,1,0,0,0,0,1,793736,8238,5820562,811
145883,11,6,6020410,6200422,2020,12,12,4,2,0,7,0,0,1,0,0,0,1,0,793957,4385,5816401,216
145887,11,9,9020501,9200510,2020,12,11,5,3,2,6,0,1,1,0,0,0,0,1,806453,6447,5822230,835
145889,11,2,2020204,2200210,2020,12,11,5,3,5,3,0,0,1,0,0,0,0,1,798538,4278,5825338,883
145890,11,8,8020625,8200730,2020,12,10,5,3,6,7,0,0,1,1,0,0,0,0,801371,2677,5819263,224
145896,11,5,5030730,5300736,2020,12,9,5,3,5,2,1,0,1,0,0,0,0,1,785968,252,5829213,246
145898,11,8,8041036,8401242,2020,12,11,4,3,5,3,0,0,1,0,0,0,0,1,804467,339,5816947,678
145899,11,1,1044103,1400942,2020,12,6,5,3,2,6,2,0,1,0,0,0,1,1,794510,8682,5830653,491
145903,11,12,12214527,12200515,2020,12,14,4,3,1,5,0,0,1,0,0,0,1,1,790263,5947,5835404,192
145904,11,7,7020201,7200307,2020,12,8,3,2,0,1,0,1,0,0,0,0,0,1,794643,761,5824206,43
145907,11,8,8041038,8401244,2020,12,17,4,3,6,2,2,0,1,1,0,0,0,1,805730,7368,5816804,39
145908,11,2,2020206,2200213,2020,12,18,2,3,2,3,2,1,1,0,0,0,0,1,799458,8188,5825113,187
145910,11,4,4030725,4300416,2020,12,9,4,3,1,5,0,1,1,0,0,0,0,0,791472,1311,5825768,337
145913,11,9,9010301,9100305,2020,12,9,3,3,6,2,0,0,1,1,0,0,0,1,805021,8125,5822711,57
145916,11,4,4030623,4300622,2020,12,17,4,2,6,4,2,0,0,1,0,0,1,1,793511,1939,5826497,53
145917,11,8,8010301,8100312,2020,12,17,2,3,2,7,2,1,1,0,0,0,0,1,800809,9786,5824318,934
145919,11,9,9020501,9200510,2020,12,14,4,3,5,3,0,1,1,0,0,0,0,0,806408,9744,5822969,563
145920,11,6,6020306,6200317,2020,12,8,3,3,0,1,0,1,0,0,0,0,0,2,795501,9004,5816531,304
145923,11,4,4030519,4300518,2020,12,16,4,3,5,3,2,1,1,0,0,0,0,1,792655,7978,5828265,291
145924,11,11,11041128,11401135,2020,12,9,3,2,0,1,0,1,0,0,0,0,0,2,805526,1532,5825987,617
145927,11,12,12214424,12200309,2020,12,17,4,3,0,7,2,1,0,0,0,0,0,1,793567,4892,5832349,22
145929,11,2,2020203,2200207,2020,12,17,4,3,1,5,2,1,1,0,0,0,0,1,797249,348,5824832,5
145930,11,10,10010206,10100209,2020,12,19,5,3,4,6,2,0,1,0,0,0,0,1,809943,5709,5831844,705
145931,11,4,4030518,4300517,2020,12,12,4,3,1,5,0,0,1,0,1,0,0,0,791762,7223,5827894,626
145933,11,9,9052001,9502042,2020,12,9,3,3,1,1,0,1,1,0,0,0,0,2,811638,7711,5822308,428
145936,11,8,8030831,8301037,2020,12,12,4,3,6,7,0,0,0,1,0,0,1,0,804252,1735,5817467,482
145939,11,9,9051901,9501941,2020,12,13,4,3,5,3,0,0,1,0,0,0,0,0,811518,2663,5821159,216
145941,11,4,4010101,4100101,2020,12,13,5,3,0,5,0,0,1,0,1,0,0,1,790504,654,5829527,295
145942,11,1,1044201,1401045,2020,12,20,4,3,6,4,2,0,1,1,0,0,0,1,796684,2246,5831671,121
145944,11,6,6010101,6100101,2020,12,8,3,3,0,1,0,1,0,0,0,0,0,2,793375,724,5820359,478
145947,11,3,3040614,3400723,2020,12,11,4,3,2,6,0,0,1,0,0,0,1,0,799743,3863,5834151,605
145948,11,11,11030721,11300722,2020,12,14,2,3,2,6,0,0,1,0,0,0,0,0,803837,7289,5828352,135
145950,11,5,5010313,5100315,2020,12,11,4,2,5,2,0,1,1,0,0,0,0,0,784285,3293,5830350,934
145951,11,7,7030301,7300517,2020,12,19,4,3,6,2,2,0,1,1,0,0,0,1,794233,808,5822022,497
145954,11,8,8010404,8100415,2020,12,0,5,2,1,5,2,0,1,0,0,0,1,1,801646,1581,5823520,55
145955,11,3,3040614,3400724,2020,12,11,4,3,0,3,0,1,0,0,1,0,0,0,799629,7976,5834276,921
145959,11,6,6010102,6100102,2020,12,19,4,3,5,3,2,1,1,0,0,0,0,1,793425,588,5820368,851
145960,11,9,9041601,9401635,2020,12,10,2,3,3,6,0,1,1,0,0,0,0,1,816999,1231,5817100,618
145962,11,9,9010202,9100203,2020,12,15,4,2,6,7,0,0,1,1,0,0,0,0,804303,8422,5824057,772
145963,11,3,3030711,3300514,2020,12,8,3,3,5,2,0,1,1,0,0,0,0,1,801363,9553,5836890,258
145966,11,7,7060603,7601238,2020,12,1,3,3,0,7,2,0,1,0,0,0,0,1,798349,6728,5815901,221
145971,11,1,1044201,1401045,2020,12,9,4,3,3,6,0,1,0,0,0,0,0,0,796617,6077,5831922,593
145972,11,1,1022201,1200623,2020,12,19,2,3,6,2,2,0,1,1,0,0,0,1,794702,9028,5829216,857
145974,11,8,8020620,8200624,2020,12,17,4,3,6,4,2,0,1,1,0,0,0,1,801155,7301,5820603,345
145977,11,11,11030619,11300620,2020,12,18,4,3,6,2,2,0,1,1,0,0,0,1,803576,3762,5829742,95
145979,11,2,2020205,2200211,2020,12,17,4,3,6,4,2,0,1,1,0,0,0,1,798452,9178,5824235,11
145980,11,7,7040401,7400720,2020,12,18,5,3,5,2,2,0,1,0,0,0,0,0,797450,7306,5823742,589
145981,11,11,11030618,11300617,2020,12,17,4,3,2,6,2,0,1,0,0,0,0,1,803095,2354,5829557,71
145983,11,7,7010102,7100102,2020,12,22,3,3,0,2,2,0,1,0,1,0,0,0,795511,2352,5825415,455
145984,11,7,7010101,7100101,2020,12,17,4,3,5,2,2,0,1,0,0,0,0,1,794969,3992,5824905,594
145986,11,9,9020702,9200717,2020,12,13,4,3,5,3,0,0,1,0,1,0,0,0,809468,2081,5819065,976
145990,11,2,2040703,2400625,2020,12,16,3,2,7,7,2,0,0,0,1,0,0,1,801660,7978,5826093,283
145992,11,1,1044101,1400937,2020,12,12,5,3,5,3,0,0,1,0,0,0,0,0,793809,2657,5831756,838
145993,11,10,10010102,10100102,2020,12,13,3,3,3,2,0,0,1,0,0,0,0,1,809784,2851,5834074,505
145997,11,4,4020311,4200310,2020,12,14,3,3,5,2,0,1,1,0,0,0,0,0,789455,2251,5826669,203
146000,11,5,5010314,5100316,2020,12,11,3,3,2,6,0,0,1,0,0,0,0,1,785229,961,5828878,427
146002,11,12,12302108,12601134,2020,12,16,4,3,6,4,2,0,1,1,0,0,0,0,794112,7067,5836506,825
146003,11,9,9010302,9100306,2020,12,11,3,3,2,2,0,0,1,0,0,0,1,1,805463,4595,5820482,313
146005,11,8,8010508,8100520,2020,12,18,3,3,6,2,2,0,1,1,0,0,0,1,803180,4583,5822713,374
146008,11,2,2010101,2100101,2020,12,10,3,3,5,3,0,0,1,0,1,0,0,1,797385,4375,5826186,394
146009,11,9,9051801,9501838,2020,12,17,2,3,0,7,2,0,1,0,0,0,0,1,821466,8666,5819424,84
146011,11,1,1011305,1100312,2020,12,16,4,3,5,3,2,1,1,0,0,0,0,1,798854,8129,5826652,628
146013,11,10,10040830,10400837,2020,12,13,2,3,0,1,0,1,0,0,0,0,0,0,810592,7372,5825381,67
146015,11,1,1033203,1300836,2020,12,11,4,2,5,3,0,1,1,0,0,0,0,1,796933,117,5830174,72
146020,11,1,1044201,1401045,2020,12,9,3,3,2,6,0,0,1,0,0,0,0,1,796668,4697,5831665,994
146021,11,9,9010402,9100409,2020,12,1,2,3,9,1,2,0,1,0,0,0,0,1,806810,4659,5818190,466
146023,11,6,6030503,6300527,2020,12,17,4,3,5,2,2,1,0,0,0,0,1,0,790367,8814,5818263,246
146027,11,6,6040810,6400844,2020,12,8,3,2,6,2,2,0,1,1,0,0,0,1,790147,5761,5819783,746
146029,11,8,8041035,8401241,2020,12,2,3,3,0,1,2,0,0,0,1,0,0,1,804724,8286,5818425,36
146031,11,3,3030715,3300516,2020,12,19,3,3,6,4,2,0,1,1,0,0,0,1,801168,4233,5833191,38
146032,11,1,1011202,1100206,2020,12,22,5,3,1,5,2,1,0,0,0,0,1,1,797834,2306,5827734,85
146033,11,11,11030619,11300620,2020,12,19,3,2,2,6,2,0,1,0,0,0,0,1,804119,3983,5829830,712
146035,11,4,4030930,4501041,2020,12,11,3,3,2,6,0,1,1,0,0,0,0,1,793305,2281,5825667,39
146038,11,6,6020306,6200317,2020,12,17,3,3,0,6,2,0,1,0,1,0,0,0,796359,4812,5816732,163
146040,11,3,3030406,3300413,2020,12,9,5,3,5,2,0,1,1,0,0,0,0,1,803228,7908,5838050,196
146041,11,7,7010104,7100205,2020,12,17,3,3,5,3,2,0,1,0,0,0,0,1,796358,6572,5825091,38
146044,11,3,3051021,3501038,2020,12,13,5,3,5,3,0,1,1,0,0,0,0,0,803555,86,5832303,912
146045,11,3,3020307,3200308,2020,12,17,3,3,6,2,2,0,1,1,0,0,0,1,799228,7592,5837644,425
146049,11,10,10020415,10200422,2020,12,16,3,2,0,7,2,0,1,0,0,0,0,1,812061,3221,5831698,35
146051,11,7,7040403,7400823,2020,12,11,4,3,5,2,0,0,1,0,0,0,1,1,797358,5219,5821998,958
146052,11,1,3071536,3701556,2020,12,16,3,3,2,6,2,0,1,0,0,0,0,1,799079,6971,5829018,851
146058,11,2,2010104,2100106,2020,12,16,3,3,6,4,2,0,1,1,0,0,0,1,799823,1555,5825723,82
146059,11,2,2020203,2200209,2020,12,3,1,3,5,2,2,0,1,0,0,0,0,0,797507,6146,5824015,479
146061,11,7,7040403,7400823,2020,12,7,4,3,6,2,1,0,1,1,0,0,0,1,797339,7447,5821935,194
146062,11,12,12231101,12400722,2020,12,17,3,3,5,3,2,0,1,0,0,0,0,1,791814,8333,5837953,171
146065,11,1,1011306,1100313,2020,12,14,3,3,5,3,0,0,1,0,0,0,1,0,799900,8048,5826514,725
146068,11,1,1011204,1100207,2020,12,16,3,3,6,2,2,0,1,1,0,0,0,1,797982,8966,5826897,222
146070,11,1,1033101,1300732,2020,12,14,4,3,2,2,0,0,1,0,0,1,0,0,797307,1285,5832290,574